trophospecies_id,n_lumped,sp_name,guild,guild_1,guild_2,sp_id,higher_taxon,certainty,habitat,animal,terr,aqu,original_sp_id
1,1,detritus,detritus,organics,,1,detritus,3,3,0,1,1,1
2,1,dead animal material,detritus,organics,,2,carrion,3,3,0,1,1,2
3,1,Enterobacteriaceae,chemotroph ,chemotroph,,3,gram-negative bacteria,2,1,0,1,0,4
4,1,iron bacteria,chemotroph ,chemotroph,,4,gram-negative bacteria,3,3,0,1,1,5
5,1,nitrate-reducing bacteria,chemotroph ,chemotroph,,5,gram-negative bacteria,2,3,0,1,1,7
6,1,iron-reducing bacteria,chemotroph ,chemotroph,,6,gram-negative bacteria,2,3,0,1,1,8
7,1,manganese-reducing bacteria,chemotroph ,chemotroph,,7,gram-negative bacteria,2,3,0,1,1,9
8,1,rods,chemotroph ,chemotroph,,8,?gram-negative bacteria,3,3,0,1,1,10
9,1,coccibacilli,chemotroph ,chemotroph,,9,gram-negative/positive bacteria,3,3,0,1,1,11
10,1,coccoid bacteria,chemotroph ,chemotroph,,10,gram-positive bacteria,3,3,0,1,1,13
11,1,curved rod bacteria,chemotroph ,chemotroph,,11,gram-positive bacteria,3,3,0,1,1,14
12,1,Pseudmonadiaceae-like bacteria,heterotroph ,heterotroph,,12,Proteobacteria-alpha,2,3,0,1,1,16
13,1,phosphate-reducing bacteria,chemotroph ,chemotroph,,13,Proteobacteria-alpha,3,3,0,1,1,17
14,1,nitrite-oxidizing bacteria,chemotroph ,chemotroph,,14,Proteobacteria-beta,2,3,0,1,1,18
15,1,methanogens,heterotroph ,heterotroph,,15,Proteobacteria-beta/gamma,2,3,0,1,1,19
16,1,sulfur-oxidizing bacteria,chemotroph ,chemotroph,,16,Proteobacteria-gamma,2,3,0,1,1,20
17,1,gram-positive anaerobes (?clostridia),chemotroph ,chemotroph,,17,Proteobacteria-gamma,3,3,0,1,1,21
18,1,Zygnemataceae (Ovoidites sp.),autotroph ,autotroph,,18,Zygnematales,1,3,0,1,1,29
19,1,Botryococcaceae (Botryococcus sp.),myxotroph ,myxotroph,,19,Chlorococcales,3,3,0,1,1,30
20,1,Botryococcaceae (Tetraedron sp.),myxotroph ,myxotroph,,20,Chlorococcales,3,3,0,1,1,31
21,1,Dicranaceae (Dicranites†),autotroph ,autotroph,,21,Dicraniales,1,3,0,1,1,34
22,1,Jungermanniaceae (cf. Frullania),autotroph ,autotroph,,22,Jungermanniales,1,1,0,1,0,35
23,1,Muscites†,autotroph ,autotroph,,23,Muscales,3,1,0,1,0,36
24,1,Selaginellaceae (gen. et sp. indet.),autotroph ,autotroph,,24,Lycopodiales,3,1,0,1,0,37
25,1,Selaginellaceae (Selaginella sp.),autotroph ,autotroph,,25,Lycopodiales,3,1,0,1,0,38
26,1,?Marattiaceae (gen. et sp. indet.),autotroph ,autotroph,,26,Filicales,2,1,0,1,0,39
27,1,Lygodiaceae (Lygodium kaulfussi and Leiotriletes maxoides),autotroph ,autotroph,,27,Filicales,3,1,0,1,0,40
28,1,Osmundaceae (Osmunda lignitum and Baculatisporites primarius),autotroph ,autotroph,,28,Filicales,3,1,0,1,0,41
29,1,Adiantaceae (Acrostichum sp.),autotroph ,autotroph,,29,Filicales,3,1,0,1,0,42
30,1,Polypodiaceae (Laevigatosporites discordatus),autotroph ,autotroph,,30,Filicales,3,1,0,1,0,43
31,1,Polypodiaceae (Laevigatosporites haardtii),autotroph ,autotroph,,31,Filicales,3,1,0,1,0,44
32,1,Polypodiaceae (Verrucatosphorites tenellis),autotroph ,autotroph,,32,Filicales,3,1,0,1,0,45
33,1,Polypodiaceae (Rumohra recentior),autotroph ,autotroph,,33,Filicales,3,1,0,1,0,46
34,1,Polypodiaceae (gen. et sp. indet.),autotroph ,autotroph,,34,Filicales,3,1,0,1,0,47
35,1,Polypodiaceae (Polypodiaceoisporites lusaticus),autotroph ,autotroph,,35,Filicales,3,1,0,1,0,48
36,1,Polypodiaceae (Verrucatosporites favus),autotroph ,autotroph,,36,Filicales,3,1,0,1,0,49
37,1,Polypodiaceae (Verrucatosporites undulatus),autotroph ,autotroph,,37,Filicales,2,1,0,1,0,50
38,1,Schizaeaceae (Ruffordia subcretacea and Cicatricosisporites paradorogensis),autotroph ,autotroph,,38,Filicales,3,1,0,1,0,51
39,1,Schizaeaceae (Lygodium kaulfussi),autotroph ,autotroph,,39,Filicales,3,1,0,1,0,52
40,1,Schizaeaceae (Lygodium microadriennis),autotroph ,autotroph,,40,Filicales,3,1,0,1,0,53
41,1,Schizaeaceae (Schizaea sp.),autotroph ,autotroph,,41,Filicales,3,1,0,1,0,54
42,1,Blechnaceae (gen. et sp. indet.),autotroph ,autotroph,,42,Filicales,3,1,0,1,0,55
43,1,Gleicheniaeae (gen. et sp. indet.),autotroph ,autotroph,,43,Filicales,3,1,0,1,0,56
44,1,Parkeriaceae (gen. et sp. indet.),autotroph ,autotroph,,44,Filicales,3,1,0,1,0,57
45,1,Cephalotaxaceae (Cephalotaxus cf. messelensis),autotroph ,autotroph,,45,Coniferales,3,1,0,1,0,58
46,1,Cupressaceae (Cupressacites insulipapillatus),autotroph ,autotroph,,46,Coniferales,3,1,0,1,0,59
47,1,Cupressaceae (Libocedrites salicorniodes),autotroph ,autotroph,,47,Coniferales,3,1,0,1,0,60
48,1,Cupressaceae (Sciadopitys sp.),autotroph ,autotroph,,48,Coniferales,3,1,0,1,0,61
49,1,Cupressaceae (Glyptostrobus sp.),autotroph ,autotroph,,49,Coniferales,3,1,0,1,0,62
50,1,Cupressaceae (Inaperturopollenites concedipites),autotroph ,autotroph,,50,Coniferales,3,1,0,1,0,63
51,1,Cupressaceae (Doliostrobus sp.),autotroph ,autotroph,,51,Coniferales,3,1,0,1,0,64
52,1,Cupressaceae (Sciadopityoideae),autotroph ,autotroph,,52,Coniferales,3,1,0,1,0,65
53,1,Pinaceae (Pityosporites microalatus ),autotroph ,autotroph,,53,Coniferales,3,1,0,1,0,66
54,1,Pinaceae (Pityosporites labdacus ),autotroph ,autotroph,,54,Coniferales,3,1,0,1,0,67
55,1,Ephedraceae (Ephedripites eocenipites),autotroph ,autotroph,,55,Gnetales,3,1,0,1,0,68
56,1,Araceae (sp. indet. 1),autotroph ,autotroph,,56,Alismatales,3,1,0,1,0,70
57,1,Araceae (sp. indet. 2),autotroph ,autotroph,,57,Alismatales,3,1,0,1,0,72
58,1,Araceae (sp. indet. 3),autotroph ,autotroph,,58,Alismatales,3,1,0,1,0,73
59,1,Smilacaceae (cf. Smilax sp.),autotroph ,autotroph,,59,Liliales,3,1,0,1,0,74
60,1,Pandanaceae (gen. et sp. indet.),autotroph ,autotroph,,60,Pandanales,3,1,0,1,0,75
61,1,Arecaceae (Monocolpopollenites tranquillus),autotroph ,autotroph,,61,Arecales,3,1,0,1,0,76
62,1,Arecaceae (Phoenicites sp.),autotroph ,autotroph,,62,Arecales,3,1,0,1,0,77
63,1,Arecaceae (cf. Arecoideae: flower type A),autotroph ,autotroph,,63,Arecales,3,1,0,1,0,78
64,1,Arecaceae (cf. Lepidocaryoideae: pinnate leaf),autotroph ,autotroph,,64,Arecales,3,1,0,1,0,79
65,1,Arecaceae (flower type B),autotroph ,autotroph,,65,Arecales,3,1,0,1,0,80
66,1,Arecaceae (Sabalitides sp.),autotroph ,autotroph,,66,Arecales,3,1,0,1,0,81
67,1,Cyclanthaceae (gen. et sp. indet.),autotroph ,autotroph,,67,Arecales,3,1,0,1,0,82
68,1,Typhaceae (gen. et sp. indet.),autotroph ,autotroph,,68,Typhales,3,3,0,1,1,83
69,1,Sparaganiaceae (Sparganiaceaepollenites sp. 1),autotroph ,autotroph,,69,Typhales,3,3,0,1,1,84
70,1,Sparaganiaceae (Sparganiaceaepollenites sp. 2),autotroph ,autotroph,,70,Typhales,3,3,0,1,1,85
71,1,Cyperaceae (Caricoidea sp.),autotroph ,autotroph,,71,Juncales,3,1,0,1,0,86
72,1,Cyperaceae (gen. et sp. indet.),autotroph ,autotroph,,72,Juncales,2,1,0,1,0,87
73,1,Restoniaceae (Milfordia hungarica),autotroph ,autotroph,,73,Poales,3,1,0,1,0,88
74,1,Restoniaceae (Milfordia incerta),autotroph ,autotroph,,74,Poales,3,1,0,1,0,89
75,1,Zingiberaceae (gen. et sp. indet.),autotroph ,autotroph,,75,Zingiberales,3,3,0,1,1,90
76,1,Magnoliaceae (sp. indet. 1),autotroph ,autotroph,,76,Magnoliales,3,1,0,1,0,91
77,1,Magnoliaceae (sp. indet. 2),autotroph ,autotroph,,77,Magnoliales,3,1,0,1,0,92
78,1,Annonaceae (gen. et sp. indet.),autotroph ,autotroph,,78,Magnoliales,3,1,0,1,0,93
79,1,Chloranthaceae (Emmapollis pseudoemmaensis),autotroph ,autotroph,,79,Laurales,3,1,0,1,0,94
80,1,Lauraceae (cf. Laurophyllum lanigeroides†),autotroph ,autotroph,,80,Laurales,3,1,0,1,0,95
81,1,Lauraceae (cf. Daphnogene†),autotroph ,autotroph,,81,Laurales,3,1,0,1,0,96
82,1,Lauraceae (gen. et sp. indet),autotroph ,autotroph,,82,Laurales,3,1,0,1,0,97
83,1,Illiciaceae (gen. et sp. indet.),autotroph ,autotroph,,83,Illiciales,3,1,0,1,0,98
84,1,Menispermaceae (Tinospora sp.),autotroph ,autotroph,,84,Ranunculales,3,1,0,1,0,99
85,1,Menispermaceae (gen. et sp. indet.),autotroph ,autotroph,,85,Ranunculales,3,1,0,1,0,100
86,1,Berberidaceae (gen et sp. indet.),autotroph ,autotroph,,86,Ranunculales,3,1,0,1,0,101
87,1,Sargentodoxaceae (cf. Sargentodoxa sp.),autotroph ,autotroph,,87,Ranunculales,3,1,0,1,0,102
88,1,Eucommiaceae ( Eucommia and Tricolpopollenites parmularius ),autotroph ,autotroph,,88,Eucommiales,3,1,0,1,0,103
89,1,Buxaceae (gen et sp. indet).,autotroph ,autotroph,,89,Proteales',3,1,0,1,0,104
90,1,Platanaceae (cf. Platanus),autotroph ,autotroph,,90,Proteales,3,1,0,1,0,105
91,1,Vitaceae† gen. et sp. indet.,autotroph ,autotroph,,91,Vitales,3,1,0,1,0,106
92,1,Vitaceae (Vitis sp. and ?Tricolporopollenites marcodurensis),autotroph ,autotroph,,92,Vitales,3,1,0,1,0,107
93,1,Vitaceae Tetrastigma sp.),autotroph ,autotroph,,93,Vitales,3,1,0,1,0,108
94,1,Vitaceae (Cissus sp.),autotroph ,autotroph,,94,Vitales,3,1,0,1,0,109
95,1,Vitaceae (Ampelopsis sp.),autotroph ,autotroph,,95,Vitales,3,1,0,1,0,110
96,1,Rhamnaceae (Tricolporopollenites sp.),autotroph ,autotroph,,96,Vitales,3,1,0,1,0,111
97,1,Nyctaginaceae (gen. et sp. indet.),autotroph ,autotroph,,97,Caryophyllales,3,1,0,1,0,112
98,1,Cercidiphyllaceae (Cercidiphyllum sp.),autotroph ,autotroph,,98,Saxifragales,3,1,0,1,0,113
99,1,Hamamelidaceae (Compositioipollenites rhizophorus),autotroph ,autotroph,,99,Saxifragales,3,1,0,1,0,114
100,1,?Hamamelidaceae (Labrapollis labraferus),autotroph ,autotroph,,100,Saxifragales,3,1,0,1,0,115
101,1,Olacaceae (Olaxipollis matthesii ),autotroph ,autotroph,,101,Santalales,3,1,0,1,0,116
102,1,Loranthaceae (Gothanipollis gothanii),epiphyte ,epiphyte,,102,Santalales,3,1,0,1,0,117
103,1,Staphyleaceae (Tapiscia sp.),autotroph ,autotroph,,103,Geraniales,3,1,0,1,0,118
104,1,Icacinaceae (Stemonurus sp.),autotroph ,autotroph,,104,Celastrales,3,1,0,1,0,119
105,1,Icacinaceae (Compositoipollenites rhizophorus),autotroph ,autotroph,,105,Celastrales,3,1,0,1,0,120
106,1,Icacinaceae (Compositopollenites minimus),autotroph ,autotroph,,106,Celastrales,3,1,0,1,0,121
107,1,Malpighiaceae (Tetrapteris sp.),autotroph ,autotroph,,107,Malpighiales,3,1,0,1,0,122
108,1,Salicaceae (Salix and Tricolpopollenties retiformis),autotroph ,autotroph,,108,Malpighiales,3,1,0,1,0,123
109,1,Euphorbiaceae (Spinaepollis spinosus),autotroph ,autotroph,,109,Malpighiales,3,1,0,1,0,124
110,1,Fabaceae (sp. indet. 1),myxotroph ,myxotroph,,110,Fabales,3,1,0,1,0,125
111,1,Fabaceae (sp. indet. 2),myxotroph ,myxotroph,,111,Fabales,3,1,0,1,0,126
112,1,Rosaceae (sp. indet. 1),autotroph ,autotroph,,112,Rosales,3,1,0,1,0,127
113,1,Rosaceae (sp. indet. 2),autotroph ,autotroph,,113,Rosales,3,1,0,1,0,128
114,1,Rosaceae (cf. Rosa or Rubus),autotroph ,autotroph,,114,Rosales,3,1,0,1,0,129
115,1,Moraceae (Ficus sp.),autotroph ,autotroph,,115,Rosales,3,1,0,1,0,130
116,1,Celtidiaceae (Celtipollenites intrastructurus),autotroph ,autotroph,,116,Rosales,3,1,0,1,0,131
117,1,Celtidiaceae (Celtipollenites laevigatus),autotroph ,autotroph,,117,Rosales,3,1,0,1,0,132
118,1,Ulmaceae (Polyporopollenites undulosus),autotroph ,autotroph,,118,Rosales,3,1,0,1,0,133
119,1,Ulmaceae (Polyporopollenites verrucatus),autotroph ,autotroph,,119,Rosales,3,1,0,1,0,134
120,1,Ulmaceae (Ulmus sp. and ?Polyporopollenites eoulmoides),autotroph ,autotroph,,120,Rosales,3,1,0,1,0,135
121,1,Ulmaceae (Zelkova sp.),autotroph ,autotroph,,121,Rosales,3,1,0,1,0,136
122,1,Myricaceae (Comptonia sp. and Triatriopollenites excelsus),myxotroph ,myxotroph,,122,Fagales,3,1,0,1,0,137
123,1,Myricaceae (Triatriopollenites rurensis),myxotroph ,myxotroph,,123,Fagales,3,1,0,1,0,138
124,1,Myricaceae (Triatriopollenites bituitus),myxotroph ,myxotroph,,124,Fagales,3,1,0,1,0,139
125,1,Betulaceae (Alnipollenites verus ),myxotroph ,myxotroph,,125,Fagales,3,1,0,1,0,140
126,1,Betulaceae (Trivestibulopollenites betuloides ),autotroph ,autotroph,,126,Fagales,3,1,0,1,0,141
127,1,Betulaceae (Carpinus sp.),autotroph ,autotroph,,127,Fagales,3,1,0,1,0,142
128,1,Betulaceae (Ostrya sp.),autotroph ,autotroph,,128,Fagales,3,1,0,1,0,143
129,1,Juglandaceae (Carya sp. 1 and Caryapollenites triangularus),autotroph ,autotroph,,129,Fagales,3,1,0,1,0,144
130,1,Juglandaceae (Carya sp. 2 and Caryapollenites circulus),autotroph ,autotroph,,130,Fagales,3,1,0,1,0,145
131,1,Juglandaceae (Engelhardia sp. and Momipites punctatus),autotroph ,autotroph,,131,Fagales,3,1,0,1,0,146
132,1,Juglandaceae cf. Juglans and ?Subtriporopollenites anulatus),autotroph ,autotroph,,132,Fagales,3,1,0,1,0,147
133,1,Juglandaceae (Platycarya sp. 1 and Platycaryapollenites platycaryoides),autotroph ,autotroph,,133,Fagales,3,1,0,1,0,148
134,1,Juglandaceae (Platycarya sp. 2 and Platycaryapollenites miocaenicus),autotroph ,autotroph,,134,Fagales,3,1,0,1,0,149
135,1,Juglandaceae (Plicatopollis hungaricus),autotroph ,autotroph,,135,Fagales,3,1,0,1,0,150
136,1,Juglandaceae (Plicatopollis lunatus),autotroph ,autotroph,,136,Fagales,3,1,0,1,0,151
137,1,Juglandaceae (Plicatopollis plicatus),autotroph ,autotroph,,137,Fagales,3,1,0,1,0,152
138,1,Juglandaceae (Plicatopollis potoniei),autotroph ,autotroph,,138,Fagales,3,1,0,1,0,153
139,1,Juglandaceae (Pterocarya sp. and Pterocaryapollenites stellatus),autotroph ,autotroph,,139,Fagales,3,1,0,1,0,154
140,1,Fagaceae (Quercus sp. and Tricolpopollenites asper),autotroph ,autotroph,,140,Fagales,3,1,0,1,0,155
141,1,Fagaceae (Tricolpopollenites liblarensis),autotroph ,autotroph,,141,Fagales,3,1,0,1,0,156
142,1,Fagaceae (Tricolporopollenites cingulum),autotroph ,autotroph,,142,Fagales,3,1,0,1,0,157
143,1,Myrtaceae (Rhodomyrtophyllum rossmassleri),autotroph ,autotroph,,143,Myrtales,3,1,0,1,0,158
144,1,Myrtaceae (Rhodomyrtus sinuata ),autotroph ,autotroph,,144,Myrtales,3,1,0,1,0,159
145,1,Myrtaceae (Duplopollis myrtoides),autotroph ,autotroph,,145,Myrtales,3,1,0,1,0,160
146,1,Lythraceae (gen. et sp. indet.),autotroph ,autotroph,,146,Myrtales,3,1,0,1,0,161
147,1,Thymelaeaceae (gen. et sp. indet.),autotroph ,autotroph,,147,Malvales,3,1,0,1,0,162
148,1,Tiliaceae (Dombeya sp.),autotroph ,autotroph,,148,Malvales,3,1,0,1,0,163
149,1,Tiliaceae (Intratiporopollenites ceciliensis),autotroph ,autotroph,,149,Malvales,3,1,0,1,0,164
150,1,Tiliaceae (Intratiporopollenites minimus),autotroph ,autotroph,,150,Malvales,3,1,0,1,0,165
151,1,Bombacaceae (Bombacacidites kettigensis ),autotroph ,autotroph,,151,Malvales,3,1,0,1,0,166
152,1,Bombacaceae (Bombacacidites tilioides ),autotroph ,autotroph,,152,Malvales,3,1,0,1,0,167
153,1,Bombacaceae (Bombacacidites sp. ),autotroph ,autotroph,,153,Malvales,3,1,0,1,0,168
154,1,Sterculiaceae (Reevesiapollis triangulus or eucaenicus),autotroph ,autotroph,,154,Malvales,3,1,0,1,0,169
155,1,Anacardiaceae (cf. Pentoperculum†),autotroph ,autotroph,,155,Sapindales,3,1,0,1,0,170
156,1,Anacardiaceae (gen. et sp. indet.),autotroph ,autotroph,,156,Sapindales,3,1,0,1,0,171
157,1,Rutaceae (Toddalia ovata),autotroph ,autotroph,,157,Sapindales,3,1,0,1,0,172
158,1,Rutaceae (Rutaspermum sp.),autotroph ,autotroph,,158,Sapindales,3,1,0,1,0,173
159,1,Rutaceae (Rutaspermum chandlerae),autotroph ,autotroph,,159,Sapindales,3,1,0,1,0,174
160,1,Rutaceae (Rutaspermum messelense),autotroph ,autotroph,,160,Sapindales,3,1,0,1,0,175
161,1,Simaroubaceae (Ailanthus sp.),autotroph ,autotroph,,161,Sapindales,3,1,0,1,0,176
162,1,Sapindaceae (Acer and Aceripollis striatus ),autotroph ,autotroph,,162,Sapindales,3,1,0,1,0,177
163,1,Burseraceae (Canarium sp.),autotroph ,autotroph,,163,Sapindales,3,1,0,1,0,178
164,1,Cornaceae (gen. et sp. indet.),autotroph ,autotroph,,164,Cornales,3,1,0,1,0,179
165,1,Mastixiaceae (Tricolporopollenites satzveyensis),autotroph ,autotroph,,165,Cornales,3,1,0,1,0,180
166,1,Nyssaceae (Nyssa and Nyssapollenites kruschii ),autotroph ,autotroph,,166,Cornales,3,1,0,1,0,181
167,1,?Clethraceae (Tricolporopollenites megaexactus),autotroph ,autotroph,,167,Ericales,2,1,0,1,0,182
168,1,Cyrillaceae (sp. indet. 2),autotroph ,autotroph,,168,Ericales,3,1,0,1,0,183
169,1,Cyrillaceae (cf. Cyrilla sp.),autotroph ,autotroph,,169,Ericales,3,1,0,1,0,184
170,1,Lecythidaceae (gen. et sp. indet.),autotroph ,autotroph,,170,Ericales,3,1,0,1,0,185
171,1,Ericaceae (Ericipites ericius),autotroph ,autotroph,,171,Ericales,3,1,0,1,0,186
172,1,Ericaceae (Ericipites callidus),autotroph ,autotroph,,172,Ericales,3,1,0,1,0,187
173,1,Theaceae (cf. Polyspora saxonica),autotroph ,autotroph,,173,Ericales,3,1,0,1,0,188
174,1,Theaceae (cf. Ternstroemites 'dentatus'),autotroph ,autotroph,,174,Ericales,3,1,0,1,0,189
175,1,Theaceae (gen. et sp. indet.),autotroph ,autotroph,,175,Ericales,3,1,0,1,0,190
176,1,Symplocaceae (Porocolpopollenites calauensis),autotroph ,autotroph,,176,Ericales,3,1,0,1,0,191
177,1,Symplocaceae (Porocolpopollenites rarobaculatus),autotroph ,autotroph,,177,Ericales,3,1,0,1,0,192
178,1,Sapotaceae (Tetracolporopollenites sapotoides),autotroph ,autotroph,,178,Ericales,3,1,0,1,0,193
179,1,Sapotaceae (Tetracolporopollenites manifestus),autotroph ,autotroph,,179,Ericales,3,1,0,1,0,194
180,1,Rubiaceae (gen. et sp. indet.),autotroph ,autotroph,,180,Gentianales,3,1,0,1,0,195
181,1,Apocynaceae (Apocynophyllum sp.),autotroph ,autotroph,,181,Gentianales,3,1,0,1,0,196
182,1,Apocynaceae (gen. et sp. indet.),autotroph ,autotroph,,182,Gentianales,3,1,0,1,0,197
183,1,Oleaceae (Tricolporopollenites microreticulatus),autotroph ,autotroph,,183,Lamiales,3,1,0,1,0,198
184,1,Verbenaceae (gen. et sp. indet.),autotroph ,autotroph,,184,Lamiales,3,1,0,1,0,199
185,1,Aquifoliaceae (Ilexpollenites iliacus ),autotroph ,autotroph,,185,Aquifoliales,3,1,0,1,0,200
186,1,Aquifoliaceae (Ilexpollenites margaritatus ),autotroph ,autotroph,,186,Aquifoliales,3,1,0,1,0,201
187,1,Araliaceae (Araliaceoipollenites reticuloides),autotroph ,autotroph,,187,Apiales,3,1,0,1,0,202
188,1,Araliaceae (Araliaceoipollenites euphorii),autotroph ,autotroph,,188,Apiales,3,1,0,1,0,203
189,1,Caprifoliaceae (Sambucus sp.),autotroph ,autotroph,,189,Dipsacales,3,1,0,1,0,204
190,1,Fam. incertae (Punigiphyllum waltheri),autotroph ,autotroph,,190,Angiospermopsida,3,1,0,1,0,205
191,1,monocot incertae,autotroph ,autotroph,,191,Angiospermopsida,3,1,0,1,0,206
192,1,unknown dicot fruit (gen. 1),autotroph ,autotroph,,192,Angiospermopsida,3,1,0,1,0,207
193,1,dicot incertae (gen. 2),autotroph ,autotroph,,193,Angiospermopsida,3,1,0,1,0,208
194,1,dicot incertae: twig 1,autotroph ,autotroph,,194,Angiospermopsida,3,1,0,1,0,209
195,1,dicot incertae: twig 2,autotroph ,autotroph,,195,Angiospermopsida,3,1,0,1,0,210
196,1,dicot incertae: twig 3,autotroph ,autotroph,,196,Angiospermopsida,3,1,0,1,0,211
197,1,dicot incertae (Tricolporopollenites edmundii),autotroph ,autotroph,,197,Angiospermopsida,3,1,0,1,0,212
198,1,dicot incertae (Tricolpopollenites vegetus),autotroph ,autotroph,,198,Angiospermopsida,3,1,0,1,0,213
199,1,dicot incertae (Tricolporopollenites microporitus),autotroph ,autotroph,,199,Angiospermopsida,3,1,0,1,0,214
200,1,dicot incertae (Tricolporopollenites mansfeldensis),autotroph ,autotroph,,200,Angiospermopsida,3,1,0,1,0,215
201,1,dicot incertae (Tricolporopollenites messelensis),autotroph ,autotroph,,201,Angiospermopsida,3,1,0,1,0,216
202,1,dicot incertae (Tricolporopollenites belgicus),autotroph ,autotroph,,202,Angiospermopsida,3,1,0,1,0,217
203,1,dicot incertae (Tricolporopollenites eocaenicus),autotroph ,autotroph,,203,Angiospermopsida,3,1,0,1,0,218
204,1,dicot incertae (Tricolporopollenites abbreviatus),autotroph ,autotroph,,204,Angiospermopsida,3,1,0,1,0,219
205,1,unknown fruit (gen. 3),autotroph ,autotroph,,205,Angiospermopsida,3,1,0,1,0,220
206,1,lichen,saprobe ,saprobe,,206,lichen,2,1,0,1,0,221
207,1,Rhytismatales epiphyllous asomycete (cf. Rhytisma sp.),saprobe ,saprobe,,207,Ascomycetes,3,1,0,1,0,222
208,1,epiphyllous fungal species 2,saprobe ,saprobe,,208,Basidiomycetes,2,1,0,1,0,223
209,1,epiphyllous fungal species 3,saprobe ,saprobe,,209,Basidiomycetes,2,1,0,1,0,224
210,1,epiphyllous fungi species and DT58 undifferentiated (host 1),saprobe ,saprobe,,210,Basidiomycetes,3,1,0,1,0,225
211,1,epiphyllous fungi species and DT58 undifferentiated (host 2),saprobe ,saprobe,,211,Basidiomycetes,3,1,0,1,0,226
212,1,Agaricales (Fam. incertae),saprobe ,saprobe,,212,Basidiomycetes,2,1,0,1,0,227
213,1,litter fungus,saprobe ,saprobe,,213,Ascomycetes,3,1,0,1,0,228
214,1,wood rot (perithecia),saprobe ,saprobe,,214,Ascomycetes,3,1,0,1,0,229
215,1,intestinal fungi,saprobe ,saprobe,,215,Fungi,3,1,0,1,0,230
216,1,Gastropoda (Vivaparidae: Vivaparus sp.),omnivore (FF) ,omnivore (FF),,216,Streptoneura,3,1,1,1,0,238
217,1,Gastropoda: Planorbidae (Australorbis cf. pseudoammonius),omnivore (FF) ,omnivore (FF),,217,Pulmonata,3,1,1,1,0,239
218,1,Baetidae or Siphlonuridae,detritivore nonfeeding,detritivore,nonfeeding,218,Ephemeroptera,3,3,1,1,1,250
219,1,Fam. indet. and sp. 1,insectivore insectivore,insectivore,insectivore,219,Odonata,2,3,1,1,1,251
220,1,Fam. indet. and sp. 2,insectivore insectivore,insectivore,insectivore,220,Odonata,2,3,1,1,1,252
221,1,Anisoptera (Aeschnidae gen. et sp. indet.),insectivore insectivore,insectivore,insectivore,221,Odonata,3,3,1,1,1,253
222,1,Zygoptera (Coenagrionidae indet. and DT76),insectivore insectivore,insectivore,insectivore,222,Odonata,3,3,1,1,1,254
223,1,Zygoptera (Coenagrionidae indet. and DT 54),insectivore insectivore,insectivore,insectivore,223,Odonata,2,3,1,1,1,255
224,1,Zygoptera (fam. indet. and DT100),insectivore insectivore,insectivore,insectivore,224,Odonata,2,3,1,1,1,256
225,1,Fam. indet.,detritivore detritivore,detritivore,detritivore,225,Plecoptera,3,3,1,1,1,257
226,1,Gryllacrididae,herbivore (RF) herbivore (RF),herbivore (RF),herbivore (RF),226,Orthoptera,3,1,1,1,0,258
227,1,Tettigoniidae,herbivore (EFF) herbivore (EFF),herbivore (EFF),herbivore (EFF),227,Orthoptera,3,1,1,1,0,259
228,1,Fam. indet. (DT12 and DT13 and DT14),herbivore (EFF) herbivore (EFF),herbivore (EFF),herbivore (EFF),228,Orthoptera,1,1,1,1,0,260
229,1,Fam. indet,detritivore omnivore,detritivore,omnivore,229,Dermaptera,3,1,1,1,0,261
230,1,Blattidae (Periplaneta eocaenica),detritivore detritivore,detritivore,detritivore,230,Blattodea,3,1,1,1,0,262
231,1,Blattidae (Periplaneta relicta),detritivore detritivore,detritivore,detritivore,231,Blattodea,3,1,1,1,0,263
232,1,Mastotermitidae (Mastotermes krishnorum),detritivore detritivore,detritivore,detritivore,232,Isoptera,3,1,1,1,0,264
233,1,Hodotermitidae?,detritivore detritivore,detritivore,detritivore,233,Isoptera,3,1,1,1,0,265
234,1,Fam. indet. (DT12),herbivore (EFF) herbivore (EFF),herbivore (EFF),herbivore (EFF),234,Phasmatodea,3,1,1,1,0,266
235,1,Phyllidae (Eophyllium messelensis),herbivore (EFF) herbivore (EFF),herbivore (EFF),herbivore (EFF),235,Phasmatodea,3,1,1,1,0,267
236,1,Coccoidea (fam. indet. 1 and DT157),herbivore (P&S) herbivore (P&S),herbivore (P&S),herbivore (P&S),236,Hemiptera,2,1,1,1,0,268
237,1,Coccoidea (fam. indet. 2. DT183,herbivore (P&S) herbivore (P&S),herbivore (P&S),herbivore (P&S),237,Hemiptera,3,1,1,1,0,269
238,1,Coccoidea (fam. indet. 3 and DT132),herbivore (P&S) herbivore (P&S),herbivore (P&S),herbivore (P&S),238,Hemiptera,3,1,1,1,0,270
239,1,Diaspididae (Aspidiotinae sp. 1 and DT191,herbivore (P&S) herbivore (P&S),herbivore (P&S),herbivore (P&S),239,Hemiptera,3,1,1,1,0,271
240,1,Diaspididae (Aspidiotinae sp. 2 and DT168,herbivore (P&S) herbivore (P&S),herbivore (P&S),herbivore (P&S),240,Hemiptera,3,1,1,1,0,272
241,1,Aphididae (gen. sp. indet. and DT146,herbivore (GA) herbivore (P&S),herbivore (GA),herbivore (P&S),241,Hemiptera,3,1,1,1,0,273
242,1,Aphididae ('Hamamelistes' sp. and DT205,herbivore (GA) herbivore (P&S),herbivore (GA),herbivore (P&S),242,Hemiptera,3,1,1,1,0,274
243,1,Aphididae (cf. Pemphigus sp. and DT169,herbivore (GA) herbivore (P&S),herbivore (GA),herbivore (P&S),243,Hemiptera,3,1,1,1,0,275
244,1,Aphididae (Trioza sp. and DT32),herbivore (GA) herbivore (P&S),herbivore (GA),herbivore (P&S),244,Hemiptera,3,1,1,1,0,276
245,1,Aphididae (gen. et sp. indet. and DT190),herbivore (GA) herbivore (P&S),herbivore (GA),herbivore (P&S),245,Hemiptera,3,1,1,1,0,277
246,1,Fulgoridae (gen. et sp. indet.),herbivore (P&S) herbivore (P&S),herbivore (P&S),herbivore (P&S),246,Hemiptera,3,1,1,1,0,278
247,1,Cercopidae (gen. indet.,herbivore (P&S) herbivore (P&S),herbivore (P&S),herbivore (P&S),247,Hemiptera,3,1,1,1,0,279
248,1,Cicadidae gen. et sp. indet.),herbivore (P&S) herbivore (P&S),herbivore (P&S),herbivore (P&S),248,Hemiptera,3,1,1,1,0,280
249,1,Cf. Membracidae (gen. et sp. indet.),herbivore (P&S) herbivore (P&S),herbivore (P&S),herbivore (P&S),249,Hemiptera,3,1,1,1,0,281
250,1,Cf. Ricaniidae (gen. et sp. indet.),herbivore (P&S) herbivore (P&S),herbivore (P&S),herbivore (P&S),250,Hemiptera,3,1,1,1,0,282
251,1,Flatidae (gen. et sp. indet.),herbivore (P&S) herbivore (P&S),herbivore (P&S),herbivore (P&S),251,Hemiptera,3,1,1,1,0,283
252,1,Dictyopharidae (Dictyopharinae gen. et sp. indet),herbivore (P&S) herbivore (P&S),herbivore (P&S),herbivore (P&S),252,Hemiptera,3,1,1,1,0,284
253,1,Cyndidae (Cydnopsis meunieri),herbivore (RF) herbivore (RF),herbivore (RF),herbivore (RF),253,Hemiptera,3,1,1,1,0,285
254,1,Cyndidae (Cydnopsis nana),herbivore (RF) herbivore (RF),herbivore (RF),herbivore (RF),254,Hemiptera,3,1,1,1,0,286
255,1,Lygaeidae (gen. et sp. indet.),herbivore (P&S) herbivore (SP),herbivore (P&S),herbivore (SP),255,Hemiptera,3,1,1,1,0,287
256,1,Miridae (gen. et sp. indet.),herbivore (P&S) herbivore (P&S),herbivore (P&S),herbivore (P&S),256,Hemiptera,3,1,1,1,0,288
257,1,Tingidae (Lutetiacader petrefactus),herbivore (P&S) herbivore (P&S),herbivore (P&S),herbivore (P&S),257,Hemiptera,3,1,1,1,0,289
258,1,Tingidae (Exmesselensis disspinosus),herbivore (P&S) herbivore (P&S),herbivore (P&S),herbivore (P&S),258,Hemiptera,3,1,1,1,0,290
259,1,Tingidae (Chorotingioites priscus),herbivore (P&S) herbivore (P&S),herbivore (P&S),herbivore (P&S),259,Hemiptera,3,1,1,1,0,291
260,1,Tingidae (Oblongomorpha lutetia and DT199,herbivore (P&S) herbivore (P&S),herbivore (P&S),herbivore (P&S),260,Hemiptera,3,1,1,1,0,292
261,1,Pentatomidae (gen. et sp. indet.),herbivore (P&S) herbivore (P&S),herbivore (P&S),herbivore (P&S),261,Hemiptera,3,1,1,1,0,293
262,1,Reduviidae (Amphibolus disponsi),insectivore insectivore,insectivore,insectivore,262,Hemiptera,3,1,1,1,0,294
263,1,Fam. indet.,herbivore (P&S) herbivore (P&S),herbivore (P&S),herbivore (P&S),263,Thysanoptera,3,1,1,1,0,298
264,1,Mantispidae (Symphrasites eocenicus),parasitoid insectivore,parasitoid,insectivore,264,Neuroptera,3,1,1,1,0,299
265,1,Cupedidae (Tenomerga messelense),herbivore (WB) nonfeeding,herbivore (WB),nonfeeding,265,Coleoptera,3,1,1,1,0,300
266,1,Carabidae (?Harpalus sp.),insectivore insectivore,insectivore,insectivore,266,Coleoptera,3,1,1,1,0,301
267,1,Carabidae (?Scarites sp.),insectivore insectivore,insectivore,insectivore,267,Coleoptera,3,1,1,1,0,302
268,1,Staphylinidae (gen. indet.),insectivore fungivore,insectivore,fungivore,268,Coleoptera,3,1,1,1,0,303
269,1,Histeridae (cf. Dendrophilus),insectivore insectivore,insectivore,insectivore,269,Coleoptera,3,1,1,1,0,306
270,1,Polyphaga (fam. indet. and DT219,herbivore (EFF) herbivore (EFF),herbivore (EFF),herbivore (EFF),270,Coleoptera,2,1,1,1,0,307
271,1,Polyphaga (fam. indet. and DT09),herbivore (EFF) herbivore (EFF),herbivore (EFF),herbivore (EFF),271,Coleoptera,2,1,1,1,0,308
272,1,Buprestidae (Psiloptera transversovittata),herbivore (WB) herbivore (SFF),herbivore (WB),herbivore (SFF),272,Coleoptera,3,1,1,1,0,309
273,1,Buprestidae (Psiloptera weigelti),herbivore (WB) herbivore (SFF),herbivore (WB),herbivore (SFF),273,Coleoptera,3,1,1,1,0,310
274,1,Buprestidae (Psiloptera sp. 1),herbivore (WB) herbivore (SFF),herbivore (WB),herbivore (SFF),274,Coleoptera,3,1,1,1,0,311
275,1,Buprestidae (?Psiloptera sp. 2),herbivore (WB) herbivore (SFF),herbivore (WB),herbivore (SFF),275,Coleoptera,3,1,1,1,0,312
276,1,Buprestidae (?Psiloptera sp. 3),herbivore (WB) herbivore (SFF),herbivore (WB),herbivore (SFF),276,Coleoptera,3,1,1,1,0,313
277,1,Buprestidae (?Psiloptera sp. 4),herbivore (WB) herbivore (SFF),herbivore (WB),herbivore (SFF),277,Coleoptera,3,1,1,1,0,314
278,1,Buprestidae (Touzalinia/Psiloptera gen. 1),herbivore (WB) herbivore (SFF),herbivore (WB),herbivore (SFF),278,Coleoptera,3,1,1,1,0,315
279,1,Buprestidae (Psilopterini and gen. 1),herbivore (WB) herbivore (SFF),herbivore (WB),herbivore (SFF),279,Coleoptera,3,1,1,1,0,316
280,1,Buprestidae (Psiloptera/Dicercomorpha gen. 1),herbivore (WB) herbivore (SFF),herbivore (WB),herbivore (SFF),280,Coleoptera,3,1,1,1,0,317
281,1,Buprestidae (Psiloptera/Diceromorpha gen. 2),herbivore (WB) herbivore (SFF),herbivore (WB),herbivore (SFF),281,Coleoptera,3,1,1,1,0,318
282,1,Buprestidae (Psiloptera/Diceromorpha gen. 3),herbivore (WB) herbivore (SFF),herbivore (WB),herbivore (SFF),282,Coleoptera,3,1,1,1,0,319
283,1,Buprestidae (Touzalinia/Diceromorpha gen. 1),herbivore (WB) herbivore (SFF),herbivore (WB),herbivore (SFF),283,Coleoptera,3,1,1,1,0,320
284,1,Buprestidae (Touzalinia/Diceromorpha gen. 2),herbivore (WB) herbivore (SFF),herbivore (WB),herbivore (SFF),284,Coleoptera,3,1,1,1,0,321
285,1,Buprestidae (Psiloptera/Dicera gen. 1),herbivore (WB) herbivore (SFF),herbivore (WB),herbivore (SFF),285,Coleoptera,3,1,1,1,0,322
286,1,Buprestidae (Psiloptera/Dicera gen. 2),herbivore (WB) herbivore (SFF),herbivore (WB),herbivore (SFF),286,Coleoptera,3,1,1,1,0,323
287,1,Buprestidae (Psilopterini/Dicerini gen. 1),herbivore (WB) herbivore (SFF),herbivore (WB),herbivore (SFF),287,Coleoptera,3,1,1,1,0,324
288,1,Buprestidae (Psilopterini/Dicerini gen. 2),herbivore (WB) herbivore (SFF),herbivore (WB),herbivore (SFF),288,Coleoptera,3,1,1,1,0,325
289,1,Buprestidae (Dicerca? ),herbivore (WB) herbivore (SFF),herbivore (WB),herbivore (SFF),289,Coleoptera,3,1,1,1,0,326
290,1,Buprestidae (Eurythyrea? ),herbivore herbivore (PO),herbivore,herbivore (PO),290,Coleoptera,3,1,1,1,0,327
291,1,Buprestidae (Eurythyrea? bilyi),herbivore herbivore (PO),herbivore,herbivore (PO),291,Coleoptera,3,1,1,1,0,328
292,1,Buprestidae (Anthaxini?),herbivore herbivore (PO),herbivore,herbivore (PO),292,Coleoptera,3,1,1,1,0,329
293,1,Buprestidae (Anthaxia?),herbivore herbivore (PO),herbivore,herbivore (PO),293,Coleoptera,3,1,1,1,0,330
294,1,Buprestidae (Coroebini? gen. 1),herbivore (WB) herbivore (PO),herbivore (WB),herbivore (PO),294,Coleoptera,3,1,1,1,0,331
295,1,Buprestidae (Coroebini? gen. 2),herbivore (WB) herbivore (PO),herbivore (WB),herbivore (PO),295,Coleoptera,3,1,1,1,0,332
296,1,Buprestidae (Coroebini? gen. 3),herbivore (WB) herbivore (PO),herbivore (WB),herbivore (PO),296,Coleoptera,3,1,1,1,0,333
297,1,Buprestidae (Coroebini? gen. 4),herbivore (WB) herbivore (PO),herbivore (WB),herbivore (PO),297,Coleoptera,3,1,1,1,0,334
298,1,Buprestidae (Coroebini? gen. 5),herbivore (WB) herbivore (PO),herbivore (WB),herbivore (PO),298,Coleoptera,3,1,1,1,0,335
299,1,Buprestidae (Coroebini? gen. 6),herbivore (WB) herbivore (PO),herbivore (WB),herbivore (PO),299,Coleoptera,3,1,1,1,0,336
300,1,Buprestidae (Coroebini? gen. 7),herbivore (WB) herbivore (PO),herbivore (WB),herbivore (PO),300,Coleoptera,3,1,1,1,0,337
301,1,Buprestidae (Coroebini? gen. 8),herbivore (WB) herbivore (PO),herbivore (WB),herbivore (PO),301,Coleoptera,3,1,1,1,0,338
302,1,Buprestidae (Coroebini? gen. 9),herbivore (WB) herbivore (PO),herbivore (WB),herbivore (PO),302,Coleoptera,3,1,1,1,0,339
303,1,Buprestidae (Agrilini? gen. 1),herbivore (LM) herbivore (PO),herbivore (LM),herbivore (PO),303,Coleoptera,3,1,1,1,0,340
304,1,Buprestidae (Agrilini? gen. 2),herbivore (LM) herbivore (PO),herbivore (LM),herbivore (PO),304,Coleoptera,3,1,1,1,0,341
305,1,Buprestidae (Agrilinae gen. 1),herbivore (LM) herbivore (PO),herbivore (LM),herbivore (PO),305,Coleoptera,3,1,1,1,0,342
306,1,Buprestidae (Agrilinae gen. 2),herbivore (GA) herbivore (PO),herbivore (GA),herbivore (PO),306,Coleoptera,3,1,1,1,0,343
307,1,Buprestidae (Agrilinae gen. 3),herbivore (GA) herbivore (PO),herbivore (GA),herbivore (PO),307,Coleoptera,3,1,1,1,0,344
308,1,Buprestidae (Agrilinae gen. 4),herbivore (GA) herbivore (PO),herbivore (GA),herbivore (PO),308,Coleoptera,3,1,1,1,0,345
309,1,Buprestidae (Agrilinae gen. 5),herbivore (LM) herbivore (PO),herbivore (LM),herbivore (PO),309,Coleoptera,3,1,1,1,0,346
310,1,Buprestidae (Agrilinae gen. 6),herbivore (LM) herbivore (PO),herbivore (LM),herbivore (PO),310,Coleoptera,3,1,1,1,0,347
311,1,Buprestidae (Agrilinae gen. 7),herbivore (LM) herbivore (PO),herbivore (LM),herbivore (PO),311,Coleoptera,3,1,1,1,0,348
312,1,Throscidae (gen. et sp. indet.),fungivore herbivore (PO),fungivore,herbivore (PO),312,Coleoptera,3,1,1,1,0,349
313,1,Eucnemidae (gen. et sp. indet.),fungivore detritivore,fungivore,detritivore,313,Coleoptera,3,1,1,1,0,350
314,1,Elateridae (Agrypnus? sp. 1),herbivore (RF) omnivore,herbivore (RF),omnivore,314,Coleoptera,3,1,1,1,0,351
315,1,Elateridae (Agrypnus? sp. 2),herbivore (RF) omnivore,herbivore (RF),omnivore,315,Coleoptera,3,1,1,1,0,352
316,1,Elateridae (Agrypnus? sp. 3),herbivore (RF) omnivore,herbivore (RF),omnivore,316,Coleoptera,3,1,1,1,0,353
317,1,Elateridae (Agrypnus? sp. 4),herbivore (RF) omnivore,herbivore (RF),omnivore,317,Coleoptera,3,1,1,1,0,354
318,1,Elateridae (Agrypnus? aff. ?costipennis),herbivore (RF) omnivore,herbivore (RF),omnivore,318,Coleoptera,3,1,1,1,0,355
319,1,Elateridae (Agrypnus sp. 5),insectivore omnivore,insectivore,omnivore,319,Coleoptera,3,1,1,1,0,356
320,1,Elateridae (Agrypnus? sp. 6),insectivore omnivore,insectivore,omnivore,320,Coleoptera,3,1,1,1,0,357
321,1,Elateridae (Agrypnus? sp. 7),insectivore omnivore,insectivore,omnivore,321,Coleoptera,3,1,1,1,0,358
322,1,Elateridae (Agrypnus? sp. 8),insectivore omnivore,insectivore,omnivore,322,Coleoptera,3,1,1,1,0,359
323,1,Elateridae (Agrypnus? sp. 9),insectivore omnivore,insectivore,omnivore,323,Coleoptera,3,1,1,1,0,360
324,1,Elateridae (Lacon? sp. 1),insectivore omnivore,insectivore,omnivore,324,Coleoptera,3,1,1,1,0,361
325,1,Elateridae (Group 1),insectivore omnivore,insectivore,omnivore,325,Coleoptera,3,1,1,1,0,362
326,1,Elateridae (Group 2),insectivore omnivore,insectivore,omnivore,326,Coleoptera,3,1,1,1,0,363
327,1,Elateridae (Group 3),herbivore (SP) omnivore,herbivore (SP),omnivore,327,Coleoptera,3,1,1,1,0,364
328,1,Elateridae (Group 4),herbivore (SP) omnivore,herbivore (SP),omnivore,328,Coleoptera,3,1,1,1,0,365
329,1,Elateridae (Group 5),herbivore (RF) omnivore,herbivore (RF),omnivore,329,Coleoptera,3,1,1,1,0,366
330,1,Elateridae (Group 6),herbivore (RF) omnivore,herbivore (RF),omnivore,330,Coleoptera,3,1,1,1,0,367
331,1,Elateridae (Group 7),herbivore (RF) omnivore,herbivore (RF),omnivore,331,Coleoptera,3,1,1,1,0,368
332,1,Elateridae (Group 8),insectivore omnivore,insectivore,omnivore,332,Coleoptera,3,1,1,1,0,369
333,1,Elateridae (Group 9),insectivore omnivore,insectivore,omnivore,333,Coleoptera,3,1,1,1,0,370
334,1,Elateridae (Group 10),insectivore omnivore,insectivore,omnivore,334,Coleoptera,3,1,1,1,0,371
335,1,Elateridae (Group 11),insectivore omnivore,insectivore,omnivore,335,Coleoptera,3,1,1,1,0,372
336,1,Elateridae (Group 12),insectivore omnivore,insectivore,omnivore,336,Coleoptera,3,1,1,1,0,373
337,1,Elateridae (Group 13),insectivore omnivore,insectivore,omnivore,337,Coleoptera,3,1,1,1,0,374
338,1,Elateridae (Group 14),insectivore herbivore (SFF),insectivore,herbivore (SFF),338,Coleoptera,3,1,1,1,0,375
339,1,Elateridae (Macropunctum angulosum),herbivore (RF) omnivore,herbivore (RF),omnivore,339,Coleoptera,3,1,1,1,0,376
340,1,Elateridae (Macropunctum meuneri),herbivore (RF) omnivore,herbivore (RF),omnivore,340,Coleoptera,3,1,1,1,0,377
341,1,Elateridae (Macropunctum promptum),herbivore (RF) omnivore,herbivore (RF),omnivore,341,Coleoptera,3,1,1,1,0,378
342,1,Elateridae (Macropunctum messelensis),herbivore (RF) omnivore,herbivore (RF),omnivore,342,Coleoptera,3,1,1,1,0,379
343,1,Elateridae (Macropunctum eocaenicum),herbivore (RF) omnivore,herbivore (RF),omnivore,343,Coleoptera,3,1,1,1,0,380
344,1,Elateridae (Macropunctum senckenbergi),herbivore (RF) omnivore,herbivore (RF),omnivore,344,Coleoptera,3,1,1,1,0,381
345,1,Elateridae (Macropunctum latiscutellum),herbivore (RF) omnivore,herbivore (RF),omnivore,345,Coleoptera,3,1,1,1,0,382
346,1,Elateridae (Macropunctum angustiscutellum),herbivore (RF) omnivore,herbivore (RF),omnivore,346,Coleoptera,3,1,1,1,0,383
347,1,Elateridae (Macropunctum rebugense),herbivore (RF) omnivore,herbivore (RF),omnivore,347,Coleoptera,3,1,1,1,0,384
348,1,Elateridae (Lanelater verae),herbivore (RF) omnivore,herbivore (RF),omnivore,348,Coleoptera,3,1,1,1,0,385
349,1,Elateridae (Lanelater sp. 1),herbivore (RF) omnivore,herbivore (RF),omnivore,349,Coleoptera,3,1,1,1,0,386
350,1,Elateridae (Lanelater sp. 2),herbivore (RF) omnivore,herbivore (RF),omnivore,350,Coleoptera,3,1,1,1,0,387
351,1,Elateridae (Lanelater sp. 3),herbivore (RF) omnivore,herbivore (RF),omnivore,351,Coleoptera,3,1,1,1,0,388
352,1,Cantharoidea (gen. et sp. indet.),insectivore insectivore,insectivore,insectivore,352,Coleoptera,3,1,1,1,0,389
353,1,Elateridae ('Ancyclochira' agilis),insectivore detritivore,insectivore,detritivore,353,Coleoptera,3,1,1,1,0,390
354,1,Tenebrionidae (Ceropria? messelense),fungivore omnivore,fungivore,omnivore,354,Coleoptera,3,1,1,1,0,391
355,1,Tenebrionidae (gen. et sp. indet.),detritivore herbivore (EFF),detritivore,herbivore (EFF),355,Coleoptera,3,1,1,1,0,392
356,1,Lucanidae (Protognathinus spielbergi),detritivore herbivore (SFF),detritivore,herbivore (SFF),356,Coleoptera,3,1,1,1,0,393
357,1,Scarabaeidae (Gymnopleurus eocaenicus),detritivore herbivore (PO),detritivore,herbivore (PO),357,Coleoptera,3,1,1,1,0,394
358,1,Scarabaeidae (?Geotrupes messelensis),detritivore herbivore (SFF),detritivore,herbivore (SFF),358,Coleoptera,3,1,1,1,0,395
359,1,Scarabaeidae (?Geotrupes sp.),detritivore herbivore (SFF),detritivore,herbivore (SFF),359,Coleoptera,3,1,1,1,0,396
360,1,Scarabaeidae (?Onthophagus sp.),detritivore herbivore (SFF),detritivore,herbivore (SFF),360,Coleoptera,3,1,1,1,0,397
361,1,Scarabaeidae (?Onitis sp.),detritivore herbivore (SFF),detritivore,herbivore (SFF),361,Coleoptera,3,1,1,1,0,398
362,1,Dascillidae (Eubrianax sp.),herbivore (RF) nonfeeding,herbivore (RF),nonfeeding,362,Coleoptera,3,1,1,1,0,399
363,1,Colydiidae cf. Orthocerus,fungivore herbivore (EFF),fungivore,herbivore (EFF),363,Coleoptera,3,1,1,1,0,400
364,1,Ptinidae (gen. et sp. indet.),detritivore detritivore,detritivore,detritivore,364,Coleoptera,3,1,1,1,0,401
365,1,Trogossitidae (Trogossita eocaenica),insectivore insectivore,insectivore,insectivore,365,Coleoptera,3,1,1,1,0,402
366,1,Oedemeridae (gen. et sp. indet.),detritivore herbivore (SFF),detritivore,herbivore (SFF),366,Coleoptera,3,1,1,1,0,403
367,1,Phytophaga' (fam. indet. 1 and DT08),herbivore (EFF) herbivore (EFF),herbivore (EFF),herbivore (EFF),367,Coleoptera,1,1,1,1,0,404
368,1,Phytophaga' (fam. indet. 2 and DT15),herbivore (EFF) herbivore (SP),herbivore (EFF),herbivore (SP),368,Coleoptera,1,1,1,1,0,405
369,1,Phytophaga' (fam. indet. 3 and DT30),herbivore (EFF) herbivore (EFF),herbivore (EFF),herbivore (EFF),369,Coleoptera,2,1,1,1,0,406
370,1,Phytophaga' (fam. indet. 3 and DT63),herbivore (EFF) herbivore (EFF),herbivore (EFF),herbivore (EFF),370,Coleoptera,2,1,1,1,0,407
371,1,Phytophaga' (fam. indet. 4 and DT216),herbivore (EFF) herbivore (SFF),herbivore (EFF),herbivore (SFF),371,Coleoptera,2,1,1,1,0,408
372,1,Phytophaga' (fam. indet. 5 and DT143),herbivore (EFF) herbivore (EFF),herbivore (EFF),herbivore (EFF),372,Coleoptera,2,1,1,1,0,409
373,1,Phytophaga' (fam.indet. 6 and DT211,herbivore (EFF) herbivore (SFF),herbivore (EFF),herbivore (SFF),373,Coleoptera,2,1,1,1,0,410
374,1,Phytophaga' (fam. indet. 7 and DT207),herbivore (EFF) herbivore (SFF),herbivore (EFF),herbivore (SFF),374,Coleoptera,2,1,1,1,0,411
375,1,Phytophaga' (fam. indet. 8 and DT220),herbivore (EFF) herbivore (EFF),herbivore (EFF),herbivore (EFF),375,Coleoptera,2,1,1,1,0,412
376,1,Phytophaga' (fam. indet. 9 and DT137),herbivore (EFF) herbivore (EFF),herbivore (EFF),herbivore (EFF),376,Coleoptera,2,1,1,1,0,413
377,1,Phytophaga' (fam. indet 10 and DT12),herbivore (EFF) herbivore (EFF),herbivore (EFF),herbivore (EFF),377,Coleoptera,1,1,1,1,0,414
378,1,Phytophaga' (fam. indet. 11 and DT14),herbivore (EFF) herbivore (SFF),herbivore (EFF),herbivore (SFF),378,Coleoptera,1,1,1,1,0,415
379,1,Phytophaga' (fam. indet. 11 and DT13),herbivore (EFF) herbivore (PO),herbivore (EFF),herbivore (PO),379,Coleoptera,1,1,1,1,0,416
380,1,Cerambycidae (Lamiinae),herbivore (WB) herbivore (SFF),herbivore (WB),herbivore (SFF),380,Coleoptera,3,1,1,1,0,417
381,1,Cerambycidae (Prioninae),herbivore (WB) herbivore (SFF),herbivore (WB),herbivore (SFF),381,Coleoptera,3,1,1,1,0,418
382,1,Cerambycidae (gen. et sp. indet. and DT212,herbivore (WB) herbivore (EFF),herbivore (WB),herbivore (EFF),382,Coleoptera,3,1,1,1,0,419
383,1,Chrysomelidae (Sagra sp.),herbivore (EFF) herbivore (SFF),herbivore (EFF),herbivore (SFF),383,Coleoptera,3,1,1,1,0,420
384,1,Chrysomelidae (Lina sp. and DT57),herbivore (EFF) herbivore (EFF),herbivore (EFF),herbivore (EFF),384,Coleoptera,3,1,1,1,0,421
385,1,Chrysomelidae (gen. et sp. indet. and DT08),herbivore (EFF) herbivore (EFF),herbivore (EFF),herbivore (EFF),385,Coleoptera,2,1,1,1,0,422
386,1,Chrysomelidae (Cassidinae indet. 1 and DT203 ),herbivore (EFF) herbivore (EFF),herbivore (EFF),herbivore (EFF),386,Coleoptera,3,1,1,1,0,423
387,1,Chrysomelidae (Cassidinae indet. 2 and DT192),herbivore (EFF) herbivore (EFF),herbivore (EFF),herbivore (EFF),387,Coleoptera,3,1,1,1,0,424
388,1,Chrysomelidae (gen. et sp. indet. and DT193,herbivore (LM) herbivore (EFF),herbivore (LM),herbivore (EFF),388,Coleoptera,3,1,1,1,0,425
389,1,Chrysomelidae (Bruchinae indet.),herbivore (SP) omnivore,herbivore (SP),omnivore,389,Coleoptera,3,1,1,1,0,426
390,1,cf. Brenthidae,herbivore (WB) herbivore (EFF),herbivore (WB),herbivore (EFF),390,Coleoptera,3,1,1,1,0,427
391,1,Apionidae (gen. et sp. indet.),herbivore (SP) herbivore (EFF),herbivore (SP),herbivore (EFF),391,Coleoptera,3,1,1,1,0,428
392,1,Curculionidae (gen. et sp. indet. 1),herbivore herbivore (EFF),herbivore,herbivore (EFF),392,Coleoptera,3,1,1,1,0,429
393,1,Curculionidae (gen. et sp. indet. 2 and DT74),herbivore (SP) herbivore (SP),herbivore (SP),herbivore (SP),393,Coleoptera,3,1,1,1,0,430
394,1,Curculionidae (gen. et sp. indet. 3 and DT07),herbivore (EFF) herbivore (EFF),herbivore (EFF),herbivore (EFF),394,Coleoptera,2,1,1,1,0,431
395,1,Curculionidae (aff. Balaninus and DT167),herbivore (SP) herbivore (SP),herbivore (SP),herbivore (SP),395,Coleoptera,3,1,1,1,0,432
396,1,Fam. indet. (DT195),herbivore (LM) insectivore,herbivore (LM),insectivore,396,Coleoptera,2,1,1,1,0,433
397,1,Fam. indet. (DT29),herbivore (WB) herbivore (PO),herbivore (WB),herbivore (PO),397,Coleoptera,2,1,1,1,0,434
398,1,Myrmecolacidae (Stichotrema sp.),parasitoid nonfeeding,parasitoid,nonfeeding,398,Strepsiptera,2,1,1,1,0,435
399,1,Fam. indet.,detritivore detritivore,detritivore,detritivore,399,Mecoptera,3,1,1,1,0,436
400,1,Tipulidae (gen. et sp. indet.),detritivore herbivore (SFF),detritivore,herbivore (SFF),400,Diptera,3,3,1,1,1,437
401,1,Limoniidae (gen. et sp. indet.),detritivore nonfeeding,detritivore,nonfeeding,401,Diptera,3,3,1,1,1,438
402,1,Chaoboridae (gen. indet. and larva),detritivore parasite,detritivore,parasite,402,Diptera,2,3,1,1,1,439
403,1,Chironomidae (gen. et sp. indet.),detritivore parasite,detritivore,parasite,403,Diptera,2,3,1,1,1,440
404,1,Culicidae (gen. et sp. indet.),detritivore parasite,detritivore,parasite,404,Diptera,3,3,1,1,1,441
405,1,Cecidomyiidae (gen. et sp. indet. 1 and DT80,herbivore (GA) herbivore (SFF),herbivore (GA),herbivore (SFF),405,Diptera,2,1,1,1,0,442
406,1,Cecidomyiidae (gen. et sp. indet. 2 and DT188,herbivore (GA) herbivore (SFF),herbivore (GA),herbivore (SFF),406,Diptera,2,1,1,1,0,443
407,1,Cecidomyiidae (gen. et sp. indet. 3 and DT11 and DT197,herbivore (GA) herbivore (SFF),herbivore (GA),herbivore (SFF),407,Diptera,3,1,1,1,0,444
408,1,Cecidomyiidae (gen. et sp. indet. 4 and DT83),herbivore (GA) herbivore (SFF),herbivore (GA),herbivore (SFF),408,Diptera,3,1,1,1,0,445
409,1,Cecidomyiidae (gen. et sp. indet. 5 and DT84),herbivore (GA) herbivore (SFF),herbivore (GA),herbivore (SFF),409,Diptera,2,1,1,1,0,446
410,1,Cecidomyiidae (gen. et sp. indet. 6 and DT215),herbivore (GA) herbivore (SFF),herbivore (GA),herbivore (SFF),410,Diptera,3,1,1,1,0,447
411,1,Cecidomyiidae (gen. et sp. indet. 7 and DT213,herbivore (GA) herbivore (SFF),herbivore (GA),herbivore (SFF),411,Diptera,3,1,1,1,0,448
412,1,Cecidomyiidae (gen. et sp. indet. 8 and DT149,herbivore (GA) herbivore (SFF),herbivore (GA),herbivore (SFF),412,Diptera,3,1,1,1,0,449
413,1,Cecidomyiidae (gen. et sp. indet. 9 and DT218),herbivore (GA) herbivore (SFF),herbivore (GA),herbivore (SFF),413,Diptera,3,1,1,1,0,450
414,1,Cecidomyiidae (gen. et sp. indet. 10 and DT217,herbivore (GA) herbivore (SFF),herbivore (GA),herbivore (SFF),414,Diptera,3,1,1,1,0,451
415,1,Cecidomyiidae (gen. et sp. indet. 11 and DT34),herbivore (GA) herbivore (SFF),herbivore (GA),herbivore (SFF),415,Diptera,2,1,1,1,0,452
416,1,Cecidomyiidae (gen. et sp. indet. 12 and DT145,herbivore (GA) herbivore (SFF),herbivore (GA),herbivore (SFF),416,Diptera,3,1,1,1,0,453
417,1,Cecidomyiidae (Asphondyliini and DT163 and DT206,herbivore (GA) herbivore (SFF),herbivore (GA),herbivore (SFF),417,Diptera,2,1,1,1,0,454
418,1,Cecidomyiidae (gen et sp. indet. 13 and DT204),herbivore (GA) herbivore (SFF),herbivore (GA),herbivore (SFF),418,Diptera,3,1,1,1,0,455
419,1,Cecidomyiidae (Cecidomyia sp. and DT49),herbivore (GA) herbivore (SFF),herbivore (GA),herbivore (SFF),419,Diptera,2,1,1,1,0,456
420,1,Cecidomyiidae (Dasyneura sp. and DT85),herbivore (GA) herbivore (SFF),herbivore (GA),herbivore (SFF),420,Diptera,2,1,1,1,0,457
421,1,Cecidomyiidae (gen. et sp. indet and DT33),herbivore (GA) herbivore (SFF),herbivore (GA),herbivore (SFF),421,Diptera,3,1,1,1,0,458
422,1,Nemestrinidae (cf. Hirmoneura sp.),parasitoid herbivore (SFF),parasitoid,herbivore (SFF),422,Diptera,3,1,1,1,0,459
423,1,Tabanidae (gen. et sp. indet.),detritivore parasite,detritivore,parasite,423,Diptera,3,1,1,1,0,460
424,1,Stratiomyiidae (gen. et sp. indet.),detritivore herbivore (SFF),detritivore,herbivore (SFF),424,Diptera,3,1,1,1,0,461
425,1,Athericidae (gen. et sp. indet.),insectivore parasite,insectivore,parasite,425,Diptera,3,1,1,1,0,462
426,1,Asilidae (gen. et sp. indet.),insectivore insectivore,insectivore,insectivore,426,Diptera,3,1,1,1,0,463
427,1,Syrphidae (gen. et sp. indet.),fungivore herbivore (PO),fungivore,herbivore (PO),427,Diptera,3,3,1,1,1,464
428,1,Brachycera (fam. indet.),parasitoid parasite,parasitoid,parasite,428,Diptera,3,1,1,1,0,465
429,1,Tephritidae (gen. et sp. indet and DT117),herbivore (GA) herbivore (SFF),herbivore (GA),herbivore (SFF),429,Diptera,3,1,1,1,0,466
430,1,Agromyzidae (gen. et sp. indet. and DT185,herbivore (LM) herbivore (SFF),herbivore (LM),herbivore (SFF),430,Diptera,2,1,1,1,0,467
431,1,Agromyzidae (gen. et sp. indet. and DT109),herbivore (LM) herbivore (SFF),herbivore (LM),herbivore (SFF),431,Diptera,2,1,1,1,0,468
432,1,Cecidomyiidae (gen. et sp. indet. DT80,herbivore (GA) herbivore (SFF),herbivore (GA),herbivore (SFF),432,Diptera,2,1,1,1,0,469
433,1,Tenthredinoidea (fam. indet. and DT78),herbivore (EFF) herbivore (SFF),herbivore (EFF),herbivore (SFF),433,Hymenoptera,3,1,1,1,0,470
434,1,Tenthredinidae (gen. et sp. indet. and DT187),herbivore (LM) herbivore (SFF),herbivore (LM),herbivore (SFF),434,Hymenoptera,3,1,1,1,0,471
435,1,Torymidae (gen. et sp. indet. 1 and DT62),parasitoid herbivore (SFF),parasitoid,herbivore (SFF),435,Hymenoptera,3,1,1,1,0,472
436,1,Torymidae (gen. sp. indet. 2 and DT213,parasitoid herbivore (SFF),parasitoid,herbivore (SFF),436,Hymenoptera,3,1,1,1,0,473
437,1,Eulophidae (gen. et sp. indet. and DT189),parasitoid herbivore (SFF),parasitoid,herbivore (SFF),437,Hymenoptera,2,1,1,1,0,474
438,1,Eucharitidae (gen. et sp. indet. and DT83),parasitoid herbivore (SFF),parasitoid,herbivore (SFF),438,Hymenoptera,3,1,1,1,0,475
439,1,Chalcididae (Chalcidinae),parasitoid herbivore (SFF),parasitoid,herbivore (SFF),439,Hymenoptera,3,1,1,1,0,476
440,1,Proctotrupoidea (fam. indet.),parasitoid herbivore (SFF),parasitoid,herbivore (SFF),440,Hymenoptera,3,1,1,1,0,477
441,1,Ichneumonidae (gen. et sp. indet.),parasitoid herbivore (SFF),parasitoid,herbivore (SFF),441,Hymenoptera,3,1,1,1,0,478
442,1,Braconidae (gen. et sp. indet.),parasitoid herbivore (SFF),parasitoid,herbivore (SFF),442,Hymenoptera,3,1,1,1,0,479
443,1,Cynipidae (gen. et sp. indet. and DT209,herbivore (GA) herbivore (SFF),herbivore (GA),herbivore (SFF),443,Hymenoptera,1,1,1,1,0,480
444,1,Cynipidae (gen. et sp. indet. 2 and DT186,herbivore (GA) herbivore (SFF),herbivore (GA),herbivore (SFF),444,Hymenoptera,3,1,1,1,0,481
445,1,Formicidae (Dolichoderinae),insectivore insectivore,insectivore,insectivore,445,Hymenoptera,3,1,1,1,0,482
446,1,Formicidae (Formicinae),insectivore insectivore,insectivore,insectivore,446,Hymenoptera,3,1,1,1,0,483
447,1,Formicidae (Formicium giganteum),insectivore insectivore,insectivore,insectivore,447,Hymenoptera,3,1,1,1,0,484
448,1,Formicidae (Formicium simillimum),insectivore insectivore,insectivore,insectivore,448,Hymenoptera,3,1,1,1,0,485
449,1,Formicidae (Myrmiciinae),insectivore insectivore,insectivore,insectivore,449,Hymenoptera,3,1,1,1,0,486
450,1,Formicidae (Ponerinae),insectivore insectivore,insectivore,insectivore,450,Hymenoptera,3,1,1,1,0,487
451,1,Formicidae (cf. Attini and DT214,fungivore predator,fungivore,predator,451,Hymenoptera,3,1,1,1,0,488
452,1,Pompilidae (gen. et sp. indet.),parasitoid insectivore,parasitoid,insectivore,452,Hymenoptera,3,1,1,1,0,489
453,1,Scoliidae (gen. et sp. indet.),parasitoid herbivore (SFF),parasitoid,herbivore (SFF),453,Hymenoptera,3,1,1,1,0,490
454,1,Tiphiidae (gen. et sp. indet.),parasitoid omnivore,parasitoid,omnivore,454,Hymenoptera,3,1,1,1,0,491
455,1,Sphecidae (gen. et sp. indet.),parasitoid insectivore,parasitoid,insectivore,455,Hymenoptera,3,1,1,1,0,492
456,1,Eumenidae (gen. et sp. indet.),insectivore predator,insectivore,predator,456,Hymenoptera,3,1,1,1,0,493
457,1,Vespidae (gen. et sp. indet.),insectivore insectivore,insectivore,insectivore,457,Hymenoptera,3,1,1,1,0,494
458,1,Anthophoridae (gen. et sp. indet.),herbivore (SFF) herbivore (PO),herbivore (SFF),herbivore (PO),458,Hymenoptera,3,1,1,1,0,495
459,1,Megachilidae (gen. et sp. indet. and DT81),detritivore (PO) herbivore (PO),detritivore (PO),herbivore (PO),459,Hymenoptera,3,1,1,1,0,496
460,1,Apidae (Pygomelissa lutetia),detritivore (SFF) herbivore (SFF),detritivore (SFF),herbivore (SFF),460,Hymenoptera,3,1,1,1,0,497
461,1,Apidae (Protobombus messelensis),detritivore (SFF) herbivore (SFF),detritivore (SFF),herbivore (SFF),461,Hymenoptera,3,1,1,1,0,498
462,1,Apidae (Ecfeldapis electrapoides),herbivore herbivore (PO),herbivore,herbivore (PO),462,Hymenoptera,2,1,1,1,0,499
463,1,Limnephilidae (gen. et sp. indet.),detritivore herbivore (SFF),detritivore,herbivore (SFF),463,Trichoptera,2,3,1,1,1,500
464,1,Fam. indet. (larval cases),detritivore herbivore (SFF),detritivore,herbivore (SFF),464,Trichoptera,2,3,1,1,1,501
465,1,Micropterygidae (gen. et sp. indet.),herbivore (LM) herbivore (SFF),herbivore (LM),herbivore (SFF),465,Lepidoptera,2,1,1,1,0,502
466,1,Nepticulidae (gen. et sp. indet. 1 and DT41),herbivore (LM) herbivore (SFF),herbivore (LM),herbivore (SFF),466,Lepidoptera,3,1,1,1,0,503
467,1,Nepticulidae (gen. et sp. indet. 2 and DT44),herbivore (LM) herbivore (SFF),herbivore (LM),herbivore (SFF),467,Lepidoptera,3,1,1,1,0,504
468,1,Nepticulidae (gen. et sp. indet. 3 and DT171),herbivore (LM) herbivore (SFF),herbivore (LM),herbivore (SFF),468,Lepidoptera,3,1,1,1,0,505
469,1,Nepticulidae (gen et sp. indet. 4 and DT45),herbivore (LM) herbivore (SFF),herbivore (LM),herbivore (SFF),469,Lepidoptera,2,1,1,1,0,506
470,1,Nepticulidae (gen. et sp. indet. 5 and DT176,herbivore (LM) herbivore (SFF),herbivore (LM),herbivore (SFF),470,Lepidoptera,2,1,1,1,0,507
471,1,Nepticulidae: Stigmellites messelensis,herbivore (LM) herbivore (SFF),herbivore (LM),herbivore (SFF),471,Lepidoptera,3,1,1,1,0,508
472,1,Bucculatrigidae (Bucculatrix sp. and DT170,herbivore (LM) herbivore (SFF),herbivore (LM),herbivore (SFF),472,Lepidoptera,3,1,1,1,0,509
473,1,Gracillariidae (?Phyllonorycter sp. and DT208,herbivore (LM) herbivore (SFF),herbivore (LM),herbivore (SFF),473,Lepidoptera,3,1,1,1,0,510
474,1,Gracillariidae (gen. et sp. indet. 1 and DT164),herbivore (LM) herbivore (SFF),herbivore (LM),herbivore (SFF),474,Lepidoptera,3,1,1,1,0,511
475,1,Gracillariidae (gen. et sp. indet. 2 and DT210),herbivore (LM) herbivore (SFF),herbivore (LM),herbivore (SFF),475,Lepidoptera,2,1,1,1,0,512
476,1,Gracillariidae (gen. et sp. indet. 3 and DT152,herbivore (LM) herbivore (SFF),herbivore (LM),herbivore (SFF),476,Lepidoptera,2,1,1,1,0,513
477,1,Gracillariidae (gen. et sp. indet. 4 and DT222),herbivore (LM) herbivore (SFF),herbivore (LM),herbivore (SFF),477,Lepidoptera,3,1,1,1,0,514
478,1,Gracillariidae (gen. et sp. indet. 5 and DT37),herbivore (LM) herbivore (SFF),herbivore (LM),herbivore (SFF),478,Lepidoptera,3,1,1,1,0,515
479,1,Coleophoridae (cf. Homaledra and DT182,herbivore (LM) herbivore (SFF),herbivore (LM),herbivore (SFF),479,Lepidoptera,3,1,1,1,0,516
480,1,Coleophoridae (gen. et sp. indet. and DT224,herbivore (LM) herbivore (SFF),herbivore (LM),herbivore (SFF),480,Lepidoptera,3,1,1,1,0,517
481,1,Incurvariidae (gen. et sp. indet. 1 and DT38),herbivore (LM) herbivore (SFF),herbivore (LM),herbivore (SFF),481,Lepidoptera,3,1,1,1,0,518
482,1,Incurvariidae (gen. et sp. indet. 2 and DT223,herbivore (LM) herbivore (SFF),herbivore (LM),herbivore (SFF),482,Lepidoptera,3,1,1,1,0,519
483,1,Cosmopterygidae (gen. et sp. indet.),herbivore (LM) herbivore (PO),herbivore (LM),herbivore (PO),483,Lepidoptera,2,1,1,1,0,520
484,1,Geometridae (gen. et sp. indet. and DT22 and DT196,herbivore (EFF) herbivore (SFF),herbivore (EFF),herbivore (SFF),484,Lepidoptera,3,1,1,1,0,521
485,1,Ditrysia (fam. indet. 1 and DT27),herbivore (EFF) herbivore (SFF),herbivore (EFF),herbivore (SFF),485,Lepidoptera,3,1,1,1,0,522
486,1,Ditrysia (fam. indet. 2 and DT16),herbivore (EFF) herbivore (SFF),herbivore (EFF),herbivore (SFF),486,Lepidoptera,3,1,1,1,0,523
487,1,Ditrysia (fam. indet. 3 and DT17),herbivore (EFF) herbivore (SFF),herbivore (EFF),herbivore (SFF),487,Lepidoptera,2,1,1,1,0,524
488,1,Ditrysia (fam. indet. 4 and DT14),herbivore (EFF) herbivore (SFF),herbivore (EFF),herbivore (SFF),488,Lepidoptera,1,1,1,1,0,525
489,1,Ditrysia (fam. indet. 5 and DT79),herbivore (EFF) herbivore (SFF),herbivore (EFF),herbivore (SFF),489,Lepidoptera,3,1,1,1,0,526
490,1,Ditrysia (fam. indet. 6 and DT142,herbivore (EFF) herbivore (SFF),herbivore (EFF),herbivore (SFF),490,Lepidoptera,2,1,1,1,0,527
491,1,Ditrysia (fam. indet. 7 and DT202,herbivore (EFF) herbivore (SFF),herbivore (EFF),herbivore (SFF),491,Lepidoptera,3,1,1,1,0,528
492,1,Ditrysia (fam. indet. 8 and DT201,herbivore (EFF) herbivore (SFF),herbivore (EFF),herbivore (SFF),492,Lepidoptera,3,1,1,1,0,529
493,1,Ditrysia (fam. indet 9 and DT22),herbivore (EFF) herbivore (SFF),herbivore (EFF),herbivore (SFF),493,Lepidoptera,3,1,1,1,0,530
494,1,Ditrysia (fam. indet. 10 and DT61),herbivore (EFF) herbivore (SFF),herbivore (EFF),herbivore (SFF),494,Lepidoptera,2,1,1,1,0,531
495,1,Ditrysia (fam. indet. 11 and DT50),herbivore (EFF) herbivore (SFF),herbivore (EFF),herbivore (SFF),495,Lepidoptera,2,1,1,1,0,532
496,1,Ditrysia (fam. indet. 12 and DT19),herbivore (EFF) herbivore (SFF),herbivore (EFF),herbivore (SFF),496,Lepidoptera,3,1,1,1,0,533
497,1,Ditrysia (fam. indet. 13 and DT06),herbivore (EFF) herbivore (SFF),herbivore (EFF),herbivore (SFF),497,Lepidoptera,3,1,1,1,0,534
498,1,Ditrysia (fam. indet. 14 and DT26),herbivore (EFF) herbivore (SFF),herbivore (EFF),herbivore (SFF),498,Lepidoptera,2,1,1,1,0,535
499,1,Ditrysia (fam. indet. 15 and DT05),herbivore (EFF) herbivore (SFF),herbivore (EFF),herbivore (SFF),499,Lepidoptera,1,1,1,1,0,536
500,1,Ditrysia (fam. indet. 16 and DT13),herbivore (EFF) herbivore (SFF),herbivore (EFF),herbivore (SFF),500,Lepidoptera,1,1,1,1,0,537
501,1,Papilionoidea (fam. indet.),herbivore (EFF) herbivore (SFF),herbivore (EFF),herbivore (SFF),501,Lepidoptera,3,1,1,1,0,538
502,1,(order indet. 1 and DT87),herbivore (GA) ─,herbivore (GA),─,502,Insecta,1,1,1,1,0,539
503,1,(order indet. 2 and DT55),herbivore (GA) ─,herbivore (GA),─,503,Insecta,1,1,1,1,0,540
504,1,(order indet. 3 and DT01),herbivore (EFF) ─,herbivore (EFF),─,504,Insecta,1,1,1,1,0,541
505,1,(order indet. 4 and DT02),herbivore (EFF) insectivore,herbivore (EFF),insectivore,505,Insecta,1,1,1,1,0,542
506,1,(order indet. 5 and DT12),herbivore (EFF) insectivore,herbivore (EFF),insectivore,506,Insecta,1,1,1,1,0,543
507,1,(order indet. 6 and DT14),herbivore (EFF) ─,herbivore (EFF),─,507,Insecta,1,1,1,1,0,544
508,1,(order indet. 7 and DT13),herbivore (EFF) insectivore,herbivore (EFF),insectivore,508,Insecta,1,1,1,1,0,545
509,1,(order indet. 8 and DT15),herbivore (EFF) ─,herbivore (EFF),─,509,Insecta,1,1,1,1,0,546
510,1,(order indet. 9 and DT03),herbivore (EFF) ─,herbivore (EFF),─,510,Insecta,1,1,1,1,0,547
511,1,(order indet. 10 and DT04),herbivore (EFF) insectivore,herbivore (EFF),insectivore,511,Insecta,1,1,1,1,0,548
512,1,Eriophyidae (gen. et sp. indet. 1 and DT147),herbivore (GA) herbivore (EFF),herbivore (GA),herbivore (EFF),512,Acari,3,1,1,1,0,549
513,1,Eriophyidae (gen. et sp. indet. 2 and DT189),herbivore (GA) herbivore (EFF),herbivore (GA),herbivore (EFF),513,Acari,2,1,1,1,0,550
514,1,Eriophyidae (gen. et sp. indet. 3 and DT32),herbivore (GA) herbivore (EFF),herbivore (GA),herbivore (EFF),514,Acari,2,1,1,1,0,551
515,1,Eriophyidae (gen. et sp. indet. 4 and DT62),herbivore (GA) herbivore (EFF),herbivore (GA),herbivore (EFF),515,Acari,3,1,1,1,0,552
516,1,Eriophyidae (gen. et sp. indet. 5 and DT11),herbivore (GA) herbivore (EFF),herbivore (GA),herbivore (EFF),516,Acari,3,1,1,1,0,553
517,1,Eriophyidae (gen. et sp. indet. 6 and DT150,herbivore (GA) herbivore (EFF),herbivore (GA),herbivore (EFF),517,Acari,3,1,1,1,0,554
518,1,Eriophyidae (gen. et sp. indet. 7 and DT120),herbivore (GA) herbivore (EFF),herbivore (GA),herbivore (EFF),518,Acari,3,1,1,1,0,555
519,1,Phalangiida (fam. indet.),detritivore detritivore,detritivore,detritivore,519,Phalangiida,3,1,1,1,0,556
520,1,Araneidae (cf. Singa),predator predator,predator,predator,520,Araneida,3,1,1,1,0,557
521,1,Pelobatidae (Eopelobates wagneri),predator ,predator,,521,Anura,3,3,1,1,1,566
522,1,Palaeobatrachidae (Messelobatrachus tobieni),insectivore ,insectivore,,522,Anura,3,3,1,1,1,567
523,1,Fam. indet. (Lutetiobatrachus gracilis),insectivore ,insectivore,,523,Anura,3,3,1,1,1,568
524,1,Salamandridae (Chelotriton robustus),insectivore ,insectivore,,524,Urodela,3,3,1,1,1,570
525,1,Cf. Iguanidae (gen. et sp. indet.),herbivore ,herbivore,,525,Lacertilia,3,1,1,1,0,571
526,1,Iguanidae (Geiseltaliellus longicaudus),omnivore ,omnivore,,526,Lacertilia,3,1,1,1,0,572
527,1,Fam. Indet. 'small species',predator ,predator,,527,Lacertilia,3,1,1,1,0,573
528,1,Scincidae (aff. Scincomorpha sp.),insectivore ,insectivore,,528,Lacertilia,3,1,1,1,0,574
529,1,Scincidae (gen. et sp. indet.),herbivore ,herbivore,,529,Lacertilia,3,1,1,1,0,575
530,1,Anguidae (Xestops abderhaldeni),molluscivore insectivore,molluscivore,insectivore,530,Lacertilia,3,1,1,1,0,576
531,1,Anguidae (Ophisauriscus quadrupes),insectivore molluscivore,insectivore,molluscivore,531,Lacertilia,3,1,1,1,0,577
532,1,Necrosauridae (Genus A),predator ,predator,,532,Lacertilia,3,1,1,1,0,578
533,1,Necrosauridae ('Saniwa' feisti),predator ,predator,,533,Lacertilia,3,1,1,1,0,579
534,1,Necrosauridae (Genus C),predator ,predator,,534,Lacertilia,3,1,1,1,0,580
535,1,Lacertidae (Eolacerta robusta),insectivore ,insectivore,,535,Lacertilia,3,1,1,1,0,581
536,1,Boidae (Palaeopython fischeri),predator ,predator,,536,Serpentes,3,1,1,1,0,582
537,1,Boidae (Paleryx nov. sp.),predator ,predator,,537,Serpentes,3,1,1,1,0,583
538,1,Boidae (Messelophis ermannorum),predator ,predator,,538,Serpentes,3,1,1,1,0,584
539,1,Boidae (Messelophis variatus),predator ,predator,,539,Serpentes,3,1,1,1,0,585
540,1,Aniliidae (gen. et sp. 1 nov.),predator ,predator,,540,Serpentes,3,1,1,1,0,586
541,1,Aniliidae (gen. et sp. 2 nov.),predator ,predator,,541,Lacertilia,3,1,1,1,0,587
542,1,Leidyosuchidae (Diplocynodon darwini),piscivore ,piscivore,,542,Crocodylia,3,3,1,1,1,594
543,1,Leidyosuchidae (Diplocynodon ebertsi),piscivore ,piscivore,,543,Crocodylia,3,3,1,1,1,595
544,1,Leidyosuchidae (Baryphracta deponiae),predator ,predator,,544,Crocodylia,3,3,1,1,1,596
545,1,Crocodylidae (Asiatosuchus germanicus),predator ,predator,,545,Crocodylia,3,3,1,1,1,597
546,1,Alligatoridae (Allognathosuchus haupti),predator molluscivore,predator,molluscivore,546,Crocodylia,3,3,1,1,1,598
547,1,Pristichampsidae (Pristichampsus rollinati),piscivore ,piscivore,,547,Crocodylia,3,3,1,1,1,599
548,1,Bergisuchidae (Bergisuchus dietrichbergi),predator ,predator,,548,Crocodylia,3,1,1,1,0,600
549,1,Palaeotididae (Palaeotis weigelti),herbivore ,herbivore,,549,Palaeognathae,3,1,1,1,0,602
550,1,Gallinuloididae (Paraortygoides messelensis),herbivore ,herbivore,,550,Galliformes,3,1,1,1,0,603
551,1,Gastornithidae (Gastornis geiselensis),predator ,predator,,551,Anseriformes,3,1,1,1,0,604
552,1,Phoenicopteridae (Juncitarsus merkeli),insectivore ,insectivore,,552,Phoenicopteriformes,3,1,1,1,0,605
553,1,Sulidae (Masillastega rectirostris),piscivore ,piscivore,,553,Pelecaniformes,3,3,1,1,1,606
554,1,Threskiornithidae (Rhynchaeitites messelensis),piscivore insectivore,piscivore,insectivore,554,Ciconiiformes,3,1,1,1,0,607
555,1,?Phorusrhacidae (Aenigmavis sapea),predator ,predator,,555,Gruiformes',3,1,1,1,0,608
556,1,Idiornithidae (Idiornis tuberculata),predator ,predator,,556,Gruiformes',3,1,1,1,0,609
557,1,Idiornithidae (Idiornis cf. itardiensis),predator ,predator,,557,Gruiformes',3,3,1,1,1,610
558,1,Messelornithidae (Messelornis cristata),omnivore ,omnivore,,558,Gruiformes',3,1,1,1,0,611
559,1,Salmilidae (Salmila robusta),omnivore ,omnivore,,559,Gruiformes',3,1,1,1,0,612
560,1,Fam. indet. (Pumiliornis tessellatus),insectivore ,insectivore,,560,Order Incertae Sedis A,3,1,1,1,0,613
561,1,Fam. indet. (gen. et sp. indet.),predator ,predator,,561,Charadriiformes,3,1,1,1,0,614
562,1,Accipitridae (Masillaraptor parvunguis),predator ,predator,,562,Falconiformes,3,1,1,1,0,615
563,1,Messelasturidae (Messelastur gratulator),predator ,predator,,563,?Falconiformes,3,1,1,1,0,616
564,1,Pseudasturidae (Pseudasturides macrocephalus),omnivore ,omnivore,,564,Psittaciformes,3,1,1,1,0,617
565,1,Pseudasturidae (Serudaptus pohli),insectivore ,insectivore,,565,Psittaciformes,3,1,1,1,0,618
566,1,Pseudasturidae (?Pseudastur sp.),omnivore ,omnivore,,566,Psittaciformes,3,1,1,1,0,619
567,1,Fam. indet. (Psittacopes lepidus),herbivore (SP) ,herbivore (SP),,567,Psittaciformes,3,1,1,1,0,620
568,1,Palaeoglaucidae (Palaeoglaux artophoron),insectivore ,insectivore,,568,Strigiformes,3,1,1,1,0,621
569,1,Sandcoleidae (Eoglaucidium pallas),herbivore (SP) ,herbivore (SP),,569,Coliiformes,3,1,1,1,0,622
570,1,Sandcoleidae (Eoglaucidium sp.),herbivore (SP) ,herbivore (SP),,570,Coliiformes,3,1,1,1,0,623
571,1,Sandcoleidae (cf. Anneavis sp.),omnivore ,omnivore,,571,Coliiformes,3,1,1,1,0,624
572,1,?Sandcoleidae (Chasacocoliius cacicirostris),insectivore ,insectivore,,572,Coliiformes,3,1,1,1,0,625
573,1,Coliidae (Masillacolius brevidactylus),omnivore ,omnivore,,573,Coliiformes,3,1,1,1,0,626
574,1,Fam. indet. (Selmes absurdipes),herbivore (SP) ,herbivore (SP),,574,Coliiformes,3,1,1,1,0,627
575,1,Fluvioviridavidae (Fluvioviridavis platyrhamphus),insectivore ,insectivore,,575,Order Incertae Sedis B,3,1,1,1,0,628
576,1,Fluvioviridavidae (Eurofluvioviridavis robustipes),insectivore ,insectivore,,576,Order Incertae Sedis B,3,1,1,1,0,629
577,1,Podargidae (Masillapodargus longipes),insectivore ,insectivore,,577,Order Incertae Sedis C,3,1,1,1,0,630
578,1,Apodidae (Scaniacypselus szarskii),insectivore ,insectivore,,578,Cypselomorphae,3,1,1,1,0,631
579,1,Nyctibiidae (Paraprefica kelleri),insectivore ,insectivore,,579,Cypselomorphae,3,1,1,1,0,632
580,1,Nyctibiidae (Paraprefica major),insectivore ,insectivore,,580,Cypselomorphae,3,1,1,1,0,633
581,1,Archaeotrogonidae (Hassiavis laticauda),insectivore ,insectivore,,581,Cypselomorphae,3,1,1,1,0,634
582,1,Apodidae (gen. et sp. indet.),insectivore ,insectivore,,582,Cypselomorphae,2,1,1,1,0,635
583,1,Cypselomorphidae (Protocypselomorphus manfredkelleri),insectivore ,insectivore,,583,Cypselomorphae,3,1,1,1,0,636
584,1,Cf. Jungornithidae (cf. Argornis sp.),herbivore (SFF) ,herbivore (SFF),,584,Cypselomorphae,3,1,1,1,0,637
585,1,?Leptosomidae (Plesiocathartes kelleri),insectivore ,insectivore,,585,Order Incertae Sedis D,3,1,1,1,0,638
586,1,Eocoraciidae (Eocoracias brachyptera),omnivore ,omnivore,,586,Coraciiformes,3,1,1,1,0,639
587,1,Atelornithidae (gen. et sp. indet.),predator ,predator,,587,Coraciiformes,3,1,1,1,0,640
588,1,Messelirrisoridae (Messelirrisor parvus),insectivore ,insectivore,,588,Upupiformes,3,1,1,1,0,642
589,1,Messelirrisoridae (Messelirrisor halcyrostris),insectivore ,insectivore,,589,Upupiformes,3,1,1,1,0,643
590,1,Messelirrisoridae (Messelirrisor grandis),insectivore ,insectivore,,590,Upupiformes,3,1,1,1,0,644
591,1,Primobucconidae (?Primobucco sp.),insectivore ,insectivore,,591,Order Incertae Sedis E,3,1,1,1,0,645
592,1,Primoscenidae (Primozygodactylus danielsi),insectivore herbivore (SP),insectivore,herbivore (SP),592,Piciformes,2,1,1,1,0,646
593,1,Primoscenidae (Primozygodactylus major),insectivore herbivore (SP),insectivore,herbivore (SP),593,Piciformes,2,1,1,1,0,647
594,1,Primoscenidae (Primozygodactylus ballmanni),omnivore ,omnivore,,594,Piciformes,3,1,1,1,0,648
595,1,Gracilitarsidae (Gracilitarsus mirabilis),herbivore (SFF) ,herbivore (SFF),,595,Order Incertae Sedis F,3,1,1,1,0,649
596,1,Trogonidae (?Primotrogon pumilio),insectivore ,insectivore,,596,Trogoniformes,3,1,1,1,0,650
597,1,Trogonidae (Primotrogon wintersteini),insectivore ,insectivore,,597,Trogoniformes,3,1,1,1,0,651
598,1,Fam. Indet. Palaeopsittacus cf. georgei,insectivore ,insectivore,,598,?Caprimugliformes,3,1,1,1,0,652
599,1,Trochilidae (Eurotrochilus inexpectatus),herbivore (SFF) ,herbivore (SFF),,599,Trochiliiformes,3,1,1,1,0,653
600,1,Trochilidae (Parargornis messelensis),insectivore ,insectivore,,600,Trochiliiformes,3,1,1,1,0,654
601,1,Herpetotheriidae (Amphiperatherium cf. maximum),omnivore ,omnivore,,601,Metatheria,3,1,1,1,0,655
602,1,Herpetotheriidae (Amphiperatherium goethei),omnivore ,omnivore,,602,Metatheria,3,1,1,1,0,656
603,1,Herpetotheriidae (Amphiperatherium or Peratherium),omnivore ,omnivore,,603,Metatheria,3,1,1,1,0,657
604,1,?Peradectidae ('Peradectes' sp.),omnivore ,omnivore,,604,Metatheria,3,1,1,1,0,658
605,1,Pantolestidae (Buxolestes minor),piscivore ,piscivore,,605,Proteutheria,3,1,1,1,0,659
606,1,Pantolestidae (Buxolestes piscator),piscivore herbivore (SP),piscivore,herbivore (SP),606,Proteutheria,3,1,1,1,0,660
607,1,Paroxyclaenidae ('Paroxyclaenus' sp.),herbivore ,herbivore,,607,Proteutheria,3,1,1,1,0,661
608,1,Paroxyclaenidae (Kopidodon macrognathus),herbivore (SP) herbivore (EFF),herbivore (SP),herbivore (EFF),608,Proteutheria,3,1,1,1,0,662
609,1,Pseudorhynchocyonidae (Lepticidium nasutum),predator ,predator,,609,Proteutheria,3,1,1,1,0,663
610,1,Pseudorhynchocyonidae (Lepticidium auderiense),insectivore ,insectivore,,610,Proteutheria,3,1,1,1,0,664
611,1,Pseudorhynchocyonidae (Lepticidium tobieni),predator insectivore,predator,insectivore,611,Proteutheria,3,1,1,1,0,665
612,1,Apatemyidae (Heterohyus nanus),insectivore ,insectivore,,612,Proteutheria,3,1,1,1,0,666
613,1,Myrmecophagidae (Eurotamandua joresi),insectivore herbivore,insectivore,herbivore,613,Xenarthra,3,1,1,1,0,667
614,1,Amphilemuridae (Macrocranion tupaidon),omnivore ,omnivore,,614,Lipotyphla,3,1,1,1,0,668
615,1,Amphilemuridae (Macrocranion tenerum),insectivore ,insectivore,,615,Lipotyphla,3,1,1,1,0,669
616,1,Amphilemuridae (Pholidocercus hassiacus),insectivore ,insectivore,,616,Lipotyphla,3,1,1,1,0,670
617,1,Archaeonycterididae (Archaeonyceris trigonodon),insectivore ,insectivore,,617,Chiroptera,3,1,1,1,0,671
618,1,Archaeonycterididae (Archaeonyceris pollex),insectivore ,insectivore,,618,Chiroptera,3,1,1,1,0,672
619,1,Palaeochiropterygidae (Palaeochiropteryx tupaiodon),insectivore ,insectivore,,619,Chiroptera,3,1,1,1,0,673
620,1,Palaeochiropterygidae (Palaeochiropteryx spiegeli),insectivore ,insectivore,,620,Chiroptera,3,1,1,1,0,674
621,1,Hassianycterididae (Hassianycteris messelensis),insectivore ,insectivore,,621,Chiroptera,3,1,1,1,0,675
622,1,Hassianycterididae (?Hassianycteris revilliodi),insectivore ,insectivore,,622,Chiroptera,3,1,1,1,0,676
623,1,Hassianycterididae (Hassianycteris magna),insectivore ,insectivore,,623,Chiroptera,3,1,1,1,0,677
624,1,Emballonuridae (Tachypteron franzeni),insectivore ,insectivore,,624,Chiroptera,3,1,1,1,0,678
625,1,Hyaenodontidae (Lesmesodon behnkeae),omnivore ,omnivore,,625,Creodonta,3,1,1,1,0,679
626,1,Hyaenodontidae (Lesmesodon edingeri),predator ,predator,,626,Creodonta,3,1,1,1,0,680
627,1,Manidae (Eomanis krebsi),insectivore ,insectivore,,627,Pholidota,3,1,1,1,0,681
628,1,Manidae (Eomanis waldi),herbivore (EFF) ,herbivore (EFF),,628,Pholidota,3,1,1,1,0,682
629,1,Miacidae (Parodectes feisti),predator ,predator,,629,Carnivora,3,1,1,1,0,683
630,1,Miacidae (Messelogale kessleri),predator ,predator,,630,Carnivora,3,1,1,1,0,684
631,1,Helaletidae (Hyrachus minimus),herbivore (EFF) ,herbivore (EFF),,631,Perissodactyla,3,1,1,1,0,685
632,1,Lophiodontidae (Lophiodon sp.),herbivore (EFF) ,herbivore (EFF),,632,Perissodactyla,3,1,1,1,0,686
633,1,Equidae (Propalaeotherium hassiacum),herbivore (SP) ,herbivore (SP),,633,Perissodactyla,3,1,1,1,0,687
634,1,Equidae (Propalaeotherium parvulum),herbivore (SP) herbivore (EFF),herbivore (SP),herbivore (EFF),634,Perissodactyla,3,1,1,1,0,688
635,1,Equidae (Hallensia matthesi),herbivore ,herbivore,,635,Perissodactyla,3,1,1,1,0,689
636,1,Dichobunidae (Messelobunodon schaeferi),fungivore herbivore (SP),fungivore,herbivore (SP),636,Artiodactyla,3,1,1,1,0,690
637,1,Haplobunodontidae (Masillabune martini),herbivore (EFF) ,herbivore (EFF),,637,Artiodactyla,3,1,1,1,0,691
638,1,Diacodexeidae (Aumelasia cf. gabineaudi),herbivore (SP) ,herbivore (SP),,638,Artiodactyla,3,1,1,1,0,692
639,1,Notharctidae (Europolemur kelleri),predator ,predator,,639,Primates,3,1,1,1,0,693
640,1,Notharctidae (Godinotia neglecta),omnivore ,omnivore,,640,Primates,3,1,1,1,0,694
641,1,Notharctidae (Europolemur koenigswaldi),omnivore ,omnivore,,641,Primates,3,1,1,1,0,695
642,1,Gliridae (Eogliravus wildi),herbivore (SP) ,herbivore (SP),,642,Rodentia,3,1,1,1,0,696
643,1,Ischyromyidae (Ailuravus macrurus),herbivore (EFF) herbivore (SP),herbivore (EFF),herbivore (SP),643,Rodentia,3,1,1,1,0,697
644,1,Ischyromyridae (Hartenbergeromys parvus),insectivore ,insectivore,,644,Rodentia,3,1,1,1,0,698
645,1,Ischyromyridae (Masillamys beegeri),insectivore ,insectivore,,645,Rodentia,3,1,1,1,0,699
646,1,Gen. et sp. indet.,omnivore ,omnivore,,646,Rodentia,3,1,1,1,0,700
