trophospecies_id,n_lumped,sp_name,guild,family,sp_id
1,1,Arrhopalites pygmaeus,Collembola,Arrhopalitidae,2
2,1,Ceratophysella denticulata,Collembola,Hypogastruridae,4
3,2,Folsomia quadrioculata;Folsomia spinosa,Collembola,Isotomidae,14;15
5,2,Isotomiella minor;Parisotoma notabilis,Collembola,Isotomidae,22;40
6,1,Lepidocyrtus lanuginosus,Collembola,Entomobryidae,25
7,1,Lipothrix (Sphyrotheca) lubbocki,Collembola,Sminthuridae,26
8,1,Megalothorax minimus,Collembola,Neelidae,27
9,2,Mesaphorura sp.;Paratullbergia callipygos,Collembola,Tullbergiidae,28;38
12,1,Lithobius crassipes,Chilopoda,Lithobiidae,58
13,1,Lithobius melanops,Chilopoda,Lithobiidae,62
14,1,Lithobius mutabilis,Chilopoda,Lithobiidae,65
15,1,Lithobius cf. mutabilis juv,Chilopoda,Lithobiidae,66
16,1,Lithobius sp1 {s},Chilopoda,Lithobiidae,70
17,1,Lithobius sp4,Chilopoda,Lithobiidae,73
18,1,Geophilus ribauti,Chilopoda,Geophilidae,74
19,1,Geophilus insculptus,Chilopoda,Geophilidae,75
20,1,Schendyla nemorensis,Chilopoda,Schendylidae,77
21,1,Strigamia acuminata,Chilopoda,Dignathodontidae,79
22,1,Scolopendrella sp./subnuda {s},Symphyla,Scolopendrellidae,81
23,1,Pterostichus burmeisteri,Coleoptera,Carabidae,95
24,1,Nargus anisotomoides,Coleoptera,Catopidae,101
25,1,Athous subfuscus (juv) {m},Coleoptera,Elateridae,113
26,1,Athous vittatus (juv),Coleoptera,Elateridae,115
27,1,Athous sp. (juv),Coleoptera,Elateridae,117
28,1,Elateridae sp1 (juv) {m},Coleoptera,Elateridae,119
29,1,Lamprohiza splendidula (juv),Coleoptera,Lampyridae,121
30,1,Atheta sp. (juv),Coleoptera,Stapylinidae,136
31,1,Philonthus sp.,Coleoptera,Stapylinidae,153
32,1,Quedius sp. (juv),Coleoptera,Stapylinidae,154
33,1,Stilicus sp. (juv),Coleoptera,Stapylinidae,156
34,1,Anelasmocephalus cambridgei,Opiliones,Trogulidae,163
35,1,Amaurobius sp (juv),Araneae,Amaurobiidae,164
36,1,Coelotes sp (juv) {l},Araneae,Amaurobiidae,168
37,1,Coelotes terrestris (ad),Araneae,Amaurobiidae,170
38,1,Diplocephalus picinus (ad),Araneae,Linyphiidae,172
39,1,Hahnia pusilla (juv),Araneae,Hahniidae,174
40,1,Hahnia pusilla (ad),Araneae,Hahniidae,175
41,1,Harpactea lepida (ad),Araneae,Dysderidae,177
42,1,Linyphiidae (juv),Araneae,Linyphiidae,178
43,1,Micrargus herbigradus (ad),Araneae,Linyphiidae,179
44,1,Microneta viaria (ad),Araneae,Linyphiidae,180
45,1,Neobisium carcinoides (ad),Pseudoscorpiones,Neobisidae,181
46,1,Neon reticulatus (ad),Araneae,Salticidae,183
47,1,Neon reticulatus (juv),Araneae,Salticidae,184
48,1,Saloca diceros (ad),Araneae,Linyphiidae,188
49,1,Tapinocyba insecta (ad),Araneae,Linyphiidae,189
50,1,Trombidiidae,Prostigmata,Trombidiidae,193
51,1,Walckenaeria cucullata (ad),Araneae,Linyphiidae,194
52,1,Cryphoeca sp (juv),Araneae,Hahniidae,197
53,1,Amblyseius similifloridanus (ad),Mesostigmata,Phytoseinae,198
54,1,Epicrius canestrinii (ad),Mesostigmata,Epicriidae,205
55,1,Gamasina (juv),Mesostigmata,Gamasina,208
56,1,Hypoaspis aculeifer (ad),Mesostigmata,Hypoaspididae,213
57,1,Leitneria granulata (juv),Mesostigmata,Halolaelapidae,215
58,1,Macrocheles montanus (ad),Mesostigmata,Macrochelidae,226
59,1,Pachyseius angustus (ad),Mesostigmata,Macrochelidae,231
60,1,Prozercon fimbriatus (ad),Mesostigmata,Zerconidae,239
61,1,Uropoda cassidea (juv),Mesostigmata,Uropodidae,249
62,1,Uroseius cylindricus (juv),Mesostigmata,Polyaspidae,255
63,1,Veigaia nemorensis (ad),Mesostigmata,Veigaiaidae,263
64,1,Zercon cf gurensis sp1 (ad),Mesostigmata,Zerconidae,266
65,3,Aporrectodea caliginosa (juv) {xl};Aporrectodea rosea (ad);Aporrectodea rosea (juv),Lumbricidae,Lumbricidae,272;274;275
68,1,Lumbricus cf rubellus (juv),Lumbricidae,Lumbricidae,282
69,1,Octolasion tyrtaeum (ad) {xxl},Lumbricidae,Lumbricidae,286
70,1,Dendrobaena octaedra (juv),Lumbricidae,Lumbricidae,290
71,1,Achipteria coleoptrata,Oribatida,Achipteriidae,295
72,1,Atropacarus striculus,Oribatida,Phthiracaridae,298
73,4,Berniniella bicarinata;Oppiella nova;Oppiella subpectinata;Suctobelbella spp.,Oribatida,Oppiidae;Suctobelbidae,300;338;339;625
74,1,Brachychthoniidae spp.,Oribatida,Brachychthoniidae,302
75,2,Chamobates cuspidatus;Chamobates voigtsi,Oribatida,Chamobatidae,307;308
77,2,Damaeus riparius;Phthiracarus compressus,Oribatida,Damaeidae;Phthiracaridae,311;348
78,3,Dissorhina ornata;Microppia minus;Oppiella falcata,Oribatida,Oppiidae,312;331;337
79,1,Eulohmannia ribagai,Oribatida,Eulohmanniidae,314
80,1,Oribatida juv.,Oribatida,,323
81,1,Liebstadia similis,Oribatida,Scheloribatidae,326
82,1,Stenaphorura quadrispina,Collembola,Tullbergiidae,327
83,1,Metabelba pulverosa,Oribatida,Damaeidae,330
88,1,Oribatula tibialis,Oribatida,Oribatulidae,343
90,1,Tritegeus bisulcatus,Oribatida,Cepheidae,374
91,2,Glomeris connexa;Glomeris spec juv {m},Diplopoda,Glomeridae,388;393
93,2,Glomeris undulata;Glomeris conspersa {xl},Diplopoda,Glomeridae,394;756
94,1,Tachypodoiulus niger,Diplopoda,Julidae,399
95,1,plants,Basal,Plants,401
96,1,roots,Basal,Roots,402
97,1,root exudates,Basal,Roots,403
98,1,mykorrhiza,Basal,Fungi,404
99,1,saphrophytes,Basal,Fungi,405
100,1,bacterivor nematodes,Basal,Nematoda,406
101,1,fungivor nematodes,Basal,Nematoda,407
102,1,root feeding nematodes,Basal,Nematoda,408
103,1,predatious nematodes,Basal,Nematoda,409
104,1,omniv. Nematodes,Basal,Nematoda,410
105,1,bacteria,Basal,Bacteria,411
106,3,flagelata;ciliata;amoeba,Basal,Protozoa,412;413;414
109,1,algae,Basal,Algae,415
110,1,enchitraeidae,Enchitraeidae,Enchitraeidae,416
111,1,dead organic matter detritus,Basal detritus,detritus,417
112,1,litter detritus,Basal detritus,detritus,442
113,1,Macrargus rufus (ad),Araneae,Linyphiidae,473
114,1,Julidae spec,Diplopoda,Julidae,486
115,1,Hahniidae (juv),Araneae,Hahniidae,578
117,1,Lithobius sp2 {l},Chilopoda,Lithobiidae,706
118,1,Lithobius sp3 {m},Chilopoda,Lithobiidae,707
119,1,Scutigerella immaculata {s},Symphyla,Scutigerellidae,717
120,1,Robertus sp (juv) {l},Araneae,Theridiidae,733
121,1,Trachytes aegrota (juv) {s},Mesostigmata,Trachytidae,737
122,1,Campodea sp {l},Diplura,Campodeidae,749
123,1,Trichoniscus pusillus {m},Isopoda,Trichoniscidae,750
124,1,Allaiulus nitidus {xxl},Diplopoda,Julidae,753
126,1,Xantholinus sp. (juv),Coleoptera,Stapylinidae,770
127,1,Helicodonta obvoluta,Gastropoda,Helicodontidae,805
128,1,Discus rotundatus juv,Gastropoda,Patulidae,812
129,1,Cochlodina laminata,Gastropoda,Clausiliidae,823
130,1,Cantharidae spec,Coleoptera,Cantharidae,851
131,1,Staphylinidae spec,Coleoptera,Stapylinidae,858
132,1,Elateridae spec,Coleoptera,Elateridae,861
133,1,Coleoptera spec,Coleoptera,Coleoptera spec,863
134,1,Crychus caraboides,Coleoptera,Carabidae,877
135,2,Cylisticus spec;Philoscia muscorum,Isopoda,Cylisticidae;Philosciidae,910;914
136,1,Trichoniscus spec,Isopoda,Trichoniscidae,911
137,1,Trachelipus ratzeburgii,Isopoda,Trachelipidae,912
139,1,Porcellio conspersum,Isopoda,Porcellionidae,917
140,1,Glomeris spec,Diplopoda,Glomeridae,920
141,1,Chilopoda spec,Chilopoda,Chilopoda spec,921
142,1,Ceratinella brevis,Araneae,Linyphiidae,931
143,1,Agelenidae spec juv,Araneae,Agelenidae,932
144,1,Harpactea lepida (juv),Araneae,Dysderidae,933
145,1,Harpactea lepida (ad),Araneae,Dysderidae,934
146,1,Euophrys frontalis,Araneae,Salticidae,936
147,1,Theridiidae juv spec,Araneae,Theridiidae,942
148,1,Walckenaeria cuspidata,Araneae,Linyphiidae,966
