SLN_ID,Detritus,S,interactions,L_D,C,Basal,Top,Herbiv,Carniv,meanInDegree,stdInDegree,mean_longest_chain,mean_NTP,max_NTP,mean_NTP_norm,TrOmniv,q_inCoherence,mean_path_len,std_path_len,Modularity
1,2,82.0,267.0,3.2560975609756095,0.04019873532068654,0.275,0.07317073170731707,0.5689655172413793,0.2413793103448276,4.603448275862069,5.001542411824344,1.2560975609756098,2.220763329307737,5.818181818181818,0.38169369722476726,0.3448275862068966,0.5360147740647981,2.2440191387559807,1.141603083226946,0.0
10,2,79.0,200.0,2.5316455696202533,0.03245699448231094,0.2987012987012987,0.0759493670886076,0.5740740740740741,0.2777777777777778,3.7037037037037037,4.2454398604461785,1.1012658227848102,2.0619285491691444,5.1875,0.3974802022494736,0.25925925925925924,0.43124178561127063,2.0442930153321974,0.9553588586535361,0.0
100,2,84.0,299.0,3.5595238095238093,0.042885829030407344,0.24390243902439024,0.023809523809523808,0.5967741935483871,0.20967741935483872,4.82258064516129,6.686232965121806,1.3571428571428572,2.1505244051668218,4.492307692307692,0.4787126244378199,0.3548387096774194,0.6052186810673951,1.8881278538812785,0.8246464383031864,0.0
11,2,75.0,179.0,2.3866666666666667,0.03225225225225225,0.2602739726027397,0.06666666666666667,0.5925925925925926,0.2777777777777778,3.314814814814815,4.124588368594181,1.2266666666666666,2.19212982073177,5.416666666666666,0.4047008899812499,0.2777777777777778,0.5627124077008662,2.212727272727273,1.0472541154442667,0.0
12,2,83.0,244.0,2.9397590361445785,0.03585071995298266,0.2716049382716049,0.060240963855421686,0.5932203389830508,0.2542372881355932,4.135593220338983,4.911133119895302,1.2650602409638554,2.1719785691564106,4.9393939393939394,0.4397257225899482,0.2711864406779661,0.6786735709773586,2.1576354679802954,0.9856070629256525,0.0
13,2,77.0,194.0,2.5194805194805197,0.03315105946684894,0.28,0.15584415584415584,0.6481481481481481,0.25925925925925924,3.5925925925925926,3.141436509038732,1.0649350649350648,2.0640210015278613,4.797297297297297,0.4302466313043992,0.24074074074074073,0.44752712819988477,1.8710359408033828,0.8747072057205314,0.0
14,2,82.0,271.0,3.3048780487804876,0.04080096356519121,0.3,0.036585365853658534,0.6071428571428571,0.25,4.839285714285714,5.9993235549421,1.1585365853658536,2.1060956732376064,4.875,0.432019625279509,0.30357142857142855,0.5904565027777873,2.077764277035237,0.9352667797122206,0.0
15,2,82.0,291.0,3.548780487804878,0.043812104787714544,0.2375,0.036585365853658534,0.5737704918032787,0.26229508196721313,4.770491803278689,4.436189966712993,1.2439024390243902,2.2083656412588937,4.666666666666666,0.47322120884119157,0.32786885245901637,0.6665709042108514,1.9870588235294118,0.8728719011297643,0.0
16,2,84.0,196.0,2.3333333333333335,0.028112449799196786,0.2926829268292683,0.17857142857142858,0.6379310344827587,0.2413793103448276,3.3793103448275863,3.071245168405236,1.130952380952381,2.0409912217696053,4.96078431372549,0.4114251079456517,0.2413793103448276,0.5259418468975174,2.0471512770137523,1.0222604732169354,0.0
17,2,80.0,257.0,3.2125,0.04066455696202532,0.2692307692307692,0.075,0.5614035087719298,0.2631578947368421,4.508771929824562,4.448606551564947,1.3125,2.1405453240307493,4.416666666666666,0.4846517714786603,0.2982456140350877,0.7694370971892438,2.0944669365721995,1.0354443584825987,0.0
18,2,86.0,257.0,2.988372093023256,0.03515731874145007,0.2619047619047619,0.06976744186046512,0.6290322580645161,0.27419354838709675,4.145161290322581,5.682434176502201,1.0813953488372092,2.052501875519619,4.9,0.41887793377951404,0.1935483870967742,0.4609641333285995,1.9625,0.9470322642582807,0.0
19,2,82.0,224.0,2.731707317073171,0.03372478169226137,0.2625,0.10975609756097561,0.6271186440677966,0.2542372881355932,3.7966101694915255,4.338201045471416,1.1951219512195121,2.1708734151358087,5.666666666666666,0.38309530855337803,0.2542372881355932,0.6778724258956433,2.2022292993630574,1.1105675366937577,0.0
2,2,79.0,260.0,3.2911392405063293,0.04219409282700422,0.2727272727272727,0.05063291139240506,0.5714285714285714,0.25,4.642857142857143,6.436906573329011,1.1012658227848102,2.0977819011079424,4.620689655172414,0.45399757561291293,0.32142857142857145,0.6028560665059335,1.8360655737704918,0.7687625384146799,0.0
20,2,84.0,218.0,2.5952380952380953,0.03126792885829031,0.2804878048780488,0.15476190476190477,0.6440677966101694,0.22033898305084745,3.694915254237288,5.110011260154054,1.1547619047619047,2.0991957133764103,5.9,0.35579588362312037,0.23728813559322035,0.509448581200862,2.075174825174825,1.0974955429320252,0.0
21,2,80.0,250.0,3.125,0.03955696202531646,0.28205128205128205,0.0875,0.5892857142857143,0.23214285714285715,4.464285714285714,5.883611400907024,1.1125,2.090188005805911,5.166666666666666,0.404552517252757,0.3392857142857143,0.5626608484541084,1.914074074074074,0.8859405438989018,0.0
22,2,81.0,287.0,3.54320987654321,0.04429012345679012,0.25316455696202533,0.06172839506172839,0.5932203389830508,0.2542372881355932,4.864406779661017,6.973985223718423,1.308641975308642,2.234475180768856,5.247311827956989,0.42583236026947463,0.3050847457627119,0.6658459815354674,2.1863580998781975,1.0867759494445115,0.0
23,2,80.0,254.0,3.175,0.04018987341772152,0.32051282051282054,0.05,0.5660377358490566,0.2830188679245283,4.7924528301886795,7.182667413685311,1.1875,2.1405308171350903,5.380281690140845,0.3978473508287733,0.3018867924528302,0.6894708427988223,2.212025316455696,0.9750763711959339,0.0
24,2,78.0,224.0,2.871794871794872,0.037296037296037296,0.27631578947368424,0.11538461538461539,0.6,0.23636363636363636,4.072727272727272,5.131076507707337,1.0769230769230769,2.0546246057885735,4.857142857142858,0.4230109482505886,0.23636363636363636,0.43172284911093467,1.6716738197424892,0.72847770930038,0.0
25,2,78.0,207.0,2.6538461538461537,0.034465534465534464,0.2631578947368421,0.14102564102564102,0.5535714285714286,0.25,3.6964285714285716,3.6076668000606356,1.2820512820512822,2.218877649523513,5.5,0.40343229991336604,0.3392857142857143,0.6741490766351351,2.137323943661972,1.086463716882869,0.0
26,2,78.0,213.0,2.730769230769231,0.035464535464535464,0.25,0.10256410256410256,0.5614035087719298,0.2807017543859649,3.736842105263158,3.6864923116574886,1.3461538461538463,2.2551399677554005,5.277777777777778,0.42728967810102325,0.2982456140350877,0.7398651577762196,2.1525925925925926,1.0585829527710955,0.0
27,2,82.0,277.0,3.3780487804878048,0.04170430593194821,0.275,0.04878048780487805,0.5517241379310345,0.22413793103448276,4.775862068965517,5.204731664547127,1.1829268292682926,2.114825727389477,4.5,0.4699612727532171,0.3448275862068966,0.6632669605163538,1.8294993234100134,0.7530578267614619,0.0
28,2,80.0,228.0,2.85,0.036075949367088606,0.28205128205128205,0.0875,0.5535714285714286,0.26785714285714285,4.071428571428571,4.422492686081183,1.1875,2.1590776854936293,5.318181818181818,0.40598041949452857,0.35714285714285715,0.6056035227942073,2.040247678018576,0.9604210642895303,0.0
29,2,75.0,165.0,2.2,0.02972972972972973,0.273972602739726,0.21333333333333335,0.5660377358490566,0.33962264150943394,3.1132075471698113,2.8329135407161146,1.2533333333333334,2.258770525637227,6.666666666666667,0.338815578845584,0.24528301886792453,0.7516272097677006,2.0029498525073746,1.1904415298280415,0.0
3,2,85.0,251.0,2.9529411764705884,0.03515406162464986,0.26506024096385544,0.047058823529411764,0.6065573770491803,0.22950819672131148,4.114754098360656,5.747748430634202,1.2117647058823529,2.161161192396304,4.882352941176471,0.4426474731414117,0.29508196721311475,0.6427988619966802,1.9606656580937973,0.8764402061839791,0.0
30,2,84.0,305.0,3.630952380952381,0.04374641422834194,0.2682926829268293,0.047619047619047616,0.5666666666666667,0.25,5.083333333333333,6.510204940060025,1.1547619047619047,2.140757917330107,4.35,0.49212825685749584,0.3333333333333333,0.594138819865799,1.6864064602960969,0.6293931373631473,0.0
31,2,85.0,272.0,3.2,0.0380952380952381,0.27710843373493976,0.07058823529411765,0.5666666666666667,0.25,4.533333333333333,4.753113757893897,1.2588235294117647,2.1808848307211233,4.710526315789474,0.4629811372480596,0.35,0.629028616000326,1.9854689564068693,0.8795442531681127,0.0
32,2,81.0,254.0,3.1358024691358026,0.039197530864197534,0.24050632911392406,0.12345679012345678,0.6333333333333333,0.23333333333333334,4.233333333333333,4.20800958087887,1.1728395061728396,2.1902361389258456,5.416666666666666,0.40435128718630997,0.26666666666666666,0.5411692490642321,2.1410852713178294,1.1408297897482949,0.0
33,2,81.0,223.0,2.753086419753086,0.03441358024691358,0.27848101265822783,0.08641975308641975,0.5789473684210527,0.2631578947368421,3.912280701754386,3.4344925896514797,1.2098765432098766,2.193954572680254,5.444444444444445,0.40297124804331197,0.2807017543859649,0.731299809613219,2.07380073800738,1.0800218818209304,0.0
34,2,84.0,201.0,2.392857142857143,0.02882960413080895,0.2682926829268293,0.11904761904761904,0.65,0.23333333333333334,3.35,3.2459883976943145,1.1785714285714286,2.1258248380789246,6.384615384615385,0.3329605168075424,0.2833333333333333,0.5197311379424573,2.412151067323481,1.3975719558856248,0.0
35,2,80.0,269.0,3.3625,0.042563291139240504,0.2692307692307692,0.0375,0.5789473684210527,0.24561403508771928,4.719298245614035,6.734119907405741,1.15,2.121933583983038,4.642857142857142,0.4570318488578852,0.2982456140350877,0.6274076146311685,1.977025392986699,0.8134489113126125,0.0
36,2,82.0,207.0,2.524390243902439,0.03116531165311653,0.2875,0.12195121951219512,0.5789473684210527,0.2807017543859649,3.6315789473684212,3.2875934475983692,1.1829268292682926,2.100367388859451,5.043478260869565,0.4164521546876498,0.2982456140350877,0.5613523602625171,2.1653666146645865,1.032647642928689,0.0
37,2,79.0,236.0,2.9873417721518987,0.038299253489126904,0.2727272727272727,0.0759493670886076,0.5357142857142857,0.25,4.214285714285714,4.421905330651794,1.2025316455696202,2.1576920454100277,4.940298507462686,0.4367533747506703,0.32142857142857145,0.7145578585444071,2.025039123630673,0.9596885711726255,0.0
38,2,81.0,240.0,2.962962962962963,0.037037037037037035,0.22784810126582278,0.06172839506172839,0.639344262295082,0.22950819672131148,3.9344262295081966,5.287938642038805,1.1851851851851851,2.175394133933234,4.909090909090909,0.44313584209751067,0.2786885245901639,0.5334507671207631,1.9985693848354793,0.9028755156866379,0.0
39,2,85.0,236.0,2.776470588235294,0.03305322128851541,0.2891566265060241,0.047058823529411764,0.5932203389830508,0.2542372881355932,4.0,5.330458995569544,1.0588235294117647,2.0644220062070224,4.875,0.42347118076041484,0.2711864406779661,0.5205952575232408,1.7908163265306123,0.7489577177449923,0.0
4,2,82.0,233.0,2.841463414634146,0.03507979524239687,0.2875,0.08536585365853659,0.5964912280701754,0.24561403508771928,4.087719298245614,4.027941257881296,1.2560975609756098,2.0568833891445317,4.791044776119403,0.42931833979029166,0.22807017543859648,0.680097566131378,2.0996884735202492,1.0654259749527712,0.0
40,2,78.0,214.0,2.7435897435897436,0.03563103563103563,0.3026315789473684,0.07692307692307693,0.5471698113207547,0.2830188679245283,4.037735849056604,3.9024758618035507,1.1666666666666667,2.118033793359476,4.666666666666666,0.4538643842913163,0.2830188679245283,0.6581079907456023,1.796137339055794,0.8316754009198961,0.0
41,2,77.0,240.0,3.116883116883117,0.04101161995898838,0.29333333333333333,0.03896103896103896,0.5471698113207547,0.2641509433962264,4.528301886792453,6.80102869364092,1.1948051948051948,2.149800079853432,4.4,0.4885909272394163,0.33962264150943394,0.7448918433701345,1.8907801418439716,0.7893017546112295,0.0
42,2,83.0,249.0,3.0,0.036585365853658534,0.2839506172839506,0.10843373493975904,0.5689655172413793,0.20689655172413793,4.293103448275862,3.7134587872426024,1.1566265060240963,2.062026687479212,4.555555555555555,0.45264000456860753,0.3275862068965517,0.7145858013810782,1.9376,0.9151208411167094,0.0
43,2,78.0,190.0,2.4358974358974357,0.03163503163503163,0.25,0.16666666666666666,0.6140350877192983,0.24561403508771928,3.3333333333333335,2.8619008002508037,1.2820512820512822,2.22756384353472,5.133333333333333,0.4339410084807896,0.24561403508771928,0.6666667539177585,2.241590214067278,1.035235838203263,0.0
44,2,82.0,224.0,2.731707317073171,0.03372478169226137,0.2875,0.13414634146341464,0.631578947368421,0.2631578947368421,3.9298245614035086,4.511333541849301,1.1951219512195121,2.0915033816861963,4.9523809523809526,0.42232279822509733,0.21052631578947367,0.6654203439168695,2.049152542372881,0.9970879299334596,0.0
45,2,75.0,216.0,2.88,0.03891891891891892,0.2602739726027397,0.09333333333333334,0.5740740740740741,0.24074074074074073,4.0,5.305746261952829,1.08,2.090589303292642,4.421052631578947,0.4728713900304786,0.2777777777777778,0.5831504120932861,1.77882797731569,0.7192205289170961,0.0
46,2,77.0,164.0,2.1298701298701297,0.028024606971975393,0.26666666666666666,0.16883116883116883,0.5818181818181818,0.2727272727272727,2.981818181818182,2.697673271069178,1.2207792207792207,2.241274735398632,5.828571428571429,0.3845324300929025,0.2909090909090909,0.6155364251297974,2.368,1.2180078350209187,0.0
47,2,81.0,220.0,2.7160493827160495,0.033950617283950615,0.24050632911392406,0.16049382716049382,0.6166666666666667,0.21666666666666667,3.6666666666666665,3.2555905849011757,1.2592592592592593,2.1494317949986095,4.724137931034482,0.4549892120799977,0.26666666666666666,0.5677795143690295,2.102479338842975,1.019386811686625,0.0
48,2,83.0,266.0,3.2048192771084336,0.03908316191595651,0.2839506172839506,0.060240963855421686,0.603448275862069,0.2413793103448276,4.586206896551724,5.521995834073995,1.2048192771084338,2.1020283063738403,4.347222222222222,0.483533667919861,0.3103448275862069,0.6313830490292048,1.94884287454324,0.8023223918123152,0.0
49,2,79.0,226.0,2.8607594936708862,0.03667640376501136,0.2987012987012987,0.12658227848101267,0.5555555555555556,0.2777777777777778,4.185185185185185,3.8952030202330894,1.1518987341772151,2.1252312189994815,5.3,0.4009870224527324,0.3148148148148148,0.7163940702295949,1.8364779874213837,0.9317523057569196,0.0
5,2,79.0,199.0,2.518987341772152,0.032294709509899384,0.24675324675324675,0.12658227848101267,0.6206896551724138,0.2413793103448276,3.4310344827586206,3.7374917424799574,1.2151898734177216,2.1596370431505223,5.388888888888889,0.40075738945061234,0.3103448275862069,0.5455237607953655,2.0484739676840213,0.9517979983309778,0.0
50,2,80.0,224.0,2.8,0.035443037974683546,0.2692307692307692,0.1375,0.5964912280701754,0.2631578947368421,3.9298245614035086,5.17845691689139,1.0875,2.0724352745690546,4.5588235294117645,0.45459870538934105,0.22807017543859648,0.5150062500262841,1.969804618117229,0.9051913135195023,0.0
51,2,75.0,217.0,2.8933333333333335,0.0390990990990991,0.273972602739726,0.12,0.5471698113207547,0.2830188679245283,4.09433962264151,3.9964606983188937,1.12,2.113500865950778,4.411764705882353,0.4790601962821763,0.2641509433962264,0.6091275277383552,1.9220103986135182,0.8493159706182598,0.0
52,2,79.0,233.0,2.949367088607595,0.037812398571892246,0.2987012987012987,0.10126582278481013,0.5925925925925926,0.25925925925925924,4.314814814814815,4.321181154364277,1.0759493670886076,2.06812445764306,4.25,0.48661751944542586,0.2777777777777778,0.6081026014723362,1.7623931623931623,0.6948596112922537,0.0
53,2,80.0,258.0,3.225,0.040822784810126585,0.2948717948717949,0.0875,0.5272727272727272,0.2909090909090909,4.6909090909090905,4.775992149292228,1.4625,2.192452439563028,5.105263157894736,0.42944944692471687,0.36363636363636365,0.6166632236473455,2.14321608040201,1.0871886118695469,0.0
54,2,83.0,213.0,2.566265060240964,0.03129591536879224,0.2962962962962963,0.060240963855421686,0.5789473684210527,0.2631578947368421,3.736842105263158,4.1598691419557285,1.1325301204819278,2.0395099691375207,5.0,0.40790199382750414,0.2807017543859649,0.542780363526804,2.1715686274509802,1.092292064589886,0.0
55,2,76.0,171.0,2.25,0.03,0.25675675675675674,0.17105263157894737,0.6545454545454545,0.2909090909090909,3.109090909090909,3.3481488930603143,1.144736842105263,2.099864612818825,4.918918918918919,0.4268955531554754,0.18181818181818182,0.5151814738300914,1.9934497816593886,0.9178277434351221,0.0
56,2,81.0,255.0,3.1481481481481484,0.03935185185185185,0.2911392405063291,0.07407407407407407,0.6428571428571429,0.25,4.553571428571429,5.523238980088479,1.0987654320987654,2.083003620953981,5.32258064516129,0.39135219545196004,0.23214285714285715,0.6045621522656891,2.147098515519568,1.064771426942388,0.0
57,2,80.0,174.0,2.175,0.027531645569620254,0.28205128205128205,0.1875,0.5892857142857143,0.21428571428571427,3.107142857142857,2.976749731005105,1.2875,2.133720308237593,4.777777777777778,0.44659262265437993,0.32142857142857145,0.6361196253450161,2.0208333333333335,0.9690316138368092,0.0
58,2,83.0,223.0,2.6867469879518073,0.032765207170143994,0.2962962962962963,0.03614457831325301,0.5789473684210527,0.2807017543859649,3.912280701754386,4.0807943106108375,1.1204819277108433,2.1296725080257595,5.351351351351351,0.3979691050351167,0.2807017543859649,0.6403271384952939,2.018487394957983,0.9453026154483578,0.0
59,2,77.0,190.0,2.4675324675324677,0.032467532467532464,0.29333333333333333,0.11688311688311688,0.5660377358490566,0.24528301886792453,3.5849056603773586,3.733599841893935,1.1688311688311688,2.1159624873848384,4.8,0.4408255182051747,0.33962264150943394,0.5625305899550159,2.0146137787056366,0.9946485508170142,0.0
6,2,80.0,235.0,2.9375,0.037183544303797465,0.32051282051282054,0.05,0.5849056603773585,0.24528301886792453,4.433962264150943,6.5559997006918564,1.15,2.071085628877791,4.973684210526316,0.4164087507796616,0.32075471698113206,0.686689290060986,2.0572569906790945,0.8978032073907203,0.0
60,2,75.0,239.0,3.1866666666666665,0.04306306306306306,0.2602739726027397,0.09333333333333334,0.5925925925925926,0.2777777777777778,4.425925925925926,5.685472555829354,1.2133333333333334,2.179245632666994,5.041666666666666,0.43224706763642856,0.25925925925925924,0.6183238892744224,1.9588138385502472,0.9209429322323076,0.0
61,2,82.0,221.0,2.6951219512195124,0.03327311050888287,0.275,0.08536585365853659,0.603448275862069,0.27586206896551724,3.810344827586207,4.68464043650724,1.2317073170731707,2.2173533740257456,5.0,0.4434706748051491,0.25862068965517243,0.6685945445053711,2.3923900118906065,1.0968088430468785,0.0
62,2,79.0,212.0,2.6835443037974684,0.0344044141512496,0.2727272727272727,0.11392405063291139,0.5714285714285714,0.26785714285714285,3.7857142857142856,4.351444005737054,1.1645569620253164,2.11758444087386,4.666666666666666,0.45376809447297006,0.30357142857142855,0.6529815298431507,1.938610662358643,0.8181469364726562,0.0
63,2,78.0,216.0,2.769230769230769,0.03596403596403597,0.2894736842105263,0.07692307692307693,0.5370370370370371,0.3333333333333333,4.0,5.663521139548541,1.1282051282051282,2.1467368763768073,4.769230769230769,0.45012224827255637,0.25925925925925924,0.6186495373702103,2.032659409020218,0.8915614714293932,0.0
64,2,78.0,233.0,2.9871794871794872,0.03879453879453879,0.27631578947368424,0.15384615384615385,0.5636363636363636,0.2727272727272727,4.236363636363636,4.814959852775346,1.5256410256410255,2.2231308667180123,5.333333333333334,0.41683703750962725,0.3090909090909091,0.7331008052298521,2.1253405994550407,1.087237550366929,0.0
65,2,79.0,238.0,3.0126582278481013,0.038623823433950016,0.24675324675324675,0.12658227848101267,0.603448275862069,0.2413793103448276,4.103448275862069,4.726519639310351,1.2025316455696202,2.167428461428989,5.25,0.41284351646266454,0.29310344827586204,0.5336679207774309,1.929701230228471,0.9318201645329283,0.0
66,2,85.0,245.0,2.8823529411764706,0.03431372549019608,0.30120481927710846,0.047058823529411764,0.5862068965517241,0.20689655172413793,4.224137931034483,5.068108417152269,1.2117647058823529,2.1059056629389414,4.9,0.4297766659059064,0.3620689655172414,0.6663924941461472,2.019099590723056,0.8899350729447677,0.0
67,2,85.0,247.0,2.9058823529411764,0.03459383753501401,0.27710843373493976,0.11764705882352941,0.6166666666666667,0.25,4.116666666666666,5.171930979479247,1.2470588235294118,2.164014965522175,6.568181818181818,0.32946940651548684,0.26666666666666666,0.7202985422002596,2.391139240506329,1.3659529998592626,0.0
68,2,78.0,196.0,2.5128205128205128,0.03263403263403263,0.27631578947368424,0.10256410256410256,0.5818181818181818,0.23636363636363636,3.5636363636363635,4.798779306061369,1.0769230769230769,2.0554452748747414,5.0,0.4110890549749483,0.23636363636363636,0.5659383072888367,1.5127388535031847,0.6978951571937322,0.0
69,2,76.0,167.0,2.1973684210526314,0.029298245614035087,0.25675675675675674,0.18421052631578946,0.5636363636363636,0.3090909090909091,3.036363636363636,3.3331313070091184,1.2236842105263157,2.1692974591936465,5.033333333333333,0.4309862501709231,0.2545454545454545,0.6380545552198126,2.1419753086419755,1.0145373265769702,0.0
7,2,80.0,185.0,2.3125,0.029272151898734177,0.28205128205128205,0.1875,0.6071428571428571,0.26785714285714285,3.3035714285714284,3.2413220807517464,1.15,2.0932770822523725,5.166666666666666,0.4051504030165883,0.25,0.5066978199032677,1.952286282306163,0.8618229437680779,0.0
70,2,79.0,191.0,2.4177215189873418,0.030996429730606945,0.2727272727272727,0.1518987341772152,0.5714285714285714,0.26785714285714285,3.4107142857142856,4.088906436219327,1.3164556962025316,2.2008026065362145,6.294117647058823,0.3496602272066883,0.26785714285714285,0.7510153385601774,2.3717277486910993,1.2994229418067462,0.0
71,2,81.0,201.0,2.4814814814814814,0.031018518518518518,0.26582278481012656,0.19753086419753085,0.5517241379310345,0.3103448275862069,3.4655172413793105,3.1965744671849765,1.4197530864197532,2.275843571883916,5.156862745098039,0.44132327819802175,0.27586206896551724,0.7042836786848011,2.2342767295597485,1.0678499756727289,0.0
72,2,81.0,207.0,2.5555555555555554,0.03194444444444444,0.26582278481012656,0.1111111111111111,0.5689655172413793,0.2413793103448276,3.5689655172413794,4.73920590344852,1.1728395061728396,2.1554550558127445,4.785714285714286,0.4503935937519168,0.3103448275862069,0.6481315486728356,2.0126582278481013,0.9788630202066138,0.0
73,2,78.0,215.0,2.7564102564102564,0.0357975357975358,0.2894736842105263,0.10256410256410256,0.5740740740740741,0.2777777777777778,3.9814814814814814,5.148697364989942,1.1282051282051282,2.1451942583908146,5.0,0.4290388516781629,0.2962962962962963,0.5593942881002608,2.0,0.9570202978345286,0.0
74,2,85.0,295.0,3.4705882352941178,0.04131652661064426,0.26506024096385544,0.047058823529411764,0.6065573770491803,0.21311475409836064,4.836065573770492,6.671282555023565,1.2470588235294118,2.1587689449887395,4.743589743589744,0.4550918316462748,0.3114754098360656,0.7225387593793607,2.058563535911602,0.9192485223228777,0.0
75,2,77.0,197.0,2.5584415584415585,0.0336637047163363,0.26666666666666666,0.16883116883116883,0.6,0.3090909090909091,3.581818181818182,3.386743815235169,1.2077922077922079,2.1217063269419496,5.0,0.4243412653883899,0.18181818181818182,0.5103618488914846,2.06078431372549,1.0195685422408498,0.0
76,2,76.0,150.0,1.9736842105263157,0.02631578947368421,0.25675675675675674,0.2894736842105263,0.6,0.32727272727272727,2.727272727272727,2.313043093020178,1.105263157894737,2.0937874577748716,4.733333333333333,0.4423494629101841,0.2,0.47698043009178026,1.7761194029850746,0.9687382507280345,0.0
77,2,81.0,219.0,2.7037037037037037,0.033796296296296297,0.26582278481012656,0.1111111111111111,0.5862068965517241,0.2413793103448276,3.7758620689655173,3.25006398559564,1.2222222222222223,2.1423026078056657,4.727272727272727,0.45317939780504474,0.3275862068965517,0.5831339273715723,2.0417391304347827,1.0060775775790136,0.0
78,2,88.0,284.0,3.227272727272727,0.03709508881922675,0.27906976744186046,0.06818181818181818,0.5806451612903226,0.24193548387096775,4.580645161290323,6.273933550803216,1.0113636363636365,1.9710451397070918,4.212765957446809,0.46787435134461264,0.24193548387096775,0.5909152435412461,1.9097320169252467,0.881561635272431,0.0
79,2,74.0,195.0,2.635135135135135,0.03609774157719363,0.2777777777777778,0.05405405405405406,0.5384615384615384,0.2692307692307692,3.75,5.69786681789859,1.054054054054054,2.0735588801053697,4.177777777777777,0.49633058300394495,0.25,0.6064294184356286,1.757437070938215,0.7636950396439158,0.0
8,2,86.0,294.0,3.4186046511627906,0.04021887824897401,0.2976190476190476,0.08139534883720931,0.6101694915254238,0.23728813559322035,4.983050847457627,7.505151163043194,1.058139534883721,2.0373052079410914,4.5,0.45273449065357585,0.288135593220339,0.5375345250334066,1.745072273324573,0.6810827496530483,0.0
80,2,77.0,217.0,2.8181818181818183,0.03708133971291866,0.28,0.11688311688311688,0.5555555555555556,0.2777777777777778,4.018518518518518,4.141327563742891,1.1948051948051948,2.1678182914087576,4.5,0.48173739809083505,0.2777777777777778,0.7553280204529856,1.9922239502332815,0.8619339261627617,0.0
81,2,83.0,205.0,2.4698795180722892,0.030120481927710843,0.2962962962962963,0.1686746987951807,0.5789473684210527,0.2807017543859649,3.5964912280701755,3.6442697148243517,1.108433734939759,2.062660149816079,4.621621621621621,0.4463065821239469,0.2807017543859649,0.4779046723767812,1.9250871080139373,0.8226492190476147,0.0
82,2,80.0,247.0,3.0875,0.03908227848101266,0.24358974358974358,0.0875,0.559322033898305,0.288135593220339,4.186440677966102,6.030024235872797,1.3,2.249632841958092,5.720930232558139,0.39322850489511374,0.2711864406779661,0.6928987214989083,2.3146853146853146,1.1985186135470027,0.0
83,2,82.0,218.0,2.658536585365854,0.03282143932550437,0.2875,0.10975609756097561,0.5789473684210527,0.2631578947368421,3.824561403508772,5.116928511664366,1.2073170731707317,2.153679530559201,5.1618497109826595,0.41723018901090897,0.2807017543859649,0.6620020365836754,2.3486750348675036,1.1751805051434299,0.0
84,2,80.0,278.0,3.475,0.0439873417721519,0.2692307692307692,0.0625,0.5614035087719298,0.2807017543859649,4.87719298245614,6.732305313716299,1.225,2.1583736730688274,5.727272727272727,0.3768588952977318,0.2982456140350877,0.7154930745196261,2.17440543601359,1.0822949303036085,0.0
85,2,80.0,212.0,2.65,0.03354430379746835,0.2948717948717949,0.125,0.5454545454545454,0.2727272727272727,3.8545454545454545,3.540339917861946,1.15,2.1014461398471567,4.578947368421053,0.4589365132999537,0.3090909090909091,0.6450296622093562,1.8379446640316206,0.8067922824561953,0.0
86,2,81.0,232.0,2.8641975308641974,0.03580246913580247,0.26582278481012656,0.08641975308641975,0.5689655172413793,0.25862068965517243,4.0,4.731380867387522,1.1604938271604939,2.1349216521091177,4.677966101694915,0.45637817925520996,0.3448275862068966,0.5548456571338284,2.0463096960926195,0.891601790725372,0.0
87,2,85.0,228.0,2.6823529411764704,0.031932773109243695,0.24096385542168675,0.07058823529411765,0.5873015873015873,0.23809523809523808,3.619047619047619,4.411965297689731,1.1764705882352942,2.1465210538147295,4.9,0.43806552118667946,0.2698412698412698,0.674289586149421,2.071317829457364,0.9880649416671975,0.0
88,2,82.0,233.0,2.841463414634146,0.03507979524239687,0.2875,0.036585365853658534,0.5614035087719298,0.2631578947368421,4.087719298245614,6.039396557350939,1.2195121951219512,2.1130486289877357,4.44954128440367,0.4748913413601302,0.3157894736842105,0.596918211459852,2.033457249070632,0.818593369481862,0.0
89,2,75.0,215.0,2.8666666666666667,0.03873873873873874,0.273972602739726,0.06666666666666667,0.5094339622641509,0.33962264150943394,4.056603773584905,4.499637140667879,1.2933333333333332,2.279830469175461,5.153846153846153,0.44235516566091043,0.3018867924528302,0.736319092750402,2.0878048780487806,1.0091265425126459,0.0
9,2,82.0,223.0,2.7195121951219514,0.0335742246311352,0.2875,0.17073170731707318,0.5789473684210527,0.24561403508771928,3.912280701754386,3.2911173838204575,1.1829268292682926,2.1404426621357775,4.85,0.44132838394552115,0.3333333333333333,0.6197572946992448,1.998248686514886,0.9706194880992732,0.0
90,2,84.0,282.0,3.357142857142857,0.04044750430292599,0.2804878048780488,0.023809523809523808,0.5932203389830508,0.2033898305084746,4.779661016949152,7.761682621989168,1.0357142857142858,2.0372317779421016,4.555555555555555,0.44719721954826624,0.3050847457627119,0.5474807080786814,1.8020527859237536,0.7511881201957407,0.0
91,2,86.0,238.0,2.7674418604651163,0.03255813953488372,0.2857142857142857,0.06976744186046512,0.6,0.23333333333333334,3.966666666666667,5.210701721397851,1.127906976744186,2.0660272550981897,4.78125,0.432110275576092,0.2833333333333333,0.5293180047711127,2.0795610425240056,0.9164143122338516,0.0
92,2,81.0,205.0,2.5308641975308643,0.031635802469135804,0.27848101265822783,0.13580246913580246,0.5789473684210527,0.2631578947368421,3.5964912280701755,3.239596806497945,1.2098765432098766,2.142127678636009,5.888888888888889,0.3637575303344166,0.24561403508771928,0.6086338650185591,2.3109869646182495,1.425425556323727,0.0
93,2,81.0,229.0,2.8271604938271606,0.035339506172839506,0.2911392405063291,0.07407407407407407,0.625,0.25,4.089285714285714,5.484778227767483,1.0740740740740742,2.055340588226238,4.545454545454545,0.45217492940977244,0.2857142857142857,0.5261141116416337,1.7713248638838475,0.7424614258108142,0.0
94,2,83.0,227.0,2.7349397590361444,0.03335292389068469,0.32098765432098764,0.10843373493975904,0.6,0.3090909090909091,4.127272727272727,4.47650055724974,1.2530120481927711,2.124091154645264,5.625,0.3776162052702692,0.2545454545454545,0.5944252664526748,2.162629757785467,1.182419458579745,0.0
95,2,81.0,234.0,2.888888888888889,0.03611111111111111,0.27848101265822783,0.08641975308641975,0.5789473684210527,0.2631578947368421,4.105263157894737,5.957241123583239,1.1481481481481481,2.0564631208994277,5.357142857142858,0.38387311590122647,0.24561403508771928,0.5525073750804175,2.048414023372287,1.0502396551810074,0.0
96,2,81.0,245.0,3.0246913580246915,0.03780864197530864,0.2911392405063291,0.04938271604938271,0.5357142857142857,0.23214285714285715,4.375,5.076013109804691,1.2469135802469136,2.201963538519094,6.833333333333333,0.32223856661255035,0.4107142857142857,0.6503914449638613,2.3964334705075445,1.4668641924520376,0.0
97,2,80.0,238.0,2.975,0.037658227848101265,0.2948717948717949,0.0875,0.5636363636363636,0.3090909090909091,4.327272727272727,6.076836852174504,1.175,2.134101859835464,5.25,0.4064955923496122,0.2545454545454545,0.5306103344289008,2.2391857506361323,1.0126795375179294,0.0
98,2,89.0,287.0,3.2247191011235956,0.03664453524004086,0.28735632183908044,0.0449438202247191,0.5967741935483871,0.22580645161290322,4.629032258064516,5.316950534145386,1.1123595505617978,2.057018243481439,4.416666666666666,0.46573997965617486,0.3225806451612903,0.5329914242291152,1.9304677623261695,0.8337620451963796,0.0
99,2,80.0,202.0,2.525,0.03196202531645569,0.2692307692307692,0.075,0.5789473684210527,0.2631578947368421,3.543859649122807,3.145689655468464,1.225,2.201614806568943,6.0,0.3669358010948238,0.2807017543859649,0.6056391644580078,2.1359223300970873,1.1506092421829819,0.0
