sp_name,guild,guild_1,guild_2,sp_id,higher_taxon,certainty,habitat,animal,terr,aqu,original_sp_id
detritus,detritus,organics,,1,detritus,3,3,0,1,1,1
dead animal material,detritus,organics,,2,carrion,3,3,0,1,1,2
iron bacteria,chemotroph ,chemotroph,,3,gram-negative bacteria,3,3,0,1,1,5
vibroid bacteria,chemotroph ,chemotroph,,4,gram-negative bacteria,3,3,0,1,1,6
iron-reducing bacteria,chemotroph ,chemotroph,,5,gram-negative bacteria,2,3,0,1,1,8
manganese-reducing bacteria,chemotroph ,chemotroph,,6,gram-negative bacteria,2,3,0,1,1,9
coccibacilli,chemotroph ,chemotroph,,7,gram-negative/positive bacteria,3,3,0,1,1,11
hydrogen bacteria (?Propionibacteriaceae),chemotroph ,chemotroph,,8,gram-positive bacteria,2,3,0,1,1,12
curved rod bacteria,chemotroph ,chemotroph,,9,gram-positive bacteria,3,3,0,1,1,14
ammonia oxidizing bacteria,chemotroph ,chemotroph,,10,Proteobacteria,2,3,0,1,1,15
phosphate-reducing bacteria,chemotroph ,chemotroph,,11,Proteobacteria-alpha,3,3,0,1,1,17
sulfur-oxidizing bacteria,chemotroph ,chemotroph,,12,Proteobacteria-gamma,2,3,0,1,1,20
gram-positive anaerobes (?clostridia),chemotroph ,chemotroph,,13,Proteobacteria-gamma,3,3,0,1,1,21
Bacillariophyceae (Navicula mutica),myxotroph ,myxotroph,,14,Pennales,3,2,0,0,1,22
Bacillariophyceae (Fragilaria cf. ulna),myxotroph ,myxotroph,,15,Pennales,3,2,0,0,1,23
Bacillariophyceae (Surirella angusta),myxotroph ,myxotroph,,16,Pennales,3,2,0,0,1,24
Bacillariophyceae (Cyclotella or Cyclostephanus sp.),myxotroph ,myxotroph,,17,Centrales,3,2,0,0,1,25
Bacillariophyceae (Melosira granulata),myxotroph ,myxotroph,,18,Centrales,1,2,0,0,1,26
dinoflagellate incertae sedis (Geiselodinium sp.),myxotroph ,myxotroph,,19,Pyrrhophyta,3,2,0,0,1,27
Order indet.,autotroph ,autotroph,,20,Chrysophyta,1,2,0,0,1,28
Zygnemataceae (Ovoidites sp.),autotroph ,autotroph,,21,Zygnematales,1,3,0,1,1,29
Botryococcaceae (Tetraedron sp.),myxotroph ,myxotroph,,22,Chlorococcales,3,3,0,1,1,31
indeterminate filamentous algae,autotroph ,autotroph,,23,Chlorophyta,1,2,0,0,1,32
Characeae (Chara sp.),autotroph ,autotroph,,24,Charales,1,2,0,0,1,33
Dicranaceae (Dicranites†),autotroph ,autotroph,,25,Dicraniales,1,3,0,1,1,34
Nympheaceae (Monocolpopollenites crassiexinus),autotroph ,autotroph,,26,Nympheales,3,2,0,0,1,69
Hydrocharitaceae (Punctilongisulcites microechinatus),autotroph ,autotroph,,27,Alismatales,3,2,0,0,1,71
Typhaceae (gen. et sp. indet.),autotroph ,autotroph,,28,Typhales,3,3,0,1,1,83
Sparaganiaceae (Sparganiaceaepollenites sp. 1),autotroph ,autotroph,,29,Typhales,3,3,0,1,1,84
Sparaganiaceae (Sparganiaceaepollenites sp. 2),autotroph ,autotroph,,30,Typhales,3,3,0,1,1,85
Zingiberaceae (gen. et sp. indet.),autotroph ,autotroph,,31,Zingiberales,3,3,0,1,1,90
tubiform structures,saprobe ,saprobe,,32,Fungi,2,2,0,0,1,231
Hydrobiidae (gen. et sp. indet.),detritivore ,detritivore,,33,Sorbeoconcha,3,2,1,0,1,232
Spongillidae (Lutetiospongilla heili),omnivore (FF) ,omnivore (FF),,34,Haplosclerida,3,2,1,0,1,233
Spongillidae (Ephydatia gutenbergiana),omnivore (FF) ,omnivore (FF),,35,Haplosclerida,3,2,1,0,1,234
Order incertae sedis,omnivore (FF) ,omnivore (FF),,36,Entoprocta,3,2,1,0,1,235
Unionidae (gen. et sp. indet.),omnivore (FF) ,omnivore (FF),,37,Unionoida,3,2,1,0,1,236
Bivalvia (Mytilidae and cf. Anodonta),omnivore (FF) ,omnivore (FF),,38,Mytiloidea,3,2,1,0,1,237
Gastropoda: Fam. Indet. (Toxocoprulus weitzeli),omnivore (FF) ,omnivore (FF),,39,?Sorbeoconcha,3,2,1,0,1,240
Gastropoda: Pleuroceridae (gen. et sp. indet.),herbivore (EFF) ,herbivore (EFF),,40,Sorbeoconcha,3,2,1,0,1,241
Cf. Bosminidae,omnivore (FF) omnivore (FF),omnivore (FF),omnivore (FF),41,Cladocera,3,2,1,0,1,244
Daphniidae (Ctenodaphnia magna),detritivore detritivore,detritivore,detritivore,42,Cladocera,3,2,1,0,1,245
Daphniidae (Daphnia pulex),detritivore detritivore,detritivore,detritivore,43,Cladocera,3,2,1,0,1,246
Fam. indet.,omnivore (FF) omnivore (FF),omnivore (FF),omnivore (FF),44,Ostracoda,3,2,1,0,1,247
Cf. Ovjurium or Monoleiolophus),omnivore (FF) omnivore (FF),omnivore (FF),omnivore (FF),45,Conchostraca,3,2,1,0,1,248
Baetidae or Siphlonuridae,detritivore nonfeeding,detritivore,nonfeeding,46,Ephemeroptera,3,3,1,1,1,250
Fam. indet. and sp. 1,insectivore insectivore,insectivore,insectivore,47,Odonata,2,3,1,1,1,251
Anisoptera (Aeschnidae gen. et sp. indet.),insectivore insectivore,insectivore,insectivore,48,Odonata,3,3,1,1,1,253
Fam. indet.,detritivore detritivore,detritivore,detritivore,49,Plecoptera,3,3,1,1,1,257
Gerridae (Gerris sp.),insectivore insectivore,insectivore,insectivore,50,Hemiptera,3,2,1,0,1,295
Gerridae (Cylindrobates messelensis),insectivore insectivore,insectivore,insectivore,51,Hemiptera,3,2,1,0,1,296
Notonectidae (gen. et sp. indet.),insectivore herbivore (P&S),insectivore,herbivore (P&S),52,Hemiptera,3,2,1,0,1,297
Hydrophilidae (Eubrianax),detritivore omnivore,detritivore,omnivore,53,Coleoptera,3,2,1,0,1,304
Dytiscidae (gen. et sp. indet.),insectivore predator,insectivore,predator,54,Coleoptera,3,2,1,0,1,305
Tipulidae (gen. et sp. indet.),detritivore herbivore (SFF),detritivore,herbivore (SFF),55,Diptera,3,3,1,1,1,437
Limoniidae (gen. et sp. indet.),detritivore nonfeeding,detritivore,nonfeeding,56,Diptera,3,3,1,1,1,438
Chaoboridae (gen. indet. and larva),detritivore parasite,detritivore,parasite,57,Diptera,2,3,1,1,1,439
Chironomidae (gen. et sp. indet.),detritivore parasite,detritivore,parasite,58,Diptera,2,3,1,1,1,440
Lepisosteidae (Masillosteus kelleri),predator ,predator,,59,Lepisosteiformes,3,2,1,0,1,559
Amiidae (Cyclurus kehreri),piscivore predator,piscivore,predator,60,Amiiformes,3,2,1,0,1,560
Anguillidae (Anguilla ignota),insectivore ,insectivore,,61,Angulliformes,3,2,1,0,1,562
Moronidae (Rhenanoperca minuta),insectivore ,insectivore,,62,Perciformes,3,2,1,0,1,564
Percichthyidae (Amphiperca multiformis),piscivore ,piscivore,,63,Perciformes,3,2,1,0,1,565
Pelobatidae (Eopelobates wagneri),predator ,predator,,64,Anura,3,3,1,1,1,566
Palaeobatrachidae (Messelobatrachus tobieni),insectivore ,insectivore,,65,Anura,3,3,1,1,1,567
Fam. indet. (Lutetiobatrachus gracilis),insectivore ,insectivore,,66,Anura,3,3,1,1,1,568
Xenopidae (gen. et sp. indet.),predator ,predator,,67,Anura,3,2,1,0,1,569
Salamandridae (Chelotriton robustus),insectivore ,insectivore,,68,Urodela,3,3,1,1,1,570
Fam. indet. (?Juvemys sp.),piscivore ,piscivore,,69,Testudines,2,2,1,0,1,588
Fam. indet. (Francellia messeliana),predator ,predator,,70,Testudines,3,2,1,0,1,589
Fam. indet. (Euroemys kehreri),predator ,predator,,71,Testudines,3,2,1,0,1,590
Emydidae (Allaeochelys gracilis),omnivore ,omnivore,,72,Testudines,3,2,1,0,1,591
Carettochelyidae (Allaeochelys crassesculptata),omnivore ,omnivore,,73,Testudines,3,2,1,0,1,592
Trionychidae ('Trionyx' messelianus),predator ,predator,,74,Testudines,3,2,1,0,1,593
Leidyosuchidae (Baryphracta deponiae),predator ,predator,,75,Crocodylia,3,3,1,1,1,596
Tomastomidae (gen. et sp. indet),piscivore ,piscivore,,76,Crocodylia,3,3,1,1,1,601
Sulidae (Masillastega rectirostris),piscivore ,piscivore,,77,Pelecaniformes,3,3,1,1,1,606
Idiornithidae (Idiornis cf. itardiensis),predator ,predator,,78,Gruiformes',3,3,1,1,1,610
