trophospecies_id,n_lumped,sp_name,guild,animal,sp_id,SLN_ID,sp_no_prey,sp_no_preds,sp_green_frac,sp_green_direct,sp_aqu_derived,sp_long_chain,sp_out_closeness,sp_in_closeness,sp_ntp,guild_ntp,guild_out_closeness,guild_in_closeness
1,1,Roots,plants,0,1,centralplains,0,2,1.0,NaN,NaN,0,1.1666666666666667,0.0,1.0,1.0,1.1666666666666667,0.0
2,1,Detritus,detritus,0,2,centralplains,0,2,0.0,NaN,NaN,0,0.6363636363636364,0.0,1.0,1.0,0.6363636363636364,0.0
3,1,fungi,fungi,0,3,centralplains,1,2,0.0,0.0,NaN,1,1.75,14.0,2.0,2.0,1.75,14.0
4,1,mycorrhizae,fungi,0,4,centralplains,1,2,1.0,1.0,NaN,1,1.75,14.0,2.0,2.0,1.75,14.0
5,1,bacteria,bacteria,0,5,centralplains,1,5,0.0,0.0,NaN,1,1.5555555555555556,14.0,2.0,2.0,1.5555555555555556,14.0
6,1,phytophagous nematodes,phytophagous nematodes,1,6,centralplains,1,3,1.0,1.0,NaN,1,4.666666666666667,14.0,2.0,2.0,4.666666666666667,14.0
7,1,fungivorous nematodes,fungivorous nematodes,1,7,centralplains,2,3,0.5,0.0,NaN,2,4.666666666666667,2.3333333333333335,3.0,3.0,4.666666666666667,2.3333333333333335
8,1,bacteriophagous nematodes,bactieriophagous nematodes,1,8,centralplains,1,3,0.0,0.0,NaN,2,4.666666666666667,4.666666666666667,3.0,3.0,4.666666666666667,4.666666666666667
9,1,predatory nematodes,predatory nematodes,1,9,centralplains,7,2,0.21428571428571427,0.0,NaN,2,7.0,0.9333333333333333,3.75,3.75,7.0,0.9333333333333333
10,1,omnivorous nematodes,omnivorous nematodes,1,10,centralplains,3,3,0.0,0.0,NaN,2,4.666666666666667,2.8,3.666666666666667,3.666666666666667,4.666666666666667,2.8
11,3,collembola;cryptostigmatic mites;noncryptostigmatic mites,collembola;cryptostigmatic mites;noncryptostigmatic mites,1,11;12;13,centralplains,2,1,0.5,0.0,NaN,2,14.0,2.3333333333333335,3.0,3.0,14.0,2.3333333333333335
14,1,nematophagous mites,nematophagous mites,1,14,centralplains,5,1,0.3428571428571429,0.0,NaN,3,14.0,0.7,3.857142857142857,3.857142857142857,14.0,0.7
15,1,predatory mites,predatory mites,1,15,centralplains,7,0,0.36530612244897964,0.0,NaN,3,0.0,0.6363636363636364,4.0,4.0,0.0,0.6363636363636364
16,1,flagellates,flagellates,0,16,centralplains,1,3,0.0,0.0,NaN,2,2.0,4.666666666666667,3.0,3.0,2.0,4.666666666666667
17,1,amoebae,amoebae,0,17,centralplains,2,2,0.0,0.0,NaN,2,2.3333333333333335,3.5,3.5,3.5,2.3333333333333335,3.5
1,1,Roots,plants,0,1,horseshoebend,0,1,1.0,NaN,NaN,0,3.3333333333333335,0.0,1.0,1.0,3.3333333333333335,0.0
2,1,Detritus,detritus,0,2,horseshoebend,0,4,0.0,NaN,NaN,0,0.7692307692307693,0.0,1.0,1.0,0.7692307692307693,0.0
3,1,fungi,fungi,0,3,horseshoebend,1,2,0.0,0.0,NaN,1,2.5,10.0,2.0,2.0,2.5,10.0
4,1,bacteria,bacteria,0,4,horseshoebend,1,3,0.0,0.0,NaN,1,2.0,10.0,2.0,2.0,2.0,10.0
5,1,phytophagous nematodes,phytophagous nematodes,1,5,horseshoebend,1,1,1.0,1.0,NaN,1,10.0,10.0,2.0,2.0,10.0,10.0
6,4,fungivorous nematodes;collembola;cryptostigmatic mites;noncryptostigmatic mites,fungivorous nematodes;collembola;cryptostigmatic mites;noncryptostigmatic mites,1,6;8;9;10,horseshoebend,1,1,0.0,0.0,NaN,2,10.0,3.3333333333333335,3.0,3.0,10.0,3.3333333333333335
7,1,bactieriophagous nematodes,bactieriophagous nematodes,1,7,horseshoebend,1,1,0.0,0.0,NaN,2,10.0,3.3333333333333335,3.0,3.0,10.0,3.3333333333333335
11,1,earthworms,earthworms,1,11,horseshoebend,1,0,0.0,0.0,NaN,1,0.0,10.0,2.0,2.0,0.0,10.0
12,1,enchytraeids,enchytraeids,1,12,horseshoebend,3,0,0.0,0.0,NaN,1,0.0,3.3333333333333335,2.6666666666666665,2.6666666666666665,0.0,3.3333333333333335
13,1,protozoa,protozoa,0,13,horseshoebend,1,0,0.0,0.0,NaN,2,0.0,3.3333333333333335,3.0,3.0,0.0,3.3333333333333335
14,1,predatory arthropods,predatory arthropods,1,14,horseshoebend,3,0,0.3333333333333333,0.0,NaN,3,0.0,0.8333333333333334,3.666666666666667,3.666666666666667,0.0,0.8333333333333334
1,1,Roots,plants,0,1,kjettslinge,0,2,1.0,NaN,NaN,0,2.125,0.0,1.0,1.0,2.125,0.0
2,1,Detritus,detritus,0,2,kjettslinge,0,7,0.0,NaN,NaN,0,0.8095238095238095,0.0,1.0,1.0,0.8095238095238095,0.0
3,1,fungi,fungi,0,3,kjettslinge,1,5,0.0,0.0,NaN,1,1.3076923076923077,17.0,2.0,2.0,1.3076923076923077,17.0
4,1,bacteria,bacteria,0,4,kjettslinge,1,6,0.0,0.0,NaN,1,1.2142857142857142,17.0,2.0,2.0,1.2142857142857142,17.0
5,1,protozoa,protozoa,0,5,kjettslinge,2,3,0.0,0.0,NaN,1,1.8888888888888888,8.5,2.5,2.5,1.8888888888888888,8.5
6,1,enchytraeids,enchytraeids,1,6,kjettslinge,4,2,0.0,0.0,NaN,1,8.5,4.25,2.75,2.75,8.5,4.25
7,1,earthworms,earthworms,1,7,kjettslinge,1,0,0.0,0.0,NaN,1,0.0,17.0,2.0,2.0,0.0,17.0
8,1,phytophagous nematodes,phytophagous nematodes,1,8,kjettslinge,1,2,1.0,1.0,NaN,1,8.5,17.0,2.0,2.0,8.5,17.0
9,1,fungivorous nematodes,fungivorous nematodes,1,9,kjettslinge,1,3,0.0,0.0,NaN,2,5.666666666666667,5.666666666666667,3.0,3.0,5.666666666666667,5.666666666666667
10,1,bactieriophagous nematodes,bactieriophagous nematodes,1,10,kjettslinge,2,3,0.0,0.0,NaN,2,5.666666666666667,4.25,3.0,3.0,5.666666666666667,4.25
11,1,predatory nematodes,predatory nematodes,1,11,kjettslinge,5,0,0.2,0.0,NaN,2,0.0,1.1333333333333333,3.6,3.6,0.0,1.1333333333333333
12,1,microbivorous microarthropods,microbivorous microarthropods,1,12,kjettslinge,2,3,0.0,0.0,NaN,2,5.666666666666667,4.25,3.0,3.0,5.666666666666667,4.25
13,1,predatory microarthropods,predatory microarthropods,1,13,kjettslinge,7,0,0.2857142857142857,0.0,NaN,2,0.0,1.0,3.428571428571429,3.428571428571429,0.0,1.0
14,1,herbage arthropods,herbage arthropods,1,14,kjettslinge,3,1,0.0,0.0,NaN,1,17.0,5.666666666666667,2.6666666666666665,2.6666666666666665,17.0,5.666666666666667
15,1,predatory herbage arthropods,predatory herbage arthropods,1,15,kjettslinge,1,0,0.0,0.0,NaN,2,0.0,2.4285714285714284,3.0,3.0,0.0,2.4285714285714284
16,1,macroarthropods,macroarthropods,1,16,kjettslinge,4,3,0.0,0.0,NaN,1,5.666666666666667,4.25,2.75,2.75,5.666666666666667,4.25
17,1,phytophagous macroarthropods,phytophagous macroarthropods,1,17,kjettslinge,1,2,1.0,1.0,NaN,1,8.5,17.0,2.0,2.0,8.5,17.0
18,1,predatory macroarthropods,predatory macroarthropods,1,18,kjettslinge,6,0,0.16666666666666666,0.0,NaN,2,0.0,1.0625,3.5,3.5,0.0,1.0625
1,1,Roots,plants,0,1,lovinkhoeve,0,1,1.0,NaN,NaN,0,1.7777777777777777,0.0,1.0,1.0,1.7777777777777777,0.0
2,1,Detritus,detritus,0,2,lovinkhoeve,0,4,0.0,NaN,NaN,0,0.5925925925925926,0.0,1.0,1.0,0.5925925925925926,0.0
3,1,fungi,fungi,0,3,lovinkhoeve,1,3,0.0,0.0,NaN,1,1.4545454545454546,16.0,2.0,2.0,1.4545454545454546,16.0
4,1,bacteria,bacteria,0,4,lovinkhoeve,1,6,0.0,0.0,NaN,1,1.6,16.0,2.0,2.0,1.6,16.0
5,1,phytophagous nematodes,phytophagous nematodes,1,5,lovinkhoeve,1,4,1.0,1.0,NaN,1,4.0,16.0,2.0,2.0,4.0,16.0
6,1,fungivorous nematodes,fungivorous nematodes,1,6,lovinkhoeve,1,4,0.0,0.0,NaN,2,4.0,5.333333333333333,3.0,3.0,4.0,5.333333333333333
7,1,bactieriophagous nematodes,bactieriophagous nematodes,1,7,lovinkhoeve,1,3,0.0,0.0,NaN,2,5.333333333333333,5.333333333333333,3.0,3.0,5.333333333333333,5.333333333333333
8,1,predatory nematodes,predatory nematodes,1,8,lovinkhoeve,6,2,0.16666666666666666,0.0,NaN,2,8.0,1.3333333333333333,3.666666666666667,3.666666666666667,8.0,1.3333333333333333
9,3,collembola;cryptostigmatic mites;noncryptostigmatic mites,collembola;cryptostigmatic mites;noncryptostigmatic mites,1,9;11;12,lovinkhoeve,1,1,0.0,0.0,NaN,2,16.0,5.333333333333333,3.0,3.0,16.0,5.333333333333333
10,1,predatory collembola,predatory collembola,1,10,lovinkhoeve,2,1,0.5,0.0,NaN,3,16.0,1.7777777777777777,3.5,3.5,16.0,1.7777777777777777
13,1,bacteriophagous mites,bacteriophagous mites,1,13,lovinkhoeve,1,1,0.0,0.0,NaN,2,16.0,5.333333333333333,3.0,3.0,16.0,5.333333333333333
14,1,nematophagous mites,nematophagous mites,1,14,lovinkhoeve,4,1,0.2916666666666667,0.0,NaN,3,16.0,0.9411764705882353,3.8,3.8,16.0,0.9411764705882353
15,1,predatory mites,predatory mites,1,15,lovinkhoeve,8,0,0.24479166666666669,0.0,NaN,3,0.0,0.7619047619047619,4.090909090909091,4.090909090909091,0.0,0.7619047619047619
16,1,earthworms,earthworms,1,16,lovinkhoeve,1,0,0.0,0.0,NaN,1,0.0,16.0,2.0,2.0,0.0,16.0
17,1,enchytraeids,enchytraeids,1,17,lovinkhoeve,3,0,0.0,0.0,NaN,1,0.0,5.333333333333333,2.6666666666666665,2.6666666666666665,0.0,5.333333333333333
18,1,flagellates,flagellates,0,18,lovinkhoeve,1,2,0.0,0.0,NaN,2,2.6666666666666665,5.333333333333333,3.0,3.0,2.6666666666666665,5.333333333333333
19,1,amoebae,amoebae,0,19,lovinkhoeve,2,1,0.0,0.0,NaN,2,3.2,4.0,3.5,3.5,3.2,4.0
