trophospecies_id,n_lumped,sp_name,guild,animal,sp_id
1,1,Roots,plants,0,1
2,1,Detritus,detritus,0,2
3,1,fungi,fungi,0,3
4,1,bacteria,bacteria,0,4
5,1,phytophagous nematodes,phytophagous nematodes,1,5
6,4,fungivorous nematodes;collembola;cryptostigmatic mites;noncryptostigmatic mites,fungivorous nematodes;collembola;cryptostigmatic mites;noncryptostigmatic mites,1,6;8;9;10
7,1,bactieriophagous nematodes,bactieriophagous nematodes,1,7
11,1,earthworms,earthworms,1,11
12,1,enchytraeids,enchytraeids,1,12
13,1,protozoa,protozoa,0,13
14,1,predatory arthropods,predatory arthropods,1,14
