sp_name,guild,animal,sp_id,SLN_ID,sp_no_prey,sp_no_preds,sp_green_frac,sp_green_direct,sp_aqu_derived,sp_long_chain,sp_out_closeness,sp_in_closeness,sp_ntp,guild_ntp,guild_out_closeness,guild_in_closeness
Roots,plants,0,1,centralplains,0,2,1.0,NaN,NaN,0,1.0,0.0,1.0,1.0,1.0,0.0
Detritus,detritus,0,2,centralplains,0,2,0.0,NaN,NaN,0,0.6153846153846154,0.0,1.0,1.0,0.6153846153846154,0.0
fungi,fungi,0,3,centralplains,1,4,0.0,0.0,NaN,1,1.6,16.0,2.0,2.0,1.6,16.0
mycorrhizae,fungi,0,4,centralplains,1,4,1.0,1.0,NaN,1,1.6,16.0,2.0,2.0,1.6,16.0
bacteria,bacteria,0,5,centralplains,1,5,0.0,0.0,NaN,1,1.7777777777777777,16.0,2.0,2.0,1.7777777777777777,16.0
phytophagous nematodes,phytophagous nematodes,1,6,centralplains,1,3,1.0,1.0,NaN,1,5.333333333333333,16.0,2.0,2.0,5.333333333333333,16.0
fungivorous nematodes,fungivorous nematodes,1,7,centralplains,2,3,0.5,0.0,NaN,2,5.333333333333333,2.6666666666666665,3.0,3.0,5.333333333333333,2.6666666666666665
bacteriophagous nematodes,bactieriophagous nematodes,1,8,centralplains,1,3,0.0,0.0,NaN,2,5.333333333333333,5.333333333333333,3.0,3.0,5.333333333333333,5.333333333333333
predatory nematodes,predatory nematodes,1,9,centralplains,7,2,0.21428571428571427,0.0,NaN,2,8.0,1.0666666666666667,3.75,3.75,8.0,1.0666666666666667
omnivorous nematodes,omnivorous nematodes,1,10,centralplains,3,3,0.0,0.0,NaN,2,5.333333333333333,3.2,3.666666666666667,3.666666666666667,5.333333333333333,3.2
collembola,collembola,1,11,centralplains,2,1,0.5,0.0,NaN,2,16.0,2.6666666666666665,3.0,3.0,16.0,2.6666666666666665
cryptostigmatic mites,cryptostigmatic mites,1,12,centralplains,2,1,0.5,0.0,NaN,2,16.0,2.6666666666666665,3.0,3.0,16.0,2.6666666666666665
noncryptostigmatic mites,noncryptostigmatic mites,1,13,centralplains,2,1,0.5,0.0,NaN,2,16.0,2.6666666666666665,3.0,3.0,16.0,2.6666666666666665
nematophagous mites,nematophagous mites,1,14,centralplains,5,1,0.3428571428571429,0.0,NaN,3,16.0,0.8,3.857142857142857,3.857142857142857,16.0,0.8
predatory mites,predatory mites,1,15,centralplains,9,0,0.3952380952380952,0.0,NaN,3,0.0,0.6666666666666666,4.0,4.0,0.0,0.6666666666666666
flagellates,flagellates,0,16,centralplains,1,3,0.0,0.0,NaN,2,2.2857142857142856,5.333333333333333,3.0,3.0,2.2857142857142856,5.333333333333333
amoebae,amoebae,0,17,centralplains,2,2,0.0,0.0,NaN,2,2.6666666666666665,4.0,3.5,3.5,2.6666666666666665,4.0
Roots,plants,0,1,horseshoebend,0,1,1.0,NaN,NaN,0,4.333333333333333,0.0,1.0,1.0,4.333333333333333,0.0
Detritus,detritus,0,2,horseshoebend,0,4,0.0,NaN,NaN,0,0.6842105263157895,0.0,1.0,1.0,0.6842105263157895,0.0
fungi,fungi,0,3,horseshoebend,1,5,0.0,0.0,NaN,1,1.8571428571428572,13.0,2.0,2.0,1.8571428571428572,13.0
bacteria,bacteria,0,4,horseshoebend,1,3,0.0,0.0,NaN,1,2.6,13.0,2.0,2.0,2.6,13.0
phytophagous nematodes,phytophagous nematodes,1,5,horseshoebend,1,1,1.0,1.0,NaN,1,13.0,13.0,2.0,2.0,13.0,13.0
fungivorous nematodes,fungivorous nematodes,1,6,horseshoebend,1,1,0.0,0.0,NaN,2,13.0,4.333333333333333,3.0,3.0,13.0,4.333333333333333
bactieriophagous nematodes,bactieriophagous nematodes,1,7,horseshoebend,1,1,0.0,0.0,NaN,2,13.0,4.333333333333333,3.0,3.0,13.0,4.333333333333333
collembola,collembola,1,8,horseshoebend,1,1,0.0,0.0,NaN,2,13.0,4.333333333333333,3.0,3.0,13.0,4.333333333333333
cryptostigmatic mites,cryptostigmatic mites,1,9,horseshoebend,1,1,0.0,0.0,NaN,2,13.0,4.333333333333333,3.0,3.0,13.0,4.333333333333333
noncryptostigmatic mites,noncryptostigmatic mites,1,10,horseshoebend,1,1,0.0,0.0,NaN,2,13.0,4.333333333333333,3.0,3.0,13.0,4.333333333333333
earthworms,earthworms,1,11,horseshoebend,1,0,0.0,0.0,NaN,1,0.0,13.0,2.0,2.0,0.0,13.0
enchytraeids,enchytraeids,1,12,horseshoebend,3,0,0.0,0.0,NaN,1,0.0,4.333333333333333,2.6666666666666665,2.6666666666666665,0.0,4.333333333333333
protozoa,protozoa,0,13,horseshoebend,1,0,0.0,0.0,NaN,2,0.0,4.333333333333333,3.0,3.0,0.0,4.333333333333333
predatory arthropods,predatory arthropods,1,14,horseshoebend,6,0,0.16666666666666666,0.0,NaN,3,0.0,0.8666666666666667,3.833333333333333,3.833333333333333,0.0,0.8666666666666667
Roots,plants,0,1,kjettslinge,0,2,1.0,NaN,NaN,0,2.125,0.0,1.0,1.0,2.125,0.0
Detritus,detritus,0,2,kjettslinge,0,7,0.0,NaN,NaN,0,0.8095238095238095,0.0,1.0,1.0,0.8095238095238095,0.0
fungi,fungi,0,3,kjettslinge,1,5,0.0,0.0,NaN,1,1.3076923076923077,17.0,2.0,2.0,1.3076923076923077,17.0
bacteria,bacteria,0,4,kjettslinge,1,6,0.0,0.0,NaN,1,1.2142857142857142,17.0,2.0,2.0,1.2142857142857142,17.0
protozoa,protozoa,0,5,kjettslinge,2,3,0.0,0.0,NaN,1,1.8888888888888888,8.5,2.5,2.5,1.8888888888888888,8.5
enchytraeids,enchytraeids,1,6,kjettslinge,4,2,0.0,0.0,NaN,1,8.5,4.25,2.75,2.75,8.5,4.25
earthworms,earthworms,1,7,kjettslinge,1,0,0.0,0.0,NaN,1,0.0,17.0,2.0,2.0,0.0,17.0
phytophagous nematodes,phytophagous nematodes,1,8,kjettslinge,1,2,1.0,1.0,NaN,1,8.5,17.0,2.0,2.0,8.5,17.0
fungivorous nematodes,fungivorous nematodes,1,9,kjettslinge,1,3,0.0,0.0,NaN,2,5.666666666666667,5.666666666666667,3.0,3.0,5.666666666666667,5.666666666666667
bactieriophagous nematodes,bactieriophagous nematodes,1,10,kjettslinge,2,3,0.0,0.0,NaN,2,5.666666666666667,4.25,3.0,3.0,5.666666666666667,4.25
predatory nematodes,predatory nematodes,1,11,kjettslinge,5,0,0.2,0.0,NaN,2,0.0,1.1333333333333333,3.6,3.6,0.0,1.1333333333333333
microbivorous microarthropods,microbivorous microarthropods,1,12,kjettslinge,2,3,0.0,0.0,NaN,2,5.666666666666667,4.25,3.0,3.0,5.666666666666667,4.25
predatory microarthropods,predatory microarthropods,1,13,kjettslinge,7,0,0.2857142857142857,0.0,NaN,2,0.0,1.0,3.428571428571429,3.428571428571429,0.0,1.0
herbage arthropods,herbage arthropods,1,14,kjettslinge,3,1,0.0,0.0,NaN,1,17.0,5.666666666666667,2.6666666666666665,2.6666666666666665,17.0,5.666666666666667
predatory herbage arthropods,predatory herbage arthropods,1,15,kjettslinge,1,0,0.0,0.0,NaN,2,0.0,2.4285714285714284,3.0,3.0,0.0,2.4285714285714284
macroarthropods,macroarthropods,1,16,kjettslinge,4,3,0.0,0.0,NaN,1,5.666666666666667,4.25,2.75,2.75,5.666666666666667,4.25
phytophagous macroarthropods,phytophagous macroarthropods,1,17,kjettslinge,1,2,1.0,1.0,NaN,1,8.5,17.0,2.0,2.0,8.5,17.0
predatory macroarthropods,predatory macroarthropods,1,18,kjettslinge,6,0,0.16666666666666666,0.0,NaN,2,0.0,1.0625,3.5,3.5,0.0,1.0625
Roots,plants,0,1,lovinkhoeve,0,1,1.0,NaN,NaN,0,2.0,0.0,1.0,1.0,2.0,0.0
Detritus,detritus,0,2,lovinkhoeve,0,4,0.0,NaN,NaN,0,0.5806451612903226,0.0,1.0,1.0,0.5806451612903226,0.0
fungi,fungi,0,3,lovinkhoeve,1,5,0.0,0.0,NaN,1,1.3846153846153846,18.0,2.0,2.0,1.3846153846153846,18.0
bacteria,bacteria,0,4,lovinkhoeve,1,6,0.0,0.0,NaN,1,1.8,18.0,2.0,2.0,1.8,18.0
phytophagous nematodes,phytophagous nematodes,1,5,lovinkhoeve,1,4,1.0,1.0,NaN,1,4.5,18.0,2.0,2.0,4.5,18.0
fungivorous nematodes,fungivorous nematodes,1,6,lovinkhoeve,1,4,0.0,0.0,NaN,2,4.5,6.0,3.0,3.0,4.5,6.0
bactieriophagous nematodes,bactieriophagous nematodes,1,7,lovinkhoeve,1,3,0.0,0.0,NaN,2,6.0,6.0,3.0,3.0,6.0,6.0
predatory nematodes,predatory nematodes,1,8,lovinkhoeve,6,2,0.16666666666666666,0.0,NaN,2,9.0,1.5,3.666666666666667,3.666666666666667,9.0,1.5
collembola,collembola,1,9,lovinkhoeve,1,1,0.0,0.0,NaN,2,18.0,6.0,3.0,3.0,18.0,6.0
predatory collembola,predatory collembola,1,10,lovinkhoeve,2,1,0.5,0.0,NaN,3,18.0,2.0,3.5,3.5,18.0,2.0
cryptostigmatic mites,cryptostigmatic mites,1,11,lovinkhoeve,1,1,0.0,0.0,NaN,2,18.0,6.0,3.0,3.0,18.0,6.0
noncryptostigmatic mites,noncryptostigmatic mites,1,12,lovinkhoeve,1,1,0.0,0.0,NaN,2,18.0,6.0,3.0,3.0,18.0,6.0
bacteriophagous mites,bacteriophagous mites,1,13,lovinkhoeve,1,1,0.0,0.0,NaN,2,18.0,6.0,3.0,3.0,18.0,6.0
nematophagous mites,nematophagous mites,1,14,lovinkhoeve,4,1,0.2916666666666667,0.0,NaN,3,18.0,1.0588235294117647,3.8,3.8,18.0,1.0588235294117647
predatory mites,predatory mites,1,15,lovinkhoeve,10,0,0.19583333333333336,0.0,NaN,3,0.0,0.782608695652174,4.076923076923077,4.076923076923077,0.0,0.782608695652174
earthworms,earthworms,1,16,lovinkhoeve,1,0,0.0,0.0,NaN,1,0.0,18.0,2.0,2.0,0.0,18.0
enchytraeids,enchytraeids,1,17,lovinkhoeve,3,0,0.0,0.0,NaN,1,0.0,6.0,2.6666666666666665,2.6666666666666665,0.0,6.0
flagellates,flagellates,0,18,lovinkhoeve,1,2,0.0,0.0,NaN,2,3.0,6.0,3.0,3.0,3.0,6.0
amoebae,amoebae,0,19,lovinkhoeve,2,1,0.0,0.0,NaN,2,3.6,4.5,3.5,3.5,3.6,4.5
