plotid,n_present,n_linked,n_dropped,dropped_guilds
AEW17,145,144,1,Coleoptera
AEW18,111,110,1,Coleoptera
AEW27,120,119,1,Coleoptera
AEW30,114,113,1,Coleoptera
AEW4,125,124,1,Coleoptera
AEW5,126,125,1,Coleoptera
AEW6,120,119,1,Coleoptera
AEW7,129,128,1,Coleoptera
AEW9,134,133,1,Coleoptera
HEW11,132,131,1,Coleoptera
HEW12,143,142,1,Coleoptera
HEW13,144,143,1,Coleoptera
HEW17,139,138,1,Coleoptera
HEW2,126,125,1,Coleoptera
HEW21,146,145,1,Coleoptera
HEW22,137,136,1,Coleoptera
HEW3,123,122,1,Coleoptera
HEW36,160,159,1,Coleoptera
HEW4,116,115,1,Coleoptera
HEW47,148,147,1,Coleoptera
HEW6,142,141,1,Coleoptera
SEW18,124,123,1,Coleoptera
SEW37,118,117,1,Coleoptera
SEW4,120,119,1,Coleoptera
SEW41,118,117,1,Coleoptera
SEW43,120,119,1,Coleoptera
SEW48,118,117,1,Coleoptera
SEW6,127,126,1,Coleoptera
SEW7,132,130,2,Coleoptera
SEW8,118,116,2,Coleoptera
