SLN_no,interactions,L_D,C,Basal,Top,Herbiv,Carniv,meanInDegree,stdInDegree,mean_longest_chain,mean_NTP,max_NTP,mean_NTP_norm,TrOmniv,q_inCoherence,mean_path_len,std_path_len,Modularity
1,293.0,3.0520833333333335,0.03212719298245614,0.28125,0.10416666666666667,0.6268656716417911,0.208955223880597,4.373134328358209,5.418363335847666,1.1666666666666667,2.134236538626711,5.818181818181818,0.3668219050764659,0.2835820895522388,0.527998297062547,2.263724434876211,1.1486440250990855,0.0
2,292.0,3.0416666666666665,0.032017543859649125,0.28125,0.09375,0.6417910447761194,0.208955223880597,4.358208955223881,7.066140973594178,1.0208333333333333,2.0154948537854227,4.619565217391305,0.43629535658413854,0.26865671641791045,0.5773923037509913,1.8333333333333333,0.7642682515091812,0.0
3,271.0,2.8229166666666665,0.029714912280701753,0.28125,0.08333333333333333,0.6417910447761194,0.208955223880597,4.044776119402985,6.093794249743665,1.1354166666666667,2.088299070032659,4.882352941176471,0.42772390591030357,0.26865671641791045,0.6375657525785938,1.9474431818181819,0.8724121640399255,0.0
4,256.0,2.6666666666666665,0.028070175438596492,0.28125,0.10416666666666667,0.6567164179104478,0.208955223880597,3.8208955223880596,4.386360999992177,1.1770833333333333,2.003122101108402,4.746478873239436,0.4220227572068147,0.19402985074626866,0.6770470596174218,2.086402266288952,1.0516649830311282,0.0
5,225.0,2.34375,0.024671052631578948,0.28125,0.17708333333333334,0.6417910447761194,0.22388059701492538,3.3582089552238807,4.055305139426377,1.1041666666666667,2.060436625184643,5.388888888888889,0.3823490644672533,0.26865671641791045,0.5717273900264355,2.0262295081967214,0.9499635528993711,0.0
6,288.0,3.0,0.031578947368421054,0.28125,0.07291666666666667,0.6567164179104478,0.19402985074626866,4.298507462686567,7.507602057093246,1.1041666666666667,2.044444496509443,4.975,0.4109436173888328,0.26865671641791045,0.6439393471236116,2.0386740331491713,0.8872538975992526,0.0
7,200.0,2.0833333333333335,0.021929824561403508,0.28125,0.28125,0.6716417910447762,0.22388059701492538,2.985074626865672,3.240335454545226,1.0729166666666667,2.0245760894198392,5.166666666666666,0.3918534366619044,0.208955223880597,0.49195553506685985,1.936448598130841,0.8566103965144078,0.0
8,325.0,3.3854166666666665,0.0356359649122807,0.28125,0.09375,0.6567164179104478,0.208955223880597,4.850746268656716,8.296135886469445,1.03125,2.0115085082079505,4.5,0.4470018907128779,0.2537313432835821,0.5145783726066359,1.744982290436836,0.6762748880982414,0.0
9,245.0,2.5520833333333335,0.0268640350877193,0.28125,0.21875,0.6417910447761194,0.208955223880597,3.656716417910448,3.548590154558483,1.1145833333333333,2.0770828490792326,4.85,0.42826450496479024,0.2835820895522388,0.6182666833221785,1.9667774086378738,0.9681582324270324,0.0
10,252.0,2.625,0.02763157894736842,0.28125,0.13541666666666666,0.6417910447761194,0.23880597014925373,3.7611940298507465,5.155431240930658,1.0729166666666667,2.038399864022539,5.1875,0.39294455210073037,0.22388059701492538,0.4575117420676289,2.027063599458728,0.9424200008537861,0.0
11,236.0,2.4583333333333335,0.02587719298245614,0.28125,0.125,0.6567164179104478,0.23880597014925373,3.5223880597014925,5.106022020852537,1.125,2.1046539186267057,5.380434782608695,0.3911680010376908,0.23880597014925373,0.5800391954480228,2.1944444444444446,1.0326908137472812,0.0
12,273.0,2.84375,0.02993421052631579,0.28125,0.08333333333333333,0.6417910447761194,0.22388059701492538,4.074626865671642,5.598466870318622,1.1770833333333333,2.0925535436533944,4.948717948717949,0.4228476072667481,0.2537313432835821,0.684675767656332,2.1675675675675676,0.9797887323224124,0.0
13,218.0,2.2708333333333335,0.023903508771929826,0.28125,0.22916666666666666,0.7164179104477612,0.208955223880597,3.253731343283582,3.345477651189554,0.9895833333333334,1.9892170351209746,4.797297297297297,0.41465369182803413,0.19402985074626866,0.4233390808251716,1.8781818181818182,0.8566021130003642,0.0
14,307.0,3.1979166666666665,0.033662280701754387,0.28125,0.07291666666666667,0.6716417910447762,0.208955223880597,4.582089552238806,6.74233403910613,1.1041666666666667,2.0569922503290936,4.875,0.4219471282726346,0.2537313432835821,0.561808799877342,2.077577045696068,0.9313321936677059,0.0
15,325.0,3.3854166666666665,0.0356359649122807,0.28125,0.041666666666666664,0.6119402985074627,0.23880597014925373,4.850746268656716,5.021932898865293,1.125,2.0969537432313126,4.666666666666666,0.44934723069242416,0.26865671641791045,0.7085969808547948,1.9947201689545935,0.8862191354697215,0.0
16,215.0,2.2395833333333335,0.023574561403508772,0.28125,0.19791666666666666,0.6865671641791045,0.208955223880597,3.208955223880597,3.5271127922820775,1.0833333333333333,2.0029270560687875,4.927272727272728,0.4064981110102705,0.208955223880597,0.5123504849851004,2.0323159784560145,1.0066490393713448,0.0
17,289.0,3.0104166666666665,0.03168859649122807,0.28125,0.10416666666666667,0.6268656716417911,0.22388059701492538,4.313432835820896,5.1233540009358585,1.1979166666666667,2.045497653424122,4.416666666666666,0.4631315441714994,0.26865671641791045,0.7801158338846735,2.148456057007126,1.097203771042184,0.0
18,280.0,2.9166666666666665,0.03070175438596491,0.28125,0.08333333333333333,0.6567164179104478,0.2537313432835821,4.17910447761194,6.16914456310064,1.0208333333333333,1.9933282696513805,4.9,0.4068016876839552,0.1791044776119403,0.4627843141927877,1.945985401459854,0.9404812907581431,0.0
19,258.0,2.6875,0.028289473684210528,0.28125,0.125,0.6716417910447762,0.22388059701492538,3.8507462686567164,5.040002799852768,1.1041666666666667,2.078583210496148,5.666666666666666,0.3668088018522615,0.22388059701492538,0.671985892064998,2.180141843971631,1.110462885809696,0.0
20,237.0,2.46875,0.02598684210526316,0.28125,0.1875,0.6865671641791045,0.19402985074626866,3.537313432835821,5.34939350345596,1.09375,2.044228121884126,5.9,0.3464793426922247,0.22388059701492538,0.4925949763219991,2.044481054365733,1.0837831091185945,0.0
21,272.0,2.8333333333333335,0.02982456140350877,0.28125,0.14583333333333334,0.6417910447761194,0.208955223880597,4.059701492537314,5.984527011043298,1.0625,2.0416525674081427,5.166666666666666,0.3951585614338341,0.29850746268656714,0.5431013082484635,1.9337748344370862,0.8865998754532135,0.0
22,332.0,3.4583333333333335,0.03640350877192983,0.28125,0.08333333333333333,0.6417910447761194,0.22388059701492538,4.955223880597015,8.136026943097903,1.1875,2.135536298416155,5.418803418803419,0.3940973926099213,0.26865671641791045,0.6620253244582766,2.2366803278688523,1.1160033288537314,0.0
23,302.0,3.1458333333333335,0.0331140350877193,0.28125,0.0625,0.6567164179104478,0.22388059701492538,4.507462686567164,8.464494712457618,1.1354166666666667,2.097089042376647,5.413333333333334,0.3873932960055382,0.23880597014925373,0.6439567276899759,2.229381443298969,0.9759600316368937,0.0
24,279.0,2.90625,0.030592105263157896,0.28125,0.16666666666666666,0.6567164179104478,0.208955223880597,4.164179104477612,6.2779001867913085,1.0208333333333333,2.0038754687853326,4.857142857142858,0.4125625965146273,0.22388059701492538,0.40397969242060117,1.6722129783693844,0.7028821104789063,0.0
25,244.0,2.5416666666666665,0.02675438596491228,0.28125,0.19791666666666666,0.6268656716417911,0.208955223880597,3.6417910447761193,4.568341296149009,1.15625,2.1036628147145398,5.5,0.3824841481299163,0.2835820895522388,0.6272281472759694,2.146969696969697,1.105060740572658,0.0
26,246.0,2.5625,0.026973684210526316,0.28125,0.15625,0.6268656716417911,0.23880597014925373,3.671641791044776,4.109811098296562,1.1979166666666667,2.1279382029698826,5.368421052631579,0.39638064565125264,0.2835820895522388,0.7409157841516256,2.1333333333333333,1.0719550701648644,0.0
27,319.0,3.3229166666666665,0.034978070175438594,0.28125,0.052083333333333336,0.6119402985074627,0.19402985074626866,4.7611940298507465,6.055524780799176,1.1041666666666667,2.044548847617343,4.454545454545455,0.4589803535467504,0.29850746268656714,0.6547300991689186,1.824852071005917,0.752624244997087,0.0
28,265.0,2.7604166666666665,0.02905701754385965,0.28125,0.08333333333333333,0.6268656716417911,0.22388059701492538,3.955223880597015,5.3581793488055744,1.1041666666666667,2.082418689107221,5.318181818181818,0.39156590735349456,0.2835820895522388,0.5852689126206352,2.01763907734057,0.9518079849476027,0.0
29,193.0,2.0104166666666665,0.021162280701754386,0.28125,0.2916666666666667,0.6417910447761194,0.26865671641791045,2.8805970149253732,3.092132676108453,1.125,2.1321131615049933,6.666666666666667,0.319816974225749,0.208955223880597,0.7368858922478494,1.9308510638297873,1.1595425852861976,0.0
30,334.0,3.4791666666666665,0.03662280701754386,0.28125,0.0625,0.6119402985074627,0.22388059701492538,4.985074626865671,7.080687642760868,1.0833333333333333,2.0710831108071988,4.413333333333334,0.46927865048501477,0.2835820895522388,0.5795334699053126,1.6939024390243902,0.6387655144195137,0.0
31,301.0,3.1354166666666665,0.03300438596491228,0.28125,0.08333333333333333,0.6119402985074627,0.22388059701492538,4.492537313432836,5.315423910026705,1.1875,2.112692033490269,4.785714285714286,0.4414580368487129,0.31343283582089554,0.6155986762058574,2.0023696682464456,0.8901698963909617,0.0
32,274.0,2.8541666666666665,0.030043859649122807,0.28125,0.17708333333333334,0.6716417910447762,0.208955223880597,4.08955223880597,4.494883769298433,1.0625,2.0762623232653157,5.416666666666666,0.3833099673720583,0.23880597014925373,0.526933722623004,2.14616497829233,1.1498187237040445,0.0
33,248.0,2.5833333333333335,0.027192982456140352,0.28125,0.13541666666666666,0.6417910447761194,0.22388059701492538,3.701492537313433,3.765935536603429,1.125,2.103431974193391,5.444444444444445,0.38634464832123505,0.23880597014925373,0.7398292255418926,2.0510204081632653,1.0766765285417015,0.0
34,226.0,2.3541666666666665,0.024780701754385966,0.28125,0.11458333333333333,0.6865671641791045,0.208955223880597,3.373134328358209,3.5583270707298054,1.1041666666666667,2.0593715546986595,6.384615384615385,0.32255217121786234,0.2537313432835821,0.498853902452963,2.4109792284866467,1.4042806313884413,0.0
35,312.0,3.25,0.034210526315789476,0.28125,0.041666666666666664,0.6417910447761194,0.208955223880597,4.656716417910448,7.715690897413098,1.0625,2.045171203201735,4.730769230769231,0.4323126120589033,0.2537313432835821,0.6156581786770634,2.020874751491054,0.8349109227778843,0.0
36,233.0,2.4270833333333335,0.025548245614035087,0.28125,0.16666666666666666,0.6417910447761194,0.23880597014925373,3.4776119402985075,3.368113440809009,1.1145833333333333,2.0426265759230113,4.88,0.4185710196563548,0.26865671641791045,0.5525113052031119,2.1280575539568347,1.023923401495178,0.0
37,281.0,2.9270833333333335,0.03081140350877193,0.28125,0.0625,0.6119402985074627,0.208955223880597,4.1940298507462686,5.349139851472438,1.1041666666666667,2.0742260818005422,5.054794520547945,0.4103482492450937,0.26865671641791045,0.7067413973258347,2.020107238605898,0.9739550527926243,0.0
38,263.0,2.7395833333333335,0.028837719298245613,0.28125,0.08333333333333333,0.6716417910447762,0.208955223880597,3.925373134328358,5.69506280816676,1.0625,2.05168787434097,4.909090909090909,0.41793641884723465,0.2537313432835821,0.537360218392895,1.9880636604774535,0.9065883781021145,0.0
39,255.0,2.65625,0.027960526315789474,0.28125,0.08333333333333333,0.6417910447761194,0.22388059701492538,3.8059701492537314,5.768878904715997,1.0208333333333333,2.0251127684211925,4.875,0.41540774736844976,0.23880597014925373,0.5049845593976148,1.7871674491392802,0.7417833855237616,0.0
40,258.0,2.6875,0.028289473684210528,0.28125,0.09375,0.6417910447761194,0.22388059701492538,3.8507462686567164,4.997738068194582,1.09375,2.049464348498543,4.659090909090909,0.43988503089724823,0.22388059701492538,0.6155067451704472,1.7443181818181819,0.8201482655627618,0.0
41,293.0,3.0520833333333335,0.03212719298245614,0.28125,0.0625,0.6417910447761194,0.208955223880597,4.373134328358209,8.278917768710862,1.1041666666666667,2.0585921722333618,4.28476821192053,0.48044423185044455,0.26865671641791045,0.6999715725971488,1.8709677419354838,0.7636103669406032,0.0
42,270.0,2.8125,0.029605263157894735,0.28125,0.125,0.6268656716417911,0.1791044776119403,4.029850746268656,4.0150102805775445,1.09375,2.0111618096517567,4.555555555555555,0.441474543582093,0.2835820895522388,0.6988323579106962,1.9248895434462445,0.9016286204404143,0.0
43,214.0,2.2291666666666665,0.023464912280701754,0.28125,0.20833333333333334,0.6716417910447762,0.208955223880597,3.1940298507462686,3.061188153019403,1.1458333333333333,2.102876223298138,5.1875,0.40537372979241215,0.22388059701492538,0.6412251708649143,2.242506811989101,1.0373869125671191,0.0
44,246.0,2.5625,0.026973684210526316,0.28125,0.16666666666666666,0.6865671641791045,0.22388059701492538,3.671641791044776,4.841074447799387,1.125,2.0394074272428035,4.9523809523809526,0.411803422808643,0.19402985074626866,0.6576203990717513,2.06838905775076,1.0067674300179388,0.0
45,258.0,2.6875,0.028289473684210528,0.28125,0.125,0.6567164179104478,0.19402985074626866,3.8507462686567164,6.291537682025113,0.9791666666666666,1.9900101656364633,4.476190476190476,0.44457673913155027,0.2537313432835821,0.5476712036499134,1.7996941896024465,0.7266107299587238,0.0
46,185.0,1.9270833333333333,0.020285087719298246,0.28125,0.2604166666666667,0.6567164179104478,0.22388059701492538,2.7611940298507465,2.9289027433432846,1.1041666666666667,2.1274066241993874,5.828571428571429,0.36499623454401253,0.23880597014925373,0.6009664489301585,2.344642857142857,1.2026237926762315,0.0
47,237.0,2.46875,0.02598684210526316,0.28125,0.20833333333333334,0.6567164179104478,0.19402985074626866,3.537313432835821,3.6153224350481215,1.1354166666666667,2.0403428886969253,4.724137931034482,0.4318973997971594,0.23880597014925373,0.5647016201494555,2.165912518853695,1.076913475084639,0.0
48,294.0,3.0625,0.03223684210526316,0.28125,0.09375,0.6567164179104478,0.208955223880597,4.388059701492537,6.20106350575789,1.1354166666666667,2.043243756593835,4.347222222222222,0.47001134336982786,0.26865671641791045,0.6417722999149302,1.9453551912568305,0.7933446906665462,0.0
49,262.0,2.7291666666666665,0.028728070175438596,0.28125,0.1875,0.6417910447761194,0.22388059701492538,3.91044776119403,4.227368775748001,1.0833333333333333,2.061613858832277,5.3,0.3889837469494863,0.2537313432835821,0.6818092453915907,1.8185185185185184,0.9300336287881401,0.0
50,265.0,2.7604166666666665,0.02905701754385965,0.28125,0.17708333333333334,0.6268656716417911,0.22388059701492538,3.955223880597015,5.924865005036479,1.0208333333333333,2.012853642519213,4.5588235294117645,0.44152918610098874,0.22388059701492538,0.5174024941937073,1.9711684370257967,0.9146329842630656,0.0
51,256.0,2.6666666666666665,0.028070175438596492,0.28125,0.13541666666666666,0.6417910447761194,0.22388059701492538,3.8208955223880596,4.72557635777494,1.0208333333333333,2.015639177435234,4.35,0.4633653281460308,0.208955223880597,0.595906598359371,1.9106628242074928,0.8274346166789206,0.0
52,268.0,2.7916666666666665,0.029385964912280703,0.28125,0.14583333333333334,0.6716417910447762,0.208955223880597,4.0,4.792671172707029,1.0208333333333333,2.013471549473425,4.25,0.4737580116408059,0.22388059701492538,0.5653022100458679,1.7739628040057225,0.687887554773858,0.0
53,299.0,3.1145833333333335,0.03278508771929824,0.28125,0.10416666666666667,0.6119402985074627,0.23880597014925373,4.462686567164179,5.805766094644695,1.34375,2.1372460280128895,5.289855072463768,0.40402733132298463,0.29850746268656714,0.6127233034779433,2.190871369294606,1.1369740259432346,0.0
54,251.0,2.6145833333333335,0.027521929824561402,0.28125,0.052083333333333336,0.6417910447761194,0.22388059701492538,3.746268656716418,4.793756304036279,1.0833333333333333,2.0050472728392954,5.0,0.4010094545678591,0.23880597014925373,0.5220504915769212,2.1486880466472305,1.102640374063023,0.0
55,207.0,2.15625,0.022697368421052633,0.28125,0.25,0.6865671641791045,0.26865671641791045,3.08955223880597,3.724331720747919,1.0625,2.034833431489133,4.918918918918919,0.4136749283796589,0.16417910447761194,0.5489156095832859,1.9820466786355475,0.9034510839699837,0.0
56,300.0,3.125,0.03289473684210526,0.28125,0.07291666666666667,0.7014925373134329,0.208955223880597,4.477611940298507,6.51654818683714,1.0416666666666667,2.02908922108088,5.366197183098592,0.3781242380491929,0.208955223880597,0.6033567077775894,2.1645856980703746,1.0750978146724153,0.0
57,191.0,1.9895833333333333,0.02094298245614035,0.28125,0.2604166666666667,0.6567164179104478,0.1791044776119403,2.8507462686567164,3.04637753755368,1.1875,2.0572070781582066,4.777777777777778,0.43057822566102,0.26865671641791045,0.61040492470274,1.9962049335863377,0.9472718580911748,0.0
58,252.0,2.625,0.02763157894736842,0.28125,0.041666666666666664,0.6417910447761194,0.23880597014925373,3.7611940298507465,4.789792025088373,1.0729166666666667,2.0807495442162893,5.351351351351351,0.38882693503031673,0.23880597014925373,0.6207514989935048,2.0150375939849625,0.9504672472223307,0.0
59,232.0,2.4166666666666665,0.02543859649122807,0.28125,0.09375,0.6567164179104478,0.19402985074626866,3.462686567164179,4.853391061331321,1.0833333333333333,2.038887849790038,4.8,0.4247683020395912,0.26865671641791045,0.5384029045120873,1.982363315696649,0.983812115021199,0.0
60,306.0,3.1875,0.03355263157894737,0.28125,0.15625,0.6567164179104478,0.23880597014925373,4.567164179104478,7.035028979710325,1.1145833333333333,2.0851571314913646,5.0,0.41703142629827294,0.208955223880597,0.6082131477998893,1.9355246523388117,0.885689145448998,0.0
61,243.0,2.53125,0.026644736842105263,0.28125,0.14583333333333334,0.6567164179104478,0.23880597014925373,3.626865671641791,5.089608608204839,1.1458333333333333,2.1322322246109517,5.0,0.42644644492219036,0.22388059701492538,0.6491941550766782,2.411640211640212,1.098377056638931,0.0
62,241.0,2.5104166666666665,0.026425438596491227,0.28125,0.15625,0.6417910447761194,0.22388059701492538,3.5970149253731343,4.729211932211736,1.0729166666666667,2.03788302446235,4.720000000000001,0.4317548780640571,0.2537313432835821,0.6304273231221806,1.9595536959553697,0.8388498520459561,0.0
63,253.0,2.6354166666666665,0.027741228070175438,0.28125,0.09375,0.6268656716417911,0.26865671641791045,3.7761194029850746,6.5431456051175685,1.0520833333333333,2.0695499502189056,4.785714285714286,0.43244327318006986,0.19402985074626866,0.6195849667319943,2.0516129032258066,0.894958232298798,0.0
64,279.0,2.90625,0.030592105263157896,0.28125,0.13541666666666666,0.6417910447761194,0.22388059701492538,4.164179104477612,5.922727194627574,1.3645833333333333,2.126651645354176,5.48936170212766,0.3874132842311871,0.26865671641791045,0.7349810354314698,2.138495092693566,1.095550310973107,0.0
65,266.0,2.7708333333333335,0.029166666666666667,0.28125,0.1875,0.6567164179104478,0.208955223880597,3.970149253731343,5.319974223148225,1.0833333333333333,2.0535856138991258,5.25,0.39115916455221444,0.2537313432835821,0.5163659691714191,1.9236883942766296,0.9327183091097397,0.0
66,268.0,2.7916666666666665,0.029385964912280703,0.28125,0.07291666666666667,0.6417910447761194,0.1791044776119403,4.0,5.529535023467848,1.1666666666666667,2.0717529526218894,4.9,0.4228067250248754,0.31343283582089554,0.6513518517116541,2.0135467980295565,0.8763581921306599,0.0
67,262.0,2.7291666666666665,0.028728070175438596,0.28125,0.17708333333333334,0.6567164179104478,0.22388059701492538,3.91044776119403,5.434824140010035,1.1770833333333333,2.1034101661008586,6.568181818181818,0.3202423782298885,0.23880597014925373,0.6994075221205788,2.3826714801444044,1.3631600730346234,0.0
68,220.0,2.2916666666666665,0.02412280701754386,0.28125,0.17708333333333334,0.6417910447761194,0.208955223880597,3.283582089552239,5.157536322083805,1.03125,2.0142935258788666,5.0,0.4028587051757733,0.208955223880597,0.5489878839196545,1.4927113702623906,0.7003169258030577,0.0
69,189.0,1.96875,0.020723684210526314,0.28125,0.2604166666666667,0.6417910447761194,0.2537313432835821,2.8208955223880596,3.472512727181024,1.09375,2.0526502205603574,5.090909090909091,0.40319915046721305,0.208955223880597,0.6131544711539718,2.145945945945946,1.0136063313273154,0.0
70,216.0,2.25,0.02368421052631579,0.28125,0.19791666666666666,0.6417910447761194,0.22388059701492538,3.2238805970149254,4.728446780415729,1.1979166666666667,2.0923148533247766,6.142857142857143,0.3406093947272892,0.23880597014925373,0.6997710777575453,2.405688622754491,1.2929623733894187,0.0
71,223.0,2.3229166666666665,0.024451754385964912,0.28125,0.22916666666666666,0.6119402985074627,0.26865671641791045,3.328358208955224,3.5521570898475647,1.2916666666666667,2.1673058600729305,5.169811320754717,0.41922339629147926,0.23880597014925373,0.6949556838635123,2.231534090909091,1.0609182683381533,0.0
72,230.0,2.3958333333333335,0.025219298245614034,0.28125,0.13541666666666666,0.6268656716417911,0.208955223880597,3.4328358208955225,5.199719924266945,1.0833333333333333,2.0645537308837567,4.785714285714286,0.43139928705033725,0.26865671641791045,0.6223765030787146,2.0244698205546494,0.9972453503084864,0.0
73,267.0,2.78125,0.029276315789473685,0.28125,0.11458333333333333,0.6567164179104478,0.22388059701492538,3.985074626865672,6.650341839729409,1.0520833333333333,2.0665596377613658,5.0,0.41331192755227314,0.23880597014925373,0.511507467015281,1.9646697388632872,0.9365956388750583,0.0
74,324.0,3.375,0.035526315789473684,0.28125,0.0625,0.6417910447761194,0.19402985074626866,4.835820895522388,7.293826810611363,1.1666666666666667,2.0974864234431796,4.823943661971831,0.4348074045677832,0.2835820895522388,0.7380615310134243,2.0847127555988316,0.9227628181606723,0.0
75,230.0,2.3958333333333335,0.025219298245614034,0.28125,0.1875,0.6716417910447762,0.2537313432835821,3.4328358208955225,4.015967676877857,1.09375,2.021054359652931,5.0,0.4042108719305862,0.14925373134328357,0.5012092399087295,2.024604569420035,1.0171552570531777,0.0
76,172.0,1.7916666666666667,0.018859649122807017,0.28125,0.34375,0.6716417910447762,0.26865671641791045,2.5671641791044775,2.3691443321537444,1.0,1.9925564848798543,4.733333333333333,0.42096263765067343,0.16417910447761194,0.4492866058551138,1.7647058823529411,0.9565285998816313,0.0
77,242.0,2.5208333333333335,0.026535087719298245,0.28125,0.16666666666666666,0.6417910447761194,0.208955223880597,3.611940298507463,3.490051766050908,1.125,2.0472848592889945,4.666666666666666,0.4387038984190703,0.2835820895522388,0.5683977783453211,2.0332278481012658,1.0057695803688644,0.0
78,305.0,3.1770833333333335,0.03344298245614035,0.28125,0.07291666666666667,0.6119402985074627,0.22388059701492538,4.552238805970149,6.803037606053664,0.9791666666666666,1.9385589177817026,4.2,0.46156164709088154,0.23880597014925373,0.5945723765886981,1.9050131926121372,0.8792041479517302,0.0
79,237.0,2.46875,0.02598684210526316,0.28125,0.09375,0.6417910447761194,0.208955223880597,3.537313432835821,6.783063485531903,0.96875,1.9824323839109643,4.177777777777777,0.47451838976592237,0.19402985074626866,0.5530962248186834,1.7437858508604207,0.7602017578728569,0.0
80,246.0,2.5625,0.026973684210526316,0.28125,0.16666666666666666,0.6417910447761194,0.22388059701492538,3.671641791044776,4.613511315432204,1.09375,2.0745613578710937,4.492753623188406,0.4617572054616305,0.23880597014925373,0.7572284892960517,1.9891304347826086,0.8554849390391412,0.0
81,221.0,2.3020833333333335,0.024232456140350876,0.28125,0.21875,0.6417910447761194,0.23880597014925373,3.298507462686567,3.741717825282176,1.0625,2.0228472491144056,4.621621621621621,0.43769209483762,0.23880597014925373,0.46005639409545396,1.9166666666666667,0.8199137713634028,0.0
82,285.0,2.96875,0.03125,0.28125,0.10416666666666667,0.6119402985074627,0.2537313432835821,4.253731343283582,7.284985147095131,1.1666666666666667,2.121059796746303,5.833333333333334,0.36361025087079474,0.23880597014925373,0.7157497448509899,2.3654223968565815,1.228177402865679,0.0
83,242.0,2.5208333333333335,0.026535087719298245,0.28125,0.13541666666666666,0.6417910447761194,0.22388059701492538,3.611940298507463,5.680789594820789,1.1354166666666667,2.0988694827604704,5.273170731707317,0.39802797776678667,0.26865671641791045,0.6551446110092218,2.4156626506024095,1.1989120447824557,0.0
84,329.0,3.4270833333333335,0.03607456140350877,0.28125,0.08333333333333333,0.6268656716417911,0.23880597014925373,4.91044776119403,8.02785178873693,1.125,2.0692732995691574,5.814814814814815,0.35586228718705254,0.2537313432835821,0.711635655787781,2.18744053282588,1.0972147487131314,0.0
85,249.0,2.59375,0.02730263157894737,0.28125,0.14583333333333334,0.6268656716417911,0.22388059701492538,3.716417910447761,3.968840644965341,1.0833333333333333,2.040613743095683,4.578947368421053,0.44565127722779285,0.2537313432835821,0.6217804379475488,1.7992957746478873,0.79805729540842,0.0
86,261.0,2.71875,0.028618421052631578,0.28125,0.11458333333333333,0.6119402985074627,0.23880597014925373,3.8955223880597014,5.1907094405007195,1.0833333333333333,2.0632146249765566,4.677966101694915,0.4410495031652784,0.29850746268656714,0.5596536956808547,2.0377604166666665,0.8902667574947508,0.0
87,237.0,2.46875,0.02598684210526316,0.28125,0.15625,0.6119402985074627,0.22388059701492538,3.537313432835821,4.370452990213407,1.0833333333333333,2.0604539315929675,5.0,0.4120907863185935,0.23880597014925373,0.6758004773834976,2.0850746268656715,1.006815894562448,0.0
88,267.0,2.78125,0.029276315789473685,0.28125,0.03125,0.6268656716417911,0.22388059701492538,3.985074626865672,6.7543309053669365,1.1458333333333333,2.0547846432975008,4.5041322314049586,0.4561998932825644,0.2537313432835821,0.5775221757444884,2.04559915164369,0.8197659267171931,0.0
89,261.0,2.71875,0.028618421052631578,0.28125,0.125,0.6119402985074627,0.26865671641791045,3.8955223880597014,5.962342249633435,1.15625,2.14216401862382,5.153846153846153,0.4156437648076069,0.22388059701492538,0.6879215181758059,2.0620689655172413,1.0070242913723506,0.0
90,326.0,3.3958333333333335,0.03574561403508772,0.28125,0.020833333333333332,0.6417910447761194,0.1791044776119403,4.865671641791045,8.651318908712373,0.9895833333333334,1.9878617917734918,4.538461538461538,0.43800344564500665,0.26865671641791045,0.5364370309999841,1.791025641025641,0.7489292137774225,0.0
91,254.0,2.6458333333333335,0.027850877192982456,0.28125,0.10416666666666667,0.6417910447761194,0.208955223880597,3.791044776119403,5.313040884216746,1.0833333333333333,2.0257785327399627,4.78125,0.42369224214169154,0.2537313432835821,0.5207808477357059,2.099616858237548,0.9312903109643088,0.0
92,244.0,2.5416666666666665,0.02675438596491228,0.28125,0.13541666666666666,0.6417910447761194,0.22388059701492538,3.6417910447761193,3.748541100203996,1.125,2.0656372401410867,5.888888888888889,0.3507685879484864,0.22388059701492538,0.5812740085330997,2.3121019108280256,1.4459027662240407,0.0
93,269.0,2.8020833333333335,0.02949561403508772,0.28125,0.09375,0.6865671641791045,0.208955223880597,4.014925373134329,6.199932886521978,1.0208333333333333,2.0048619815966218,4.545454545454545,0.4410696359512568,0.23880597014925373,0.5126909105062606,1.7543307086614173,0.7362574712428078,0.0
94,262.0,2.7291666666666665,0.028728070175438596,0.28125,0.11458333333333333,0.6716417910447762,0.2537313432835821,3.91044776119403,5.605006807455608,1.2083333333333333,2.0928836124912715,5.588235294117647,0.37451601486685915,0.208955223880597,0.5515356446192052,2.1251956181533647,1.1704193381821755,0.0
95,269.0,2.8020833333333335,0.02949561403508772,0.28125,0.14583333333333334,0.6417910447761194,0.22388059701492538,4.014925373134329,6.373459498513734,1.0729166666666667,1.994981717659358,5.357142857142858,0.37239658729641345,0.208955223880597,0.5177700814406414,2.0269461077844313,1.047245956327022,0.0
96,278.0,2.8958333333333335,0.03048245614035088,0.28125,0.07291666666666667,0.6119402985074627,0.19402985074626866,4.149253731343284,5.6949039722217245,1.1666666666666667,2.1290048998257842,6.833333333333333,0.31156169265743183,0.34328358208955223,0.6367574208078673,2.434573829531813,1.504274468018251,0.0
97,269.0,2.8020833333333335,0.02949561403508772,0.28125,0.125,0.6417910447761194,0.2537313432835821,4.014925373134329,6.841257498516856,1.1041666666666667,2.0678314839247967,5.227272727272727,0.3955851534464829,0.208955223880597,0.5121504939039334,2.2519337016574585,1.0058232638379097,0.0
98,302.0,3.1458333333333335,0.0331140350877193,0.28125,0.041666666666666664,0.6268656716417911,0.208955223880597,4.507462686567164,5.494827138562006,1.0833333333333333,2.0327532499577927,4.416666666666666,0.46024601885836824,0.29850746268656714,0.533655709846967,1.9318996415770608,0.8323011563109359,0.0
99,239.0,2.4895833333333335,0.026206140350877195,0.28125,0.07291666666666667,0.6417910447761194,0.22388059701492538,3.5671641791044775,3.9513092597993658,1.125,2.1006626459711626,5.961538461538462,0.35236921803387244,0.2537313432835821,0.5648219885346794,2.0962837837837838,1.1306466295386826,0.0
100,323.0,3.3645833333333335,0.035416666666666666,0.28125,0.03125,0.6268656716417911,0.19402985074626866,4.82089552238806,7.070907903503492,1.2395833333333333,2.0714837962930917,4.666666666666666,0.4438893849199483,0.3283582089552239,0.6281703599371706,1.9194560669456067,0.8759725288879178,0.0
