trophospecies_id,n_lumped,sp_name,guild,sp_id,animal,d_seed,SLN_ID,sp_no_prey,sp_no_preds,sp_green_frac,sp_green_direct,sp_aqu_derived,sp_long_chain,sp_out_closeness,sp_in_closeness,sp_ntp,guild_ntp,guild_out_closeness,guild_in_closeness,Higher_taxon,phylum,class,order,family,m_kg_fresh,N_indiv_per_m3_epilimnion,common_name,mean_wetmass_g,N_in_whole_estuary
1,1,plants,plants,1,0,0,coachella,0,18,1.0,NaN,NaN,0,0.8235294117647058,0.0,1.0,1.0,0.8235294117647058,0.0,,,,,,,,,,
2,1,detritus,detritus,2,0,1,coachella,0,6,0.0,NaN,NaN,0,0.6363636363636364,0.0,1.0,1.0,0.6596452328159645,0.0,,,,,,,,,,
3,1,carrion,detritus,3,0,1,coachella,0,9,0.0,NaN,NaN,0,0.6829268292682927,0.0,1.0,1.0,0.6596452328159645,0.0,,,,,,,,,,
4,1,soil microbes,soil microbes,4,0,,coachella,4,12,0.3333333333333333,0.25,NaN,1,0.7567567567567568,9.333333333333334,2.5,2.5,0.7567567567567568,9.333333333333334,,,,,,,,,,
5,1,soil microarthropods and nematodes,soil microarthropods and nematodes,5,1,,coachella,4,2,0.3333333333333333,0.25,NaN,1,0.6829268292682927,7.0,2.5,2.5,0.6829268292682927,7.0,,,,,,,,,,
6,1,soil micropredators,soil micropredators,6,1,,coachella,3,2,0.33333333333333326,0.0,NaN,2,0.7,3.5,3.333333333333333,3.333333333333333,0.7,3.5,,,,,,,,,,
7,1,soil macroarthropods,soil macroarthropods,7,1,,coachella,5,17,0.3333333333333333,0.2,NaN,1,1.2727272727272727,7.0,2.6666666666666665,2.6666666666666665,1.2727272727272727,7.0,,,,,,,,,,
8,1,soil macroarthropod predators,soil macroarthropod predators,8,1,,coachella,6,16,0.26666666666666666,0.0,NaN,2,1.3333333333333333,3.111111111111111,3.25,3.25,1.3333333333333333,3.111111111111111,,,,,,,,,,
9,1,surface arthropod detritivores,surface arthropod detritivores,9,1,,coachella,3,15,0.4444444444444444,0.3333333333333333,NaN,2,1.3333333333333333,5.6,2.6,2.6,1.3333333333333333,5.6,,,,,,,,,,
10,1,surface arthropod herbivores,surface arthropod herbivores,10,1,,coachella,1,15,1.0,1.0,NaN,1,1.3333333333333333,28.0,2.0,2.0,1.3333333333333333,28.0,,,,,,,,,,
11,2,small arthropod predators;medium arthropod predators,small arthropod predators;medium arthropod predators,11;12,1,,coachella,12,15,0.587829160046734,0.0,NaN,3,1.4,0.9333333333333333,3.6764705882352944,3.6764705882352944,1.4,0.9333333333333333,,,,,,,,,,
13,1,large arthropod predators,large arthropod predators,13,1,,coachella,14,14,0.5877100016257732,0.0,NaN,2,1.3333333333333333,1.037037037037037,3.7,3.7,1.3333333333333333,1.037037037037037,,,,,,,,,,
14,1,facultative arthropod predators,facultative arthropod predators,14,1,,coachella,15,15,0.5199715501512245,0.06666666666666667,NaN,4,1.4,0.9333333333333333,3.4594594594594597,3.4594594594594597,1.4,0.9333333333333333,,,,,,,,,,
15,1,life-history arthropod omnivore,life-history arthropod omnivore,15,1,,coachella,12,15,0.6221866599112529,0.08333333333333333,NaN,4,1.4,0.8484848484848485,3.59375,3.59375,1.4,0.8484848484848485,,,,,,,,,,
16,1,spider parasitoids,spider parasitoids,16,1,,coachella,4,17,0.7251797205575025,0.25,NaN,3,1.5555555555555556,0.6511627906976745,3.9,3.9,1.5555555555555556,0.6511627906976745,,,,,,,,,,
17,1,primary parasitoids,primary parasitoids,17,1,,coachella,10,6,0.6087321536736934,0.1,NaN,3,0.9655172413793104,0.9032258064516129,3.5384615384615383,3.5384615384615383,0.9655172413793104,0.9032258064516129,,,,,,,,,,
18,1,hyperparasitoids,hyperparasitoids,18,1,,coachella,5,6,0.7383616208762759,0.2,NaN,4,0.9333333333333333,0.6222222222222222,3.8461538461538463,3.8461538461538463,0.9333333333333333,0.6222222222222222,,,,,,,,,,
19,1,facultative hyperparasitoids,facultative hyperparasitoids,19,1,,coachella,13,6,0.6195346092739082,0.07692307692307693,NaN,3,0.9333333333333333,0.9655172413793104,3.6285714285714286,3.6285714285714286,0.9333333333333333,0.9655172413793104,,,,,,,,,,
20,1,herbivorous mammals and reptiles,herbivorous mammals and reptiles,20,1,,coachella,1,5,1.0,1.0,NaN,1,4.0,28.0,2.0,2.0,4.0,28.0,,,,,,,,,,
21,1,primarily herbivorous mammals and birds,primarily herbivorous mammals and birds,21,1,,coachella,10,5,0.6087321536736934,0.1,NaN,3,4.0,0.8484848484848485,3.5384615384615383,3.5384615384615383,4.0,0.8484848484848485,,,,,,,,,,
22,1,small omnivorous mammals and birds,small omnivorous mammals and birds,22,1,,coachella,15,5,0.601163337996164,0.06666666666666667,NaN,3,4.666666666666667,0.6511627906976745,3.6097560975609757,3.6097560975609757,4.666666666666667,0.6511627906976745,,,,,,,,,,
23,1,predaceous mammals and birds,predaceous mammals and birds,23,1,,coachella,19,4,0.5754640121640733,0.05263157894736842,NaN,3,4.0,0.717948717948718,3.510204081632653,3.510204081632653,4.0,0.717948717948718,,,,,,,,,,
24,1,arthropodivorous snakes,arthropodivorous snakes,24,1,,coachella,9,7,0.5652579485263257,0.0,NaN,3,0.9333333333333333,0.875,3.6,3.6,0.9333333333333333,0.875,,,,,,,,,,
25,1,primarily arthropodivorous lizards,primarily arthropodivorous lizards,25,1,,coachella,12,9,0.6087321536736932,0.08333333333333333,NaN,2,0.9655172413793104,0.9655172413793104,3.5625,3.5625,0.9655172413793104,0.9655172413793104,,,,,,,,,,
26,1,primarily carnivorous lizards,primarily carnivorous lizards,26,1,,coachella,12,8,0.6087321536736933,0.08333333333333333,NaN,2,0.717948717948718,0.9655172413793104,3.5625,3.5625,0.717948717948718,0.9655172413793104,,,,,,,,,,
27,1,primarily carnivorous snakes,primarily carnivorous snakes,27,1,,coachella,12,6,0.5462429393356519,0.0,NaN,3,5.6,0.56,3.53125,3.53125,5.6,0.56,,,,,,,,,,
28,1,"large, primarily predaceous birds","large, primarily predaceous birds",28,1,,coachella,20,3,0.5544726089007136,0.0,NaN,3,3.5,0.7368421052631579,3.5555555555555554,3.5555555555555554,3.5,0.7368421052631579,,,,,,,,,,
29,1,"large, primarily predaceous mammals","large, primarily predaceous mammals",29,1,,coachella,21,2,0.5767489784556779,0.047619047619047616,NaN,2,2.3333333333333335,0.7777777777777778,3.509090909090909,3.509090909090909,2.3333333333333335,0.7777777777777778,,,,,,,,,,
30,1,golden eagle,golden eagle,30,1,,coachella,20,2,0.5527846307504813,0.0,NaN,2,3.111111111111111,0.7567567567567568,3.537037037037037,3.537037037037037,3.111111111111111,0.7567567567567568,,,,,,,,,,
1,1,Perca flavescens,Actinopteri,,1,,littlerocklake,68,7,NaN,NaN,NaN,2,2.8214285714285716,0.8876404494382022,3.9006410256410255,3.474674111133254,2.5036339735587854,0.6490865260094152,Actinopteri,,,,,,,,,
2,2,Chaoborus punctipennis;Chaoborus albatus,Insecta,,1,,littlerocklake,5,11,NaN,NaN,NaN,2,1.880952380952381,4.647058823529412,3.2142857142857144,2.8995150350906806,1.9768892065439534,22.69989067432817,Insecta,,,,,,,,,
3,13,Cladopelma;Nanocladius;Paratendipes;Chaetocladius;Micropsectra;Cricotopus;Glyptotendipes;Endochironomus;Corynoneura;Paratanytarsus;Microtendipes;Pseudochironomus;Stenochironomus,Insecta,,1,,littlerocklake,1,13,NaN,NaN,NaN,1,1.7954545454545454,79.0,2.0,2.8995150350906806,1.9768892065439534,22.69989067432817,Insecta,,,,,,,,,
4,4,Albabesmyia;Guttipelopia;Djalmabatista;Larsia,Insecta,,1,,littlerocklake,13,13,NaN,NaN,NaN,3,1.8372093023255813,2.0256410256410255,3.6363636363636367,2.8995150350906806,1.9768892065439534,22.69989067432817,Insecta,,,,,,,,,
5,3,Libellula;Sympetrum;Anisoptera epitheca,Insecta,,1,,littlerocklake,22,4,NaN,NaN,NaN,2,2.0256410256410255,2.1944444444444446,3.553571428571429,2.8995150350906806,1.9768892065439534,22.69989067432817,Insecta,,,,,,,,,
6,1,Ophryoxus gracilis,Branchiopoda,,1,,littlerocklake,3,16,NaN,NaN,NaN,1,2.0789473684210527,26.333333333333332,2.0,2.133503401360544,2.6987169934194797,28.01574074074074,Branchiopoda,,,,,,,,,
7,1,Bosmina longirostris,Branchiopoda,,1,,littlerocklake,3,13,NaN,NaN,NaN,1,3.761904761904762,26.333333333333332,2.0,2.133503401360544,2.6987169934194797,28.01574074074074,Branchiopoda,,,,,,,,,
10,1,Micropterus salmoides,Actinopteri,,1,,littlerocklake,55,7,NaN,NaN,NaN,2,2.8214285714285716,0.7745098039215687,3.993174061433447,3.474674111133254,2.5036339735587854,0.6490865260094152,Actinopteri,,,,,,,,,
11,1,Fish eggs,Actinopteri,,1,,littlerocklake,0,5,NaN,NaN,NaN,0,2.0256410256410255,0.0,1.0,3.474674111133254,2.5036339735587854,0.6490865260094152,Actinopteri,,,,,,,,,
12,1,Hydroporus,Insecta,,1,,littlerocklake,0,2,NaN,NaN,NaN,0,1.9268292682926829,0.0,1.0,2.8995150350906806,1.9768892065439534,22.69989067432817,Insecta,,,,,,,,,
13,1,Enallagma,Insecta,,1,,littlerocklake,20,6,NaN,NaN,NaN,2,2.135135135135135,2.1944444444444446,3.5384615384615383,2.8995150350906806,1.9768892065439534,22.69989067432817,Insecta,,,,,,,,,
15,3,Macropelopis;Procladius;Clinotanypus,Insecta,,1,,littlerocklake,14,13,NaN,NaN,NaN,3,1.8372093023255813,2.0789473684210527,3.6176470588235294,2.8995150350906806,1.9768892065439534,22.69989067432817,Insecta,,,,,,,,,
16,1,Campeloma decisum,Bivalvia,,1,,littlerocklake,1,6,NaN,NaN,NaN,1,2.0256410256410255,79.0,2.0,2.0,1.3335470085470085,79.0,Bivalvia,,,,,,,,,
17,1,Pomoxis nigromaculatus,Actinopteri,,1,,littlerocklake,61,7,NaN,NaN,NaN,2,2.8214285714285716,0.8229166666666666,3.886986301369863,3.474674111133254,2.5036339735587854,0.6490865260094152,Actinopteri,,,,,,,,,
18,1,Banksiola,Insecta,,1,,littlerocklake,10,5,NaN,NaN,NaN,3,2.0789473684210527,1.6808510638297873,3.9259259259259256,2.8995150350906806,1.9768892065439534,22.69989067432817,Insecta,,,,,,,,,
19,3,Daphnia parvula;Daphnia galeata mendotae;Diaphanosoma birgei,Branchiopoda,,1,,littlerocklake,4,14,NaN,NaN,NaN,1,4.388888888888889,19.75,2.0,2.133503401360544,2.6987169934194797,28.01574074074074,Branchiopoda,,,,,,,,,
20,1,Ambloplites rupestris,Actinopteri,,1,,littlerocklake,56,7,NaN,NaN,NaN,2,2.8214285714285716,0.7821782178217822,4.003378378378379,3.474674111133254,2.5036339735587854,0.6490865260094152,Actinopteri,,,,,,,,,
22,1,Caenis,Insecta,,1,,littlerocklake,1,7,NaN,NaN,NaN,1,2.0789473684210527,79.0,2.0,2.8995150350906806,1.9768892065439534,22.69989067432817,Insecta,,,,,,,,,
26,1,Cryptochironomus,Insecta,,1,,littlerocklake,14,13,NaN,NaN,NaN,2,1.7954545454545454,3.590909090909091,3.2727272727272725,2.8995150350906806,1.9768892065439534,22.69989067432817,Insecta,,,,,,,,,
27,1,Annelida Hirudinea,Clitellata,,1,,littlerocklake,7,5,NaN,NaN,NaN,3,2.0789473684210527,0.5,3.82258064516129,2.911290322580645,1.813983488132095,39.75,Clitellata,,,,,,,,,
28,1,Bezzia,Insecta,,1,,littlerocklake,5,13,NaN,NaN,NaN,2,1.6458333333333333,7.181818181818182,3.0,2.8995150350906806,1.9768892065439534,22.69989067432817,Insecta,,,,,,,,,
30,2,Polypedilum;Parachironomus,Insecta,,1,,littlerocklake,13,13,NaN,NaN,NaN,2,1.7954545454545454,3.761904761904762,3.25,2.8995150350906806,1.9768892065439534,22.69989067432817,Insecta,,,,,,,,,
33,1,Polycentropus,Insecta,,1,,littlerocklake,1,6,NaN,NaN,NaN,1,2.135135135135135,79.0,2.0,2.8995150350906806,1.9768892065439534,22.69989067432817,Insecta,,,,,,,,,
34,1,Turbellaria Tricladida,Turbellaria,,1,,littlerocklake,2,3,NaN,NaN,NaN,2,1.880952380952381,19.75,3.0,3.0,1.880952380952381,19.75,Turbellaria,,,,,,,,,
35,1,Epischura lacustris,Hexanauplia,,1,,littlerocklake,27,9,NaN,NaN,NaN,4,3.16,0.4540229885057471,3.586206896551724,2.91133549548372,2.8729107138114816,21.171238000681065,Hexanauplia,,,,,,,,,
37,1,Sphaeriidae,Bivalvia,,1,,littlerocklake,1,5,NaN,NaN,NaN,1,1.975,79.0,2.0,2.0,1.3335470085470085,79.0,Bivalvia,,,,,,,,,
40,1,Umbra,Actinopteri,,1,,littlerocklake,60,6,NaN,NaN,NaN,3,2.0789473684210527,0.8061224489795918,3.9250936329588013,3.474674111133254,2.5036339735587854,0.6490865260094152,Actinopteri,,,,,,,,,
41,1,Hemiptera Notonectids,Insecta,,1,,littlerocklake,6,7,NaN,NaN,NaN,4,2.323529411764706,0.398989898989899,3.8793103448275863,2.8995150350906806,1.9768892065439534,22.69989067432817,Insecta,,,,,,,,,
42,1,Leptophlebia,Insecta,,1,,littlerocklake,2,6,NaN,NaN,NaN,1,2.135135135135135,39.5,2.0,2.8995150350906806,1.9768892065439534,22.69989067432817,Insecta,,,,,,,,,
43,2,Leptodora kindtii;Polyphemus pediculus,Branchiopoda,,1,,littlerocklake,20,9,NaN,NaN,NaN,4,3.2916666666666665,0.4388888888888889,3.6020408163265305,2.133503401360544,2.6987169934194797,28.01574074074074,Branchiopoda,,,,,,,,,
44,1,Holopedium gibberum,Branchiopoda,,1,,littlerocklake,4,9,NaN,NaN,NaN,1,3.4347826086956523,19.75,2.0,2.133503401360544,2.6987169934194797,28.01574074074074,Branchiopoda,,,,,,,,,
45,1,Sphaeromais,Insecta,,1,,littlerocklake,2,9,NaN,NaN,NaN,1,1.58,39.5,2.5,2.8995150350906806,1.9768892065439534,22.69989067432817,Insecta,,,,,,,,,
46,1,Notemigonus crysoleucus,Actinopteri,,1,,littlerocklake,27,5,NaN,NaN,NaN,4,2.135135135135135,0.47023809523809523,3.6134453781512605,3.474674111133254,2.5036339735587854,0.6490865260094152,Actinopteri,,,,,,,,,
47,1,Limnephilus,Insecta,,1,,littlerocklake,1,5,NaN,NaN,NaN,1,2.0789473684210527,79.0,2.0,2.8995150350906806,1.9768892065439534,22.69989067432817,Insecta,,,,,,,,,
48,1,Xenochironomus,Insecta,,1,,littlerocklake,1,13,NaN,NaN,NaN,2,1.7954545454545454,26.333333333333332,3.0,2.8995150350906806,1.9768892065439534,22.69989067432817,Insecta,,,,,,,,,
49,2,Chironomus;Stictochironomus,Insecta,,1,,littlerocklake,1,8,NaN,NaN,NaN,1,1.6122448979591837,79.0,2.0,2.8995150350906806,1.9768892065439534,22.69989067432817,Insecta,,,,,,,,,
52,1,Agrypnia,Insecta,,1,,littlerocklake,8,5,NaN,NaN,NaN,2,2.0789473684210527,4.9375,3.0,2.8995150350906806,1.9768892065439534,22.69989067432817,Insecta,,,,,,,,,
54,1,Arthropoda Hydracarina,Arachnida,,1,,littlerocklake,10,2,NaN,NaN,NaN,3,1.8372093023255813,1.6122448979591837,3.84,3.84,1.8372093023255813,1.6122448979591837,Arachnida,,,,,,,,,
60,1,Tropocyclops prasinus,Hexanauplia,,1,,littlerocklake,25,11,NaN,NaN,NaN,5,3.95,0.34801762114537443,3.380952380952381,2.91133549548372,2.8729107138114816,21.171238000681065,Hexanauplia,,,,,,,,,
62,2,Mesocyclops edax;Diacyclops thomasi,Hexanauplia,,1,,littlerocklake,23,10,NaN,NaN,NaN,3,3.761904761904762,0.5851851851851851,3.671641791044776,2.91133549548372,2.8729107138114816,21.171238000681065,Hexanauplia,,,,,,,,,
64,1,Acantholeberis curvirostris,Branchiopoda,,1,,littlerocklake,1,15,NaN,NaN,NaN,1,2.0256410256410255,79.0,2.0,2.133503401360544,2.6987169934194797,28.01574074074074,Branchiopoda,,,,,,,,,
66,1,Amphipoda Crangonyx gracilis,Malacostraca,,1,,littlerocklake,1,7,NaN,NaN,NaN,1,1.975,79.0,2.0,2.0,1.975,79.0,Malacostraca,,,,,,,,,
67,2,Magaloptera Sialis;Molanna,Insecta,,1,,littlerocklake,10,6,NaN,NaN,NaN,3,2.135135135135135,1.6808510638297873,3.9259259259259256,2.8995150350906806,1.9768892065439534,22.69989067432817,Insecta,,,,,,,,,
68,1,Oecetis,Insecta,,1,,littlerocklake,2,6,NaN,NaN,NaN,2,2.135135135135135,9.875,3.0,2.8995150350906806,1.9768892065439534,22.69989067432817,Insecta,,,,,,,,,
69,1,Hemiptera Gerris,Insecta,,1,,littlerocklake,6,3,NaN,NaN,NaN,5,2.0256410256410255,0.3224489795918367,4.0,2.8995150350906806,1.9768892065439534,22.69989067432817,Insecta,,,,,,,,,
71,1,Mystacides,Insecta,,1,,littlerocklake,7,6,NaN,NaN,NaN,2,2.135135135135135,5.266666666666667,3.0,2.8995150350906806,1.9768892065439534,22.69989067432817,Insecta,,,,,,,,,
72,1,Lepidoptera Pyralidae eoparagyractis,Insecta,,1,,littlerocklake,0,7,NaN,NaN,NaN,0,2.0789473684210527,0.0,1.0,2.8995150350906806,1.9768892065439534,22.69989067432817,Insecta,,,,,,,,,
73,1,Diaptomus minutus,Hexanauplia,,1,,littlerocklake,6,12,NaN,NaN,NaN,1,3.590909090909091,13.166666666666666,2.0,2.91133549548372,2.8729107138114816,21.171238000681065,Hexanauplia,,,,,,,,,
74,1,Hemiptera Veliidae,Insecta,,1,,littlerocklake,5,6,NaN,NaN,NaN,5,2.393939393939394,0.3224489795918367,3.6,2.8995150350906806,1.9768892065439534,22.69989067432817,Insecta,,,,,,,,,
75,1,Neuroptera Climacia,Insecta,,1,,littlerocklake,1,5,NaN,NaN,NaN,2,2.0789473684210527,26.333333333333332,3.0,2.8995150350906806,1.9768892065439534,22.69989067432817,Insecta,,,,,,,,,
77,1,Gyrinus,Insecta,,1,,littlerocklake,28,6,NaN,NaN,NaN,4,2.1944444444444446,0.47023809523809523,4.171717171717171,2.8995150350906806,1.9768892065439534,22.69989067432817,Insecta,,,,,,,,,
78,6,Alona affinis;Alona quadrangularis;Alona intermedia;Alona rustica;Disparalona acutirostris;Alonella excisa,Branchiopoda,,1,,littlerocklake,3,21,NaN,NaN,NaN,1,1.8372093023255813,26.333333333333332,2.0,2.133503401360544,2.6987169934194797,28.01574074074074,Branchiopoda,,,,,,,,,
80,2,Macrocyclops albidus;Microcyclops rubellus,Hexanauplia,,1,,littlerocklake,3,13,NaN,NaN,NaN,2,2.135135135135135,8.777777777777779,3.0,2.91133549548372,2.8729107138114816,21.171238000681065,Hexanauplia,,,,,,,,,
81,4,Kellicottia bostoniensis;Conochilus unicornis;Kellicottia longispina;Conochiloides,Monogononta,,1,,littlerocklake,1,6,NaN,NaN,NaN,1,2.0789473684210527,79.0,2.0,2.4126984126984126,2.712868819776715,54.129629629629626,Monogononta,,,,,,,,,
82,1,Eubosmina,Branchiopoda,,1,,littlerocklake,2,13,NaN,NaN,NaN,1,3.761904761904762,39.5,2.0,2.133503401360544,2.6987169934194797,28.01574074074074,Branchiopoda,,,,,,,,,
83,3,Polyarthra vulgaris;Calanoid copepodids;Polyarthra remata,Monogononta;Hexanauplia,,1,,littlerocklake,1,11,NaN,NaN,NaN,1,3.590909090909091,79.0,2.0,2.0,3.5128458498023716,79.0,Monogononta;Hexanauplia,,,,,,,,,
84,4,Synchaeta;Nauplii;Gastropus;Trichocerca cylindrica,Monogononta;Hexanauplia,,1,,littlerocklake,1,12,NaN,NaN,NaN,1,3.4347826086956523,79.0,2.0,2.0,3.5128458498023716,79.0,Monogononta;Hexanauplia,,,,,,,,,
86,4,Keratella crassa;Keratella hiemalis;Keratella taurocephala;Keratella cochlearis,Monogononta,,1,,littlerocklake,1,7,NaN,NaN,NaN,1,2.46875,79.0,2.0,2.4126984126984126,2.712868819776715,54.129629629629626,Monogononta,,,,,,,,,
89,1,Scapholeberis kingi,Branchiopoda,,1,,littlerocklake,3,16,NaN,NaN,NaN,1,1.975,26.333333333333332,2.0,2.133503401360544,2.6987169934194797,28.01574074074074,Branchiopoda,,,,,,,,,
94,1,Cyclopoid copepodids,Hexanauplia,,1,,littlerocklake,20,11,NaN,NaN,NaN,4,3.761904761904762,0.43169398907103823,3.5632183908045976,2.91133549548372,2.8729107138114816,21.171238000681065,Hexanauplia,,,,,,,,,
97,2,Acanthocyclops;Eucyclops serrulatus,Hexanauplia,,1,,littlerocklake,3,14,NaN,NaN,NaN,2,2.0789473684210527,8.777777777777779,3.0,2.91133549548372,2.8729107138114816,21.171238000681065,Hexanauplia,,,,,,,,,
98,1,Sida crystallina,Branchiopoda,,1,,littlerocklake,4,16,NaN,NaN,NaN,1,1.975,19.75,2.0,2.133503401360544,2.6987169934194797,28.01574074074074,Branchiopoda,,,,,,,,,
101,1,Asplanchna,Monogononta,,1,,littlerocklake,7,12,NaN,NaN,NaN,2,3.590909090909091,4.388888888888889,3.238095238095238,2.4126984126984126,2.712868819776715,54.129629629629626,Monogononta,,,,,,,,,
103,1,Chydorus spi,Branchiopoda,,1,,littlerocklake,3,23,NaN,NaN,NaN,1,1.9268292682926829,26.333333333333332,2.0,2.133503401360544,2.6987169934194797,28.01574074074074,Branchiopoda,,,,,,,,,
104,1,Annelida Oligochaete,Clitellata,,1,,littlerocklake,1,16,NaN,NaN,NaN,1,1.5490196078431373,79.0,2.0,2.911290322580645,1.813983488132095,39.75,Clitellata,,,,,,,,,
107,1,Harpacticoid copepods,Hexanauplia,,1,,littlerocklake,1,9,NaN,NaN,NaN,1,1.490566037735849,79.0,2.0,2.91133549548372,2.8729107138114816,21.171238000681065,Hexanauplia,,,,,,,,,
110,1,Chydorus sp,Branchiopoda,,1,,littlerocklake,3,21,NaN,NaN,NaN,1,1.9268292682926829,26.333333333333332,2.0,2.133503401360544,2.6987169934194797,28.01574074074074,Branchiopoda,,,,,,,,,
112,1,Tanytarsus,Insecta,,1,,littlerocklake,1,15,NaN,NaN,NaN,1,1.58,79.0,2.0,2.8995150350906806,1.9768892065439534,22.69989067432817,Insecta,,,,,,,,,
114,1,Harpacticoid copepodids,Hexanauplia,,1,,littlerocklake,1,5,NaN,NaN,NaN,1,1.9268292682926829,79.0,2.0,2.91133549548372,2.8729107138114816,21.171238000681065,Hexanauplia,,,,,,,,,
115,15,Cryptomonas;Chroomonas;Scenedesmus;Crucigenia;Rhabdoderma;Oocystis;Elaktothrix;Ankistrodesmus;Euastrum;Tetraiidron;Chroococcus;Merismopedia;Schroederia;Gomphosphaeria;Aphanothece,Cryptophyceae;Chlorophyceae;Cyanophyceae;Trebouxiophyceae;Zygnemophyceae,,0,,littlerocklake,0,13,NaN,NaN,NaN,0,1.9268292682926829,0.0,1.0,1.0,1.9268292682926829,0.0,Cryptophyceae;Chlorophyceae;Cyanophyceae;Trebouxiophyceae;Zygnemophyceae,,,,,,,,,
117,2,Mallomonas;Asterionella,Synurophyceae;Fragilariophyceae,,0,,littlerocklake,0,7,NaN,NaN,NaN,0,2.0256410256410255,0.0,1.0,1.0,2.0256410256410255,0.0,Synurophyceae;Fragilariophyceae,,,,,,,,,
119,9,Xanthidium;Trachelomonas;Phacus;Quadrigula;Arthrodesmus;Spondylosium;Cosmarium;Pediastrum;Staurastrum,Zygnemophyceae;Euglenoidea;Chlorophyceae;Zygnematophyceae,,0,,littlerocklake,0,5,NaN,NaN,NaN,0,2.135135135135135,0.0,1.0,1.0,2.135135135135135,0.0,Zygnemophyceae;Euglenoidea;Chlorophyceae;Zygnematophyceae,,,,,,,,,
124,5,Aphanocapsa;Dinobryon;Gloeothece;Coelosphaerium;Synura,Cyanophyceae;Chrysophyceae;Synurophyceae,,0,,littlerocklake,0,3,NaN,NaN,NaN,0,2.135135135135135,0.0,1.0,1.0,2.135135135135135,0.0,Cyanophyceae;Chrysophyceae;Synurophyceae,,,,,,,,,
137,1,Tabellaria,Fragilariophyceae,,0,,littlerocklake,0,11,NaN,NaN,NaN,0,1.0128205128205128,0.0,1.0,1.0,1.0128205128205128,0.0,Fragilariophyceae,,,,,,,,,
138,1,Synedra,Fragilariophyceae,,0,,littlerocklake,0,9,NaN,NaN,NaN,0,1.0128205128205128,0.0,1.0,1.0,1.0128205128205128,0.0,Fragilariophyceae,,,,,,,,,
148,1,Fine organic matter detritus,detritus,,0,,littlerocklake,0,23,NaN,NaN,NaN,0,0.8404255319148937,0.0,1.0,1.0,0.8404255319148937,0.0,detritus,,,,,,,,,
149,3,Spongilla lacustris;Corvomyenia everetti;Ephydatia muelleri,Demospongiae;Eustigmatophyta,,1,,littlerocklake,1,2,NaN,NaN,NaN,1,1.144927536231884,79.0,2.0,2.0,1.144927536231884,79.0,Demospongiae;Eustigmatophyta,,,,,,,,,
152,25,Zygnema;Bulbochaete;Groenbladia;Scytonema;Batrachospermum;Tribonema;Spirogyra;Desmidium;Microchaete;Oscillatoria;Plectonema;Microcoleus;Binuclearia;Rhizoclonium;Geminella;Mougeotia;Schizothrix;Phormidium;Oedogonium;Sphaerozosma;Hapalosiphon;Bambusina;Radiofilum;Hyalotheca;Lyngbya,Zygnematophyceae;Chlorophyceae;Zygnemophyceae;Cyanophyceae;Florideophyceae;Phaeophyceae;Ulvophyceae,,0,,littlerocklake,0,3,NaN,NaN,NaN,0,1.161764705882353,0.0,1.0,1.0,1.161764705882353,0.0,Zygnematophyceae;Chlorophyceae;Zygnemophyceae;Cyanophyceae;Florideophyceae;Phaeophyceae;Ulvophyceae,,,,,,,,,
177,1,Anabaena,Cyanophyceae,,0,,littlerocklake,0,1,NaN,NaN,NaN,0,2.0256410256410255,0.0,1.0,1.0,2.0256410256410255,0.0,Cyanophyceae,,,,,,,,,
178,1,Bivalvia,Bivalvia,,1,,littlerocklake,1,0,NaN,NaN,NaN,1,0.0,79.0,2.0,2.0,1.3335470085470085,79.0,Bivalvia,,,,,,,,,
1,6,Anabaena circinalis;Chrysosphaerella longispina;Diceras sp.;Mallomonas-spiny sp. 1;Mallomonas-spiny sp. 2;Synura sp.,producer,1;10;14;21;22;35,0,0,tuesdaylake,0,0,1.0,NaN,NaN,0,0.0,0.0,1.0,1.0,1.963924963924964,0.0,,Cyanobacteria;Heterokontophyta,Cyanophyceae;Synurophyceae;Chrysophyceae,Nostocales;Synurales;Hibberdiales,Nostocaceae;Synuraceae;Stylococcaceae;Mallomonadaceae,1.91e-13;4.4e-11;1.53e-13;2.22e-12;5.07e-12,6.0e6;1.0e6;2.1e7;2.6e7,,,
2,1,Ankyra judayi,producer,2,0,0,tuesdaylake,0,2,1.0,NaN,NaN,0,1.8181818181818181,0.0,1.0,1.0,1.963924963924964,0.0,,Chlorophyta,Chlorophyceae,Chlorococcales,Sphaeropleaceae,1.53e-13,1.3e7,,,
3,6,Cryptomonas sp. 1;Chroococcus dispersus;Chroococcus limneticus;unclassified microflagellates;Chromulina sp.;Selenastrum minutum,producer,3;6;7;23;31;33,0,0,tuesdaylake,0,10,1.0,NaN,NaN,0,1.1111111111111112,0.0,1.0,1.0,1.963924963924964,0.0,,Cryptophyta;Cyanobacteria;Microflagellate;Heterokontophyta;Chlorophyta,Cryptophyceae;Cyanophyceae;;Chrysophyceae;Sphaeropleales,Cryptomonadales;Chroococcales;;Chromulinales;Ankistrodesmaceae,Cryptomonadaceae;Chroococcaceae;;Chromulinaceae;Monoraphidium,2.85e-13;2.39e-13;1.31e-12;1.02e-13;3.03e-14;2.72e-13,3.3e7;5.0e6;1.6e7;1.26e8;2.09e8;1.1e7,,,
4,12,Cryptomonas sp. 3;Cryptomonas sp. 4;Cosmarium sp.;Dactylococcopsis fascicularis;Dictyosphaerium pulchellum;Dinobryon sertularia;Sphaerocystis schroeteri;Glenodinium pulvisculus;Oocystis sp. 1;Oocystis sp. 2;Peridinium pulsillum;Schroederia setigera,producer,4;5;8;13;15;16;17;19;24;25;28;32,0,0,tuesdaylake,0,4,1.0,NaN,NaN,0,1.6666666666666667,0.0,1.0,1.0,1.963924963924964,0.0,,Cryptophyta;Charophyta;Cyanobacteria;Chlorophyta;Heterokontophyta;Myzozoa,Cryptophyceae;Zygnematophyceae;Cyanophyceae;Chlorophyceae;Chrysophyceae;Dinophyceae,Cryptomonadales;Zygnematales;Chlorococcales;Chromulinales;Tetrasporales;Peridiniales;Sphaeropleales,Cryptomonadaceae;Desmidiaceae;Chroococcaceae;Botryococcaceae;Dinobryaceae;Palmellaceae;Peridiniales;Oocystaceae;Peridiniaceae;Neochloridaceae,6.72e-13;1.64e-12;3.71e-12;1.32e-13;4.07e-13;6.28e-12;1.08e-11;5.2e-12;3.86e-12;6.32e-12;1.58e-12;6.37e-13,1.8e7;2.8e7;1.0e6;2.0e6;8.0e6;2.4e7;3.0e6;8.9e7,,,
9,1,Closteriopsis longissimus,producer,9,0,0,tuesdaylake,0,3,1.0,NaN,NaN,0,1.8181818181818181,0.0,1.0,1.0,1.963924963924964,0.0,,Chlorophyta,Chlorophyceae,Sphaeropleales,Ankistrodesmaceae,1.98e-13,1.0e6,,,
11,8,Dinobryon bavaricum;Dinobryon cylindricum;Gloeocystis sp.;Microcystis aeruginosa;Peridinium limbatum;Quadrigula lacustris;Quadrigula sp. 2;Synedra sp.,producer,11;12;18;20;27;29;30;34,0,0,tuesdaylake,0,1,1.0,NaN,NaN,0,4.0,0.0,1.0,1.0,1.963924963924964,0.0,,Heterokontophyta;Chlorophyta;Cyanobacteria;Myzozoa;Bacillariophyta,Chrysophyceae;Chlorophyceae;Cyanophyceae;Dinophyceae;Fragilariophyceae,Chromulinales;Chlorococcales;Peridiniales;Sphaeropleales;Fragilariales,Dinobryaceae;Radiococcaceae;Microcystaceae;Peridiniaceae;Ankistrodesmaceae;Fragilariaceae,5.29e-12;4.48e-12;9.46e-11;1.62e-11;6.46e-11;7.13e-12;9.48e-13;3.62e-13,8.0e6;6.7e7;5.0e6;2.0e6;1.0e6;1.03e8;1.1e7,,,
26,1,Oscillatoria sp.,producer,26,0,0,tuesdaylake,0,2,1.0,NaN,NaN,0,3.3333333333333335,0.0,1.0,1.0,1.963924963924964,0.0,,Cyanobacteria,Cyanophyceae,Oscillatoriales,Oscillatoriaceae,1.61e-12,6.0e6,,,
36,1,Ascomorpha eucadis,consumer,36,1,,tuesdaylake,1,4,1.0,1.0,NaN,1,2.5,20.0,2.0,2.4793818843326805,6.287414965986394,8.59079540907272,,Rotifera,Monogononta,Ploima,Gastropidae,4.0e-10,21000.0,,,
37,1,Conochilus (colonial),consumer,37,1,,tuesdaylake,2,0,1.0,1.0,NaN,1,0.0,10.0,2.0,2.4793818843326805,6.287414965986394,8.59079540907272,,Rotifera,Monogononta,Flosculariaceae,Conochilidae,1.46e-8,4200.0,,,
38,1,Conochiloides dossuarius,consumer,38,1,,tuesdaylake,2,3,1.0,1.0,NaN,1,4.0,10.0,2.0,2.4793818843326805,6.287414965986394,8.59079540907272,,Rotifera,Monogononta,Flosculariaceae,Conochilidae,1.6e-10,1800.0,,,
39,2,Cyclops varians rubellus;Orthocyclops modestus,consumer,39;50,1,,tuesdaylake,8,3,1.0,0.0,NaN,2,5.0,1.3333333333333333,3.4705882352941178,2.4793818843326805,6.287414965986394,8.59079540907272,,Arthropoda (Crustacea),Maxillopoda (Copepoda),Cyclopoida,Cyclopidae,2.44e-8;3.22e-8,2400.0;600.0,,,
40,1,Diaptomus oregonensis,consumer,40,1,,tuesdaylake,2,3,1.0,1.0,NaN,1,4.0,10.0,2.0,2.4793818843326805,6.287414965986394,8.59079540907272,,Arthropoda (Crustacea),Maxillopoda (Copepoda),Calanoida,Diaptomidae,1.44e-8,600.0,,,
41,1,Daphnia pulex,consumer,41,1,,tuesdaylake,7,2,0.9999999999999998,0.7142857142857142,NaN,1,10.0,2.857142857142857,2.2857142857142856,2.4793818843326805,6.287414965986394,8.59079540907272,,Arthropoda (Crustacea),Branchiopoda,Cladocera,Daphnidae,4.57e-8,15600.0,,,
42,1,Daphnia rosea,consumer,42,1,,tuesdaylake,6,1,0.9999999999999999,0.6666666666666666,NaN,1,6.666666666666667,3.3333333333333335,2.3333333333333335,2.4793818843326805,6.287414965986394,8.59079540907272,,Arthropoda (Crustacea),Branchiopoda,Cladocera,Daphnidae,1.36e-8,2400.0,,,
43,7,Gastropus hyptopus;Kellicottia bostoniensis;Kellicottia longispina;Keratella testudo;Polyarthra vulgaris;Trichocerca cylindrica;Trichocerca multicrinis,consumer,43;46;47;49;51;53;54,1,,tuesdaylake,1,3,1.0,1.0,NaN,1,4.0,20.0,2.0,2.4793818843326805,6.287414965986394,8.59079540907272,,Rotifera,Monogononta,Ploima,Gastropidae;Brachionidae;Synchaetatidae;Trichocercidae,1.35e-10;2.0e-11;4.5e-11;1.5e-11;2.6e-10;5.9e-10;7.0e-11,1800.0;31800.0;3000.0;69600.0;75600.0;22200.0;4200.0,,,
44,1,Gastropus stylifer,consumer,44,1,,tuesdaylake,2,3,1.0,1.0,NaN,1,4.0,10.0,2.0,2.4793818843326805,6.287414965986394,8.59079540907272,,Rotifera,Monogononta,Ploima,Gastropidae,1.0e-10,11400.0,,,
45,1,Holopedium gibberum,consumer,45,1,,tuesdaylake,2,1,1.0,1.0,NaN,1,20.0,10.0,2.0,2.4793818843326805,6.287414965986394,8.59079540907272,,Arthropoda (Crustacea),Branchiopoda,Cladocera,Holopedidae,4.89e-8,4200.0,,,
48,2,Keratella cochlearis;Synchaeta sp.,consumer,48;52,1,,tuesdaylake,1,5,1.0,1.0,NaN,1,2.857142857142857,20.0,2.0,2.4793818843326805,6.287414965986394,8.59079540907272,,Rotifera,Monogononta,Ploima,Brachionidae;Synchaetatidae,1.0e-11;3.7e-10,52800.0;29400.0,,,
55,1,Tropocyclops prasinus,consumer,55,1,,tuesdaylake,7,3,0.9999999999999998,0.0,NaN,2,5.0,1.25,3.5,2.4793818843326805,6.287414965986394,8.59079540907272,,Arthropoda (Crustacea),Maxillopoda (Copepoda),Cyclopoida,Cyclopidae,8.95e-9,1200.0,,,
56,1,Chaoborus punctipennis,consumer,56,1,,tuesdaylake,11,2,1.0000000000000002,0.0,NaN,2,20.0,0.9090909090909091,3.4375,2.4793818843326805,6.287414965986394,8.59079540907272,,Arthropoda,Insecta,Diptera,Chaoboridae,2.1e-7,12000.0,,,
57,1,Micropterus salmoides,consumer,57,1,,tuesdaylake,4,1,1.0,0.0,NaN,3,0.0,0.5882352941176471,3.6842105263157894,2.4793818843326805,6.287414965986394,8.59079540907272,,Chordata,Actinopterygii,Perciformes,Centrarchidae,0.2,0.03,,,
1,1,Lutra lutra,aquatic mammal,1,1,,ythanestuary,5,0,NaN,NaN,NaN,3,0.0,0.9069767441860465,3.95,3.95,0.0,0.9069767441860465,,,,,,,,Otter,12000,2
2,1,Phalacrocorax carbo,bird,2,1,,ythanestuary,7,0,NaN,NaN,NaN,3,0.0,0.8297872340425532,3.9615384615384617,3.3069957027515673,3.25,6.088619567680705,,,,,,,,Cormorant,2250,30
3,1,Ardea cinerea,bird,3,1,,ythanestuary,10,0,NaN,NaN,NaN,3,0.0,0.8666666666666667,3.894736842105263,3.3069957027515673,3.25,6.088619567680705,,,,,,,,Heron,1097,10
4,2,Cygnus olor;Anas penelope,bird,4;6,1,,ythanestuary,1,0,NaN,NaN,NaN,1,0.0,78.0,2.0,3.3069957027515673,3.25,6.088619567680705,,,,,,,,Mute Swan;Wigeon,10250;710,35;350
5,1,Tadorna tadorna,bird,5,1,,ythanestuary,11,0,NaN,NaN,NaN,2,0.0,2.888888888888889,3.052631578947368,3.3069957027515673,3.25,6.088619567680705,,,,,,,,Shelduck,1112,55
7,1,Somateria mollissima,bird,7,1,,ythanestuary,4,0,NaN,NaN,NaN,2,0.0,1.7727272727272727,3.416666666666667,3.3069957027515673,3.25,6.088619567680705,,,,,,,,Eider,2150,3350
8,1,Somateria mollissima,bird,8,1,,ythanestuary,8,1,NaN,NaN,NaN,3,78.0,1.6956521739130435,3.1875,3.3069957027515673,3.25,6.088619567680705,,,,,,,,Eider juv.,700,1834
9,1,Haematopus ostralegus,bird,9,1,,ythanestuary,6,0,NaN,NaN,NaN,2,0.0,4.875,3.0,3.3069957027515673,3.25,6.088619567680705,,,,,,,,Oystercatcher,540,250
10,1,Charadris hiaticula,bird,10,1,,ythanestuary,4,0,NaN,NaN,NaN,2,0.0,3.9,3.125,3.3069957027515673,3.25,6.088619567680705,,,,,,,,Ringed plover,63,5
11,1,Pluvialis apricaria,bird,11,1,,ythanestuary,5,0,NaN,NaN,NaN,2,0.0,5.2,3.0,3.3069957027515673,3.25,6.088619567680705,,,,,,,,Golden plover,180,200
12,2,Pluvialis squatarola;Calidris alpina,bird,12;14,1,,ythanestuary,2,0,NaN,NaN,NaN,2,0.0,6.5,3.0,3.3069957027515673,3.25,6.088619567680705,,,,,,,,Grey plover;Dunlin,227;48,200;350
13,1,Vanellus vanellus,bird,13,1,,ythanestuary,3,0,NaN,NaN,NaN,2,0.0,6.0,3.0,3.3069957027515673,3.25,6.088619567680705,,,,,,,,Lapwing,243,200
15,1,Limos lapponica,bird,15,1,,ythanestuary,1,0,NaN,NaN,NaN,2,0.0,6.0,3.0,3.3069957027515673,3.25,6.088619567680705,,,,,,,,Bar-tailed godwit,301,12
16,1,Numenius arquata,bird,16,1,,ythanestuary,4,0,NaN,NaN,NaN,2,0.0,2.6,3.166666666666667,3.3069957027515673,3.25,6.088619567680705,,,,,,,,Curlew,725,5
17,1,Tringa totanus,bird,17,1,,ythanestuary,12,0,NaN,NaN,NaN,2,0.0,1.95,3.217391304347826,3.3069957027515673,3.25,6.088619567680705,,,,,,,,Redshank,117,400
18,1,Arenaria interpres,bird,18,1,,ythanestuary,3,0,NaN,NaN,NaN,2,0.0,8.666666666666666,3.0,3.3069957027515673,3.25,6.088619567680705,,,,,,,,Turnstone,110,35
19,1,Larus canus,bird,19,1,,ythanestuary,8,0,NaN,NaN,NaN,3,0.0,0.9069767441860465,3.388888888888889,3.3069957027515673,3.25,6.088619567680705,,,,,,,,Common gull,386,15
20,1,Larus ridibundus,bird,20,1,,ythanestuary,7,0,NaN,NaN,NaN,3,0.0,0.8863636363636364,3.466666666666667,3.3069957027515673,3.25,6.088619567680705,,,,,,,,B H gull,180,150
21,1,Larus aragentatus,bird,21,1,,ythanestuary,9,0,NaN,NaN,NaN,3,0.0,0.8666666666666667,3.6538461538461537,3.3069957027515673,3.25,6.088619567680705,,,,,,,,Herring gull,885,30
22,1,Larus marinus,bird,22,1,,ythanestuary,5,0,NaN,NaN,NaN,3,0.0,0.8666666666666667,3.5454545454545454,3.3069957027515673,3.25,6.088619567680705,,,,,,,,G B B gull,1330,20
23,1,Sterna Sandvicensis,bird,23,1,,ythanestuary,4,0,NaN,NaN,NaN,3,0.0,1.1470588235294117,4.0,3.3069957027515673,3.25,6.088619567680705,,,,,,,,Sandwich tern,230,462
24,1,Sterna hirundo,bird,24,1,,ythanestuary,4,0,NaN,NaN,NaN,3,0.0,1.3220338983050848,3.909090909090909,3.3069957027515673,3.25,6.088619567680705,,,,,,,,Common tern,126,409
25,1,Sterna paradisea,bird,25,1,,ythanestuary,2,0,NaN,NaN,NaN,3,0.0,3.0,4.0,3.3069957027515673,3.25,6.088619567680705,,,,,,,,Arctic tern,110,30
26,1,Corvus frugilegus,bird,26,1,,ythanestuary,4,0,NaN,NaN,NaN,2,0.0,2.6,3.1818181818181817,3.3069957027515673,3.25,6.088619567680705,,,,,,,,Rook,446,8
27,1,Corvus corone,bird,27,1,,ythanestuary,4,0,NaN,NaN,NaN,2,0.0,2.7857142857142856,3.2,3.3069957027515673,3.25,6.088619567680705,,,,,,,,Crow,487,12
28,2,Sprattus sprattus;Clupea harengus,fish,28;29,1,,ythanestuary,1,8,NaN,NaN,NaN,2,6.5,26.0,3.0,3.2969292321423396,14.515966386554622,4.278895454371973,,,,,,,,Spratt;Herring,3;5,10400
30,1,Anguilla anguilla,fish,30,1,,ythanestuary,6,4,NaN,NaN,NaN,3,19.5,1.6956521739130435,3.3636363636363633,3.2969292321423396,14.515966386554622,4.278895454371973,,,,,,,,Eel,90,20800
31,1,Sygnathus rostellatus,fish,31,1,,ythanestuary,3,0,NaN,NaN,NaN,2,0.0,15.6,3.0,3.2969292321423396,14.515966386554622,4.278895454371973,,,,,,,,Nilssons pipefish,2,2080
32,1,Pollachus virens,fish,32,1,,ythanestuary,9,2,NaN,NaN,NaN,2,39.0,1.4181818181818182,3.5,3.2969292321423396,14.515966386554622,4.278895454371973,,,,,,,,Saithe,125,2080
33,1,Ciliata mustella,fish,33,1,,ythanestuary,2,0,NaN,NaN,NaN,3,0.0,2.3636363636363638,3.4,3.2969292321423396,14.515966386554622,4.278895454371973,,,,,,,,Five-bearded rockling,10,20800
34,1,Ammodytes tobianus,fish,34,1,,ythanestuary,9,6,NaN,NaN,NaN,2,5.571428571428571,6.0,3.1,3.2969292321423396,14.515966386554622,4.278895454371973,,,,,,,,Sand eel,2,2080
35,1,Pholis gunnellus,fish,35,1,,ythanestuary,15,3,NaN,NaN,NaN,2,26.0,2.2285714285714286,3.2,3.2969292321423396,14.515966386554622,4.278895454371973,,,,,,,,Butterfish,85,20800
36,1,Zoarces viviparus,fish,36,1,,ythanestuary,13,4,NaN,NaN,NaN,3,19.5,1.9024390243902438,3.1578947368421053,3.2969292321423396,14.515966386554622,4.278895454371973,,,,,,,,Viviparous blenny,1.5,20800
37,1,Pomatoschistus minutus,fish,37,1,,ythanestuary,15,1,NaN,NaN,NaN,2,3.0,2.108108108108108,3.25,3.2969292321423396,14.515966386554622,4.278895454371973,,,,,,,,Sand goby,6.204,10400000
38,1,Pomatoschistus microps,fish,38,1,,ythanestuary,21,6,NaN,NaN,NaN,2,5.2,1.8571428571428572,3.388888888888889,3.2969292321423396,14.515966386554622,4.278895454371973,,,,,,,,Common goby,6.204,41600000
39,1,Myxocephalus scorpius,fish,39,1,,ythanestuary,8,3,NaN,NaN,NaN,2,6.0,1.3448275862068966,3.5882352941176467,3.2969292321423396,14.515966386554622,4.278895454371973,,,,,,,,Fatherlasher,15,20800
40,1,Agonus cataphractus,fish,40,1,,ythanestuary,2,0,NaN,NaN,NaN,3,0.0,1.471698113207547,3.6,3.2969292321423396,14.515966386554622,4.278895454371973,,,,,,,,Pogge,15,20800
41,1,Gasterosteus aculeatus,fish,41,1,,ythanestuary,7,0,NaN,NaN,NaN,3,0.0,1.625,3.333333333333333,3.2969292321423396,14.515966386554622,4.278895454371973,,,,,,,,3-spined stickleback,2,20800
42,1,Pleuronectes platessa,fish,42,1,,ythanestuary,16,1,NaN,NaN,NaN,3,6.0,2.0,3.1818181818181817,3.2969292321423396,14.515966386554622,4.278895454371973,,,,,,,,Plaice juv.,27,686400
43,1,Platichthys flesus,fish,43,1,,ythanestuary,31,7,NaN,NaN,NaN,2,13.0,1.3928571428571428,3.4482758620689653,3.2969292321423396,14.515966386554622,4.278895454371973,,,,,,,,Flounder,125,264160
44,1,Platichthys flesus,fish,44,1,,ythanestuary,13,1,NaN,NaN,NaN,2,78.0,2.108108108108108,3.2857142857142856,3.2969292321423396,14.515966386554622,4.278895454371973,,,,,,,,Flounder juv.,27,332800
45,1,Salmo trutta,fish,45,1,,ythanestuary,7,4,NaN,NaN,NaN,3,19.5,1.625,3.25,3.2969292321423396,14.515966386554622,4.278895454371973,,,,,,,,Sea trout,480,10000
46,1,Crangon crangon,crustacean,46,1,,ythanestuary,14,17,NaN,NaN,NaN,2,2.3636363636363638,2.6,3.1,2.2818181818181817,2.04162686528496,59.74438502673797,,,,,,,,Brown shrimp,2.263157895,10400000
47,1,Hyale nilssoni,crustacean,47,1,,ythanestuary,1,2,NaN,NaN,NaN,1,2.888888888888889,78.0,2.0,2.2818181818181817,2.04162686528496,59.74438502673797,,,,,,,,Amphipod,0.022727273,4160000
48,1,Carcinus maenas,crustacean,48,1,,ythanestuary,14,21,NaN,NaN,NaN,2,1.8571428571428572,4.588235294117647,3.0,2.2818181818181817,2.04162686528496,59.74438502673797,,,,,,,,Shore crab,10,6240000
49,1,Hydrobia ulvae,gastropod,49,1,,ythanestuary,2,19,NaN,NaN,NaN,1,1.164179104477612,39.0,2.0,2.2,3.6389227774172612,36.92,,,,,,,,Mud snail,0.001343284,1.41E+11
50,1,Ostracoda,crustacean,50,1,,ythanestuary,1,6,NaN,NaN,NaN,1,1.5294117647058822,78.0,2.0,2.2818181818181817,2.04162686528496,59.74438502673797,,,,,,,,Ostracods,6.82E-06,53154400000
51,1,Calanoidea,crustacean,51,1,,ythanestuary,1,6,NaN,NaN,NaN,1,2.7857142857142856,78.0,2.0,2.2818181818181817,2.04162686528496,59.74438502673797,,,,,,,,Calanoid copepods,6.82E-06,3.45E+11
52,1,Harpacticoidea,crustacean,52,1,,ythanestuary,1,12,NaN,NaN,NaN,1,1.56,78.0,2.0,2.2818181818181817,2.04162686528496,59.74438502673797,,,,,,,,Harpacticoid copepods,6.82E-06,5.55E+11
53,1,Semibalanus balanoides,barnacle,53,1,,ythanestuary,1,14,NaN,NaN,NaN,1,1.3928571428571428,78.0,2.0,2.0,1.3928571428571428,78.0,,,,,,,,Barnacle (cyprid),3.92E-06,444440000
54,1,Neomysis integer,crustacean,54,1,,ythanestuary,1,15,NaN,NaN,NaN,2,1.813953488372093,26.0,3.0,2.2818181818181817,2.04162686528496,59.74438502673797,,,,,,,,Opposum shrimp,0.15625,16640000
55,10,Mya arenaria;Talitrus saltator;Bathyporeia pilosa;Idotea emarginata;Eurydice pulchra;Hesionidae;Parathemisto spp.;Aricia spp.;Tubifex costatus;Diptera larvae,bivalve;crustacean;worm;insect,55;56;58;60;62;68;69;75;78;88,1,,ythanestuary,1,1,NaN,NaN,NaN,1,6.0,78.0,2.0,2.0,6.0,78.0,,,,,,,,Clam;Sand hopper;Amphipod;Isopod;polychaete;oligopchaete;Diptera larvae/pupae,0.666666667;0.031818182;0.009090909;0.022727273;0.018181818;0.01875;0.00625;0.000125;0.000555556;0.010526316,14560000;16640000;871200;100000;120000;41600000;31200000;52000000;31200000000;624000000
57,1,Corophium volutator,crustacean,57,1,,ythanestuary,1,25,NaN,NaN,NaN,1,1.368421052631579,78.0,2.0,2.2818181818181817,2.04162686528496,59.74438502673797,,,,,,,,mud shrimp,0.009090909,52000000000
59,1,Gammarus spp.,crustacean,59,1,,ythanestuary,1,22,NaN,NaN,NaN,1,2.0526315789473686,78.0,2.0,2.2818181818181817,2.04162686528496,59.74438502673797,,,,,,,,Amphipod,0.029545455,26000000
61,1,Jaera marina,crustacean,61,1,,ythanestuary,1,9,NaN,NaN,NaN,1,1.2380952380952381,78.0,2.0,2.2818181818181817,2.04162686528496,59.74438502673797,,,,,,,,Isopod,0.013636364,600000
63,1,Nototropis spp.,crustacean,63,1,,ythanestuary,1,1,NaN,NaN,NaN,1,3.0,78.0,2.0,2.2818181818181817,2.04162686528496,59.74438502673797,,,,,,,,Amphipod,0.022727273,120000
64,1,Nematoda,worm,64,1,,ythanestuary,1,5,NaN,NaN,NaN,1,1.0129870129870129,78.0,2.0,2.238095238095238,2.616476283229932,57.77777777777778,,,,,,,,Nematodes,0.000130435,7.16E+11
65,1,Diatomeae,phytoplankton ,65,1,,ythanestuary,0,3,NaN,NaN,NaN,0,0.975,0.0,1.0,1.0,0.975,0.0,,,,,,,,Diatoms,6.67E-06,6.27E+12
66,1,Nereis virens,worm,66,1,,ythanestuary,6,2,NaN,NaN,NaN,1,1.0833333333333333,13.0,2.571428571428571,2.238095238095238,2.616476283229932,57.77777777777778,,,,,,,,King rag worm,1.25,1344000
67,1,Nereis diversicolor,worm,67,1,,ythanestuary,6,25,NaN,NaN,NaN,1,1.5294117647058822,13.0,2.571428571428571,2.238095238095238,2.616476283229932,57.77777777777778,,,,,,,,rag worm,0.125,2496000000
70,2,Phyllodoce;Eteone,worm,70;71,1,,ythanestuary,1,1,NaN,NaN,NaN,2,6.0,26.0,3.0,2.238095238095238,2.616476283229932,57.77777777777778,,,,,,,,paddle worm,1.25;0.625,736320000;110240000
72,1,Pygospio elegans,worm,72,1,,ythanestuary,1,9,NaN,NaN,NaN,1,1.5918367346938775,78.0,2.0,2.238095238095238,2.616476283229932,57.77777777777778,,,,,,,,tube worm,0.000416667,382720000
73,1,Capitallidae,worm,73,1,,ythanestuary,1,3,NaN,NaN,NaN,1,4.105263157894737,78.0,2.0,2.238095238095238,2.616476283229932,57.77777777777778,,,,,,,,blood worm,0.000416667,865280000
74,1,Manayunkia aestuarina,worm,74,1,,ythanestuary,1,4,NaN,NaN,NaN,1,3.12,78.0,2.0,2.238095238095238,2.616476283229932,57.77777777777778,,,,,,,,polychaete,0.000208333,3.12E+11
76,1,Arenicola marina,worm,76,1,,ythanestuary,1,3,NaN,NaN,NaN,1,3.5454545454545454,78.0,2.0,2.238095238095238,2.616476283229932,57.77777777777778,,,,,,,,lugworm,0.166666667,45760000
77,1,Tubificoides benedeni,worm,77,1,,ythanestuary,1,4,NaN,NaN,NaN,1,1.56,78.0,2.0,2.238095238095238,2.616476283229932,57.77777777777778,,,,,,,,oligopchaete,0.011111111,29120000000
79,1,Fucus ceranoides,macroalga,79,0,0,ythanestuary,0,3,NaN,NaN,NaN,0,0.9512195121951219,0.0,1.0,1.0,0.8995227995758218,0.0,,,,,,,,Brown algae,0.25,300000
80,1,Littorina littorea,gastropod,80,1,,ythanestuary,3,12,NaN,NaN,NaN,1,3.9,26.0,2.0,2.2,3.6389227774172612,36.92,,,,,,,,periwinkle,0.09,10400000
81,1,Littorina saxatilis,gastropod,81,1,,ythanestuary,3,5,NaN,NaN,NaN,1,1.1304347826086956,26.0,2.0,2.2,3.6389227774172612,36.92,,,,,,,,rough periwinkle,0.016,550000
82,1,Alderia modesta,gastropod,82,1,,ythanestuary,1,1,NaN,NaN,NaN,1,6.0,78.0,2.0,2.2,3.6389227774172612,36.92,,,,,,,,snail,0.001,2080000
83,1,Retusa obtusa,gastropod,83,1,,ythanestuary,1,1,NaN,NaN,NaN,2,6.0,15.6,3.0,2.2,3.6389227774172612,36.92,,,,,,,,snail,0.0008,56160000
84,1,Macoma balthica,bivalve,84,1,,ythanestuary,1,8,NaN,NaN,NaN,1,1.1304347826086956,78.0,2.0,2.0,1.2648712956954358,78.0,,,,,,,,baltic tellin,0.07,936000000
85,1,Mytilus edulis,bivalve,85,1,,ythanestuary,1,18,NaN,NaN,NaN,1,1.5,78.0,2.0,2.0,1.2648712956954358,78.0,,,,,,,,blue mussel,0.4,324240000
86,1,Cerastoderma edule,bivalve,86,1,,ythanestuary,1,6,NaN,NaN,NaN,1,1.164179104477612,78.0,2.0,2.0,1.2648712956954358,78.0,,,,,,,,cockle,0.5,124800000
87,1,Chironomid larvae,insect,87,1,,ythanestuary,1,5,NaN,NaN,NaN,1,3.391304347826087,78.0,2.0,2.0,3.391304347826087,78.0,,,,,,,,Chironomid larvae,0.000105263,624000000
89,1,Acari,arachnid,89,1,,ythanestuary,1,2,NaN,NaN,NaN,1,2.888888888888889,78.0,2.0,2.0,2.888888888888889,78.0,,,,,,,,Acarina,4.35E-05,31200000000
90,1,Foraminifera,zooplankton,90,0,,ythanestuary,1,6,NaN,NaN,NaN,1,1.56,78.0,2.0,2.0,1.56,78.0,,,,,,,,Foraminifera,0.0000125,1.85E+11
91,1,Enteromorpha,macroalga,91,0,0,ythanestuary,0,12,NaN,NaN,NaN,0,0.8478260869565217,0.0,1.0,1.0,0.8995227995758218,0.0,,,,,,,,Green algae,0.0025,20800000
92,1,POM (detritus),detritus,92,0,1,ythanestuary,0,26,NaN,NaN,NaN,0,0.6290322580645161,0.0,1.0,1.0,0.6290322580645161,0.0,,,,,,,,POM (detritus),,
