trophospecies_id,n_lumped,sp_name,guild,sp_id,phylum,class,order,family,animal,m_kg_fresh,N_indiv_per_m3_epilimnion,d_seed
1,6,Anabaena circinalis;Chrysosphaerella longispina;Diceras sp.;Mallomonas-spiny sp. 1;Mallomonas-spiny sp. 2;Synura sp.,producer,1;10;14;21;22;35,Cyanobacteria;Heterokontophyta,Cyanophyceae;Synurophyceae;Chrysophyceae,Nostocales;Synurales;Hibberdiales,Nostocaceae;Synuraceae;Stylococcaceae;Mallomonadaceae,0,1.91e-13;4.4e-11;1.53e-13;2.22e-12;5.07e-12,6.0e6;1.0e6;2.1e7;2.6e7,0
2,1,Ankyra judayi,producer,2,Chlorophyta,Chlorophyceae,Chlorococcales,Sphaeropleaceae,0,1.53e-13,1.3e7,0
3,6,Cryptomonas sp. 1;Chroococcus dispersus;Chroococcus limneticus;unclassified microflagellates;Chromulina sp.;Selenastrum minutum,producer,3;6;7;23;31;33,Cryptophyta;Cyanobacteria;Microflagellate;Heterokontophyta;Chlorophyta,Cryptophyceae;Cyanophyceae;;Chrysophyceae;Sphaeropleales,Cryptomonadales;Chroococcales;;Chromulinales;Ankistrodesmaceae,Cryptomonadaceae;Chroococcaceae;;Chromulinaceae;Monoraphidium,0,2.85e-13;2.39e-13;1.31e-12;1.02e-13;3.03e-14;2.72e-13,3.3e7;5.0e6;1.6e7;1.26e8;2.09e8;1.1e7,0
4,12,Cryptomonas sp. 3;Cryptomonas sp. 4;Cosmarium sp.;Dactylococcopsis fascicularis;Dictyosphaerium pulchellum;Dinobryon sertularia;Sphaerocystis schroeteri;Glenodinium pulvisculus;Oocystis sp. 1;Oocystis sp. 2;Peridinium pulsillum;Schroederia setigera,producer,4;5;8;13;15;16;17;19;24;25;28;32,Cryptophyta;Charophyta;Cyanobacteria;Chlorophyta;Heterokontophyta;Myzozoa,Cryptophyceae;Zygnematophyceae;Cyanophyceae;Chlorophyceae;Chrysophyceae;Dinophyceae,Cryptomonadales;Zygnematales;Chlorococcales;Chromulinales;Tetrasporales;Peridiniales;Sphaeropleales,Cryptomonadaceae;Desmidiaceae;Chroococcaceae;Botryococcaceae;Dinobryaceae;Palmellaceae;Peridiniales;Oocystaceae;Peridiniaceae;Neochloridaceae,0,6.72e-13;1.64e-12;3.71e-12;1.32e-13;4.07e-13;6.28e-12;1.08e-11;5.2e-12;3.86e-12;6.32e-12;1.58e-12;6.37e-13,1.8e7;2.8e7;1.0e6;2.0e6;8.0e6;2.4e7;3.0e6;8.9e7,0
9,1,Closteriopsis longissimus,producer,9,Chlorophyta,Chlorophyceae,Sphaeropleales,Ankistrodesmaceae,0,1.98e-13,1.0e6,0
11,8,Dinobryon bavaricum;Dinobryon cylindricum;Gloeocystis sp.;Microcystis aeruginosa;Peridinium limbatum;Quadrigula lacustris;Quadrigula sp. 2;Synedra sp.,producer,11;12;18;20;27;29;30;34,Heterokontophyta;Chlorophyta;Cyanobacteria;Myzozoa;Bacillariophyta,Chrysophyceae;Chlorophyceae;Cyanophyceae;Dinophyceae;Fragilariophyceae,Chromulinales;Chlorococcales;Peridiniales;Sphaeropleales;Fragilariales,Dinobryaceae;Radiococcaceae;Microcystaceae;Peridiniaceae;Ankistrodesmaceae;Fragilariaceae,0,5.29e-12;4.48e-12;9.46e-11;1.62e-11;6.46e-11;7.13e-12;9.48e-13;3.62e-13,8.0e6;6.7e7;5.0e6;2.0e6;1.0e6;1.03e8;1.1e7,0
26,1,Oscillatoria sp.,producer,26,Cyanobacteria,Cyanophyceae,Oscillatoriales,Oscillatoriaceae,0,1.61e-12,6.0e6,0
36,1,Ascomorpha eucadis,consumer,36,Rotifera,Monogononta,Ploima,Gastropidae,1,4.0e-10,21000.0,
37,1,Conochilus (colonial),consumer,37,Rotifera,Monogononta,Flosculariaceae,Conochilidae,1,1.46e-8,4200.0,
38,1,Conochiloides dossuarius,consumer,38,Rotifera,Monogononta,Flosculariaceae,Conochilidae,1,1.6e-10,1800.0,
39,2,Cyclops varians rubellus;Orthocyclops modestus,consumer,39;50,Arthropoda (Crustacea),Maxillopoda (Copepoda),Cyclopoida,Cyclopidae,1,2.44e-8;3.22e-8,2400.0;600.0,
40,1,Diaptomus oregonensis,consumer,40,Arthropoda (Crustacea),Maxillopoda (Copepoda),Calanoida,Diaptomidae,1,1.44e-8,600.0,
41,1,Daphnia pulex,consumer,41,Arthropoda (Crustacea),Branchiopoda,Cladocera,Daphnidae,1,4.57e-8,15600.0,
42,1,Daphnia rosea,consumer,42,Arthropoda (Crustacea),Branchiopoda,Cladocera,Daphnidae,1,1.36e-8,2400.0,
43,7,Gastropus hyptopus;Kellicottia bostoniensis;Kellicottia longispina;Keratella testudo;Polyarthra vulgaris;Trichocerca cylindrica;Trichocerca multicrinis,consumer,43;46;47;49;51;53;54,Rotifera,Monogononta,Ploima,Gastropidae;Brachionidae;Synchaetatidae;Trichocercidae,1,1.35e-10;2.0e-11;4.5e-11;1.5e-11;2.6e-10;5.9e-10;7.0e-11,1800.0;31800.0;3000.0;69600.0;75600.0;22200.0;4200.0,
44,1,Gastropus stylifer,consumer,44,Rotifera,Monogononta,Ploima,Gastropidae,1,1.0e-10,11400.0,
45,1,Holopedium gibberum,consumer,45,Arthropoda (Crustacea),Branchiopoda,Cladocera,Holopedidae,1,4.89e-8,4200.0,
48,2,Keratella cochlearis;Synchaeta sp.,consumer,48;52,Rotifera,Monogononta,Ploima,Brachionidae;Synchaetatidae,1,1.0e-11;3.7e-10,52800.0;29400.0,
55,1,Tropocyclops prasinus,consumer,55,Arthropoda (Crustacea),Maxillopoda (Copepoda),Cyclopoida,Cyclopidae,1,8.95e-9,1200.0,
56,1,Chaoborus punctipennis,consumer,56,Arthropoda,Insecta,Diptera,Chaoboridae,1,2.1e-7,12000.0,
57,1,Micropterus salmoides,consumer,57,Chordata,Actinopterygii,Perciformes,Centrarchidae,1,0.2,0.03,
