Analysis,SLN_ID,habitat,vertebrates,resource_type,Detritus,S,Interactions,L_D,C,Basal,Top,Herbiv,Carniv,MeanInDegree,StdInDegree,Mean_longest_chain,Mean_NTP,Max_NTP,Mean_NTP_norm,TrOmniv,q_inCoherence,Mean_path_len,Std_path_len
Rhynie_lumped,1,both,no,mixed,2,37,84,2.27027027,0.063063063,0.314285714,0.108108108,0.166666667,0.625,3.5,3.538606948,1.324324324,2.396276525,5.047619048,0.474734028,0.583333333,0.714324184,2,0.915475416
Rhynie_lumped,10,both,no,mixed,2,37,81,2.189189189,0.060810811,0.314285714,0.081081081,0.333333333,0.458333333,3.375,3.033329352,1.324324324,2.282865333,4.6,0.496275072,0.5,0.799225756,1.789156627,0.822488765
Rhynie_lumped,100,both,no,mixed,2,37,95,2.567567568,0.071321321,0.314285714,0.027027027,0,0.541666667,3.958333333,3.419625795,1.432432432,2.429648658,4.210526316,0.577041556,0.75,0.789246123,1.856557377,0.769745584
Rhynie_lumped,11,both,no,mixed,2,37,65,1.756756757,0.048798799,0.314285714,0.027027027,0.125,0.541666667,2.708333333,1.852827843,1.432432432,2.422598565,5,0.484519713,0.375,0.767916637,1.844594595,0.846865672
Rhynie_lumped,12,both,no,mixed,2,37,86,2.324324324,0.064564565,0.314285714,0.054054054,0.166666667,0.458333333,3.583333333,3.133502925,1.378378378,2.325370795,5.125,0.453730887,0.625,0.669354143,1.871559633,0.826975138
Rhynie_lumped,13,both,no,mixed,2,37,69,1.864864865,0.051801802,0.314285714,0.189189189,0.25,0.458333333,2.875,2.112334377,1.405405405,2.315305411,4.642857143,0.498681166,0.625,0.611034465,1.958333333,0.867283979
Rhynie_lumped,14,both,no,mixed,2,37,84,2.27027027,0.063063063,0.314285714,0.135135135,0.083333333,0.5,3.5,3.426241444,1.567567568,2.471893288,5,0.494378658,0.583333333,0.752237977,1.943127962,0.913698751
Rhynie_lumped,15,both,no,mixed,2,37,90,2.432432432,0.067567568,0.314285714,0.027027027,0.25,0.583333333,3.75,3.454675471,1.567567568,2.428476373,5.28,0.459938707,0.5,0.894502635,2.131782946,1.039154437
Rhynie_lumped,16,both,no,mixed,2,37,55,1.486486486,0.041291291,0.314285714,0.27027027,0.166666667,0.541666667,2.291666667,1.731527766,1.243243243,2.232128232,4.8,0.465026715,0.458333333,0.681207561,1.700934579,0.82662023
Rhynie_lumped,17,both,no,mixed,2,37,122,3.297297297,0.091591592,0.314285714,0,0.208333333,0.416666667,5.083333333,4.451835642,1.405405405,2.274914181,3.948979592,0.576076459,0.708333333,0.714349053,1.61752988,0.610844885
Rhynie_lumped,18,both,no,mixed,2,37,84,2.27027027,0.063063063,0.314285714,0.135135135,0.291666667,0.416666667,3.5,2.90426972,1.27027027,2.2448877,4.47826087,0.501285603,0.666666667,0.652179996,1.867924528,0.843997166
Rhynie_lumped,19,both,no,mixed,2,37,62,1.675675676,0.046546547,0.314285714,0.243243243,0.166666667,0.625,2.583333333,2.586195236,1.27027027,2.228207753,4.475,0.49792352,0.458333333,0.619195454,1.74137931,0.835314985
Rhynie_lumped,2,both,no,mixed,2,37,102,2.756756757,0.076576577,0.314285714,0.027027027,0.208333333,0.541666667,4.25,3.56614516,1.405405405,2.349813862,4.5,0.522180858,0.625,0.725656328,1.889705882,0.788971904
Rhynie_lumped,20,both,no,mixed,2,37,91,2.459459459,0.068318318,0.314285714,0.027027027,0.291666667,0.375,3.791666667,3.413262709,1.297297297,2.151531145,4.586956522,0.469054183,0.541666667,0.754897849,1.82038835,0.815563157
Rhynie_lumped,21,both,no,mixed,2,37,92,2.486486486,0.069069069,0.314285714,0.027027027,0.166666667,0.5,3.833333333,3.073967365,1.405405405,2.395496583,5.090909091,0.470543972,0.541666667,0.75551801,2.015748031,0.915257168
Rhynie_lumped,22,both,no,mixed,2,37,82,2.216216216,0.061561562,0.314285714,0.054054054,0.166666667,0.541666667,3.416666667,3.488074923,1.297297297,2.310337435,4.7,0.491561156,0.541666667,0.726049643,1.981395349,0.859051807
Rhynie_lumped,23,both,no,mixed,2,37,85,2.297297297,0.063813814,0.314285714,0.081081081,0.125,0.583333333,3.541666667,3.120467728,1.459459459,2.42744269,5.388888889,0.450453283,0.583333333,0.790041519,2.106995885,0.95176675
Rhynie_lumped,24,both,no,mixed,2,37,102,2.756756757,0.076576577,0.314285714,0.081081081,0.166666667,0.458333333,4.25,3.57831634,1.297297297,2.259078974,4.2,0.537875946,0.625,0.728352694,1.761904762,0.739872968
Rhynie_lumped,25,both,no,mixed,2,37,100,2.702702703,0.075075075,0.314285714,0.054054054,0.125,0.541666667,4.166666667,4.124862756,1.297297297,2.396989847,4.314814815,0.555525544,0.666666667,0.725333167,1.678571429,0.718795288
Rhynie_lumped,26,both,no,mixed,2,37,69,1.864864865,0.051801802,0.314285714,0.162162162,0.166666667,0.541666667,2.875,3.083088514,1.297297297,2.258385479,4.5,0.50186344,0.416666667,0.669627938,1.832369942,0.75536349
Rhynie_lumped,27,both,no,mixed,2,37,71,1.918918919,0.053303303,0.314285714,0.081081081,0.291666667,0.625,2.958333333,3.928482024,1.27027027,2.280237443,5.571428571,0.409273387,0.333333333,1.074659973,2.101796407,1.144050775
Rhynie_lumped,28,both,no,mixed,2,37,93,2.513513514,0.06981982,0.314285714,0.054054054,0.25,0.416666667,3.875,3.125108694,1.405405405,2.34987801,4.555555556,0.51582688,0.666666667,0.776473362,1.872340426,0.790353737
Rhynie_lumped,29,both,no,mixed,2,37,50,1.351351351,0.037537538,0.314285714,0.297297297,0.333333333,0.583333333,2.083333333,1.909169331,1.27027027,2.319237563,5,0.463847513,0.291666667,0.584038175,2.007407407,0.893561516
Rhynie_lumped,3,both,no,mixed,2,37,104,2.810810811,0.078078078,0.314285714,0,0.166666667,0.541666667,4.333333333,3.930556622,1.405405405,2.4153414,4.568181818,0.528731451,0.625,0.78826153,1.917241379,0.771494288
Rhynie_lumped,30,both,no,mixed,2,37,97,2.621621622,0.072822823,0.314285714,0.135135135,0.208333333,0.458333333,4.041666667,3.48261729,1.432432432,2.356520633,4.714285714,0.499868013,0.666666667,0.744056417,1.858447489,0.874228027
Rhynie_lumped,31,both,no,mixed,2,37,68,1.837837838,0.051051051,0.314285714,0.135135135,0.291666667,0.5,2.833333333,3.116110545,1.378378378,2.429449203,6,0.4049082,0.333333333,0.800730353,2.233502538,1.118624527
Rhynie_lumped,32,both,no,mixed,2,37,80,2.162162162,0.06006006,0.314285714,0.162162162,0.25,0.458333333,3.333333333,2.914232939,1.486486486,2.467143682,5.666666667,0.435378297,0.666666667,0.773303888,1.940860215,0.998240242
Rhynie_lumped,33,both,no,mixed,2,37,51,1.378378378,0.038288288,0.314285714,0.27027027,0.291666667,0.5,2.125,2.251810865,1.378378378,2.28967429,5,0.457934858,0.458333333,0.630853019,1.747368421,0.933631904
Rhynie_lumped,34,both,no,mixed,2,37,79,2.135135135,0.059309309,0.314285714,0.027027027,0.208333333,0.5,3.291666667,3.155108579,1.432432432,2.402960395,4.84,0.496479421,0.625,0.774151396,2.121495327,1.022840383
Rhynie_lumped,35,both,no,mixed,2,37,72,1.945945946,0.054054054,0.314285714,0.135135135,0.208333333,0.666666667,3,3.050302907,1.162162162,2.242281702,5.523809524,0.405930308,0.375,1.245316344,2.12,1.17071547
Rhynie_lumped,36,both,no,mixed,2,37,97,2.621621622,0.072822823,0.314285714,0,0.166666667,0.458333333,4.041666667,3.605300044,1.297297297,2.31436883,4.6,0.503123659,0.666666667,0.825991584,1.912087912,0.785648173
Rhynie_lumped,37,both,no,mixed,2,37,63,1.702702703,0.047297297,0.314285714,0.189189189,0.291666667,0.541666667,2.625,2.567565248,1.108108108,2.070763133,4.1875,0.494510599,0.291666667,0.496097736,1.741496599,0.741051043
Rhynie_lumped,38,both,no,mixed,2,37,83,2.243243243,0.062312312,0.314285714,0.108108108,0.083333333,0.541666667,3.458333333,3.659165582,1.486486486,2.403008271,4.888888889,0.491524419,0.75,0.700257891,1.991071429,0.873070307
Rhynie_lumped,39,both,no,mixed,2,37,72,1.945945946,0.054054054,0.314285714,0,0.25,0.541666667,3,3.134658986,1.621621622,2.39930129,5.428571429,0.441976553,0.625,0.903934803,2.305825243,1.225208812
Rhynie_lumped,4,both,no,mixed,2,37,73,1.972972973,0.054804805,0.314285714,0.054054054,0.166666667,0.458333333,3.041666667,2.053187695,1.540540541,2.393944887,5.210526316,0.459443968,0.708333333,0.862377771,2.104761905,0.96764707
Rhynie_lumped,40,both,no,mixed,2,37,96,2.594594595,0.072072072,0.314285714,0.027027027,0.25,0.416666667,4,3.526298712,1.351351351,2.256830619,4,0.564207655,0.708333333,0.613118901,1.632352941,0.625510513
Rhynie_lumped,41,both,no,mixed,2,37,80,2.162162162,0.06006006,0.314285714,0.108108108,0.25,0.583333333,3.333333333,3.39650289,1.567567568,2.491379683,4.795918367,0.519479168,0.541666667,0.853098005,2.02293578,0.957351668
Rhynie_lumped,42,both,no,mixed,2,37,78,2.108108108,0.058558559,0.314285714,0.027027027,0.25,0.5,3.25,3.220180929,1.297297297,2.243114274,4.9,0.457778423,0.625,0.694725781,1.856382979,0.843732288
Rhynie_lumped,43,both,no,mixed,2,37,79,2.135135135,0.059309309,0.314285714,0.135135135,0.25,0.541666667,3.291666667,2.866283257,1.324324324,2.367098814,4.612903226,0.513147295,0.583333333,0.734501974,1.924170616,0.801150155
Rhynie_lumped,44,both,no,mixed,2,37,87,2.351351351,0.065315315,0.314285714,0.027027027,0.208333333,0.541666667,3.625,3.633330009,1.459459459,2.340889706,4.6,0.508889066,0.625,0.772723274,1.93697479,0.816637703
Rhynie_lumped,45,both,no,mixed,2,37,97,2.621621622,0.072822823,0.314285714,0,0.208333333,0.5,4.041666667,3.723943289,1.486486486,2.373283825,4.458333333,0.532325344,0.625,0.790551355,1.853982301,0.833150422
Rhynie_lumped,46,both,no,mixed,2,37,85,2.297297297,0.063813814,0.314285714,0.108108108,0.125,0.458333333,3.541666667,3.021361148,1.432432432,2.374456196,4.603448276,0.515799473,0.75,0.713376627,1.894009217,0.823728571
Rhynie_lumped,47,both,no,mixed,2,37,73,1.972972973,0.054804805,0.314285714,0.216216216,0.125,0.458333333,3.041666667,2.312144998,1.432432432,2.353109355,5,0.470621871,0.666666667,0.556213296,2.097345133,0.899032584
Rhynie_lumped,48,both,no,mixed,2,37,98,2.648648649,0.073573574,0.314285714,0.054054054,0.166666667,0.458333333,4.083333333,3.549852008,1.378378378,2.349342074,4.684210526,0.501544937,0.75,0.625476844,1.87732342,0.770131974
Rhynie_lumped,49,both,no,mixed,2,37,103,2.783783784,0.077327327,0.314285714,0.135135135,0.166666667,0.458333333,4.291666667,3.057125201,1.324324324,2.237566765,4.154929577,0.538533018,0.666666667,0.645853219,1.694214876,0.64856017
Rhynie_lumped,5,both,no,mixed,2,37,75,2.027027027,0.056306306,0.314285714,0.054054054,0.125,0.5,3.125,3.097158586,1.459459459,2.447575205,5.5,0.445013674,0.75,0.778219674,2.254901961,1.072988638
Rhynie_lumped,50,both,no,mixed,2,37,63,1.702702703,0.047297297,0.314285714,0.162162162,0.166666667,0.583333333,2.625,2.280589169,1.324324324,2.278510465,5.166666667,0.441002026,0.5,0.774001365,1.915584416,0.907134386
Rhynie_lumped,51,both,no,mixed,2,37,91,2.459459459,0.068318318,0.314285714,0.027027027,0.083333333,0.541666667,3.791666667,3.216522111,1.135135135,2.201894693,4.714285714,0.467068571,0.583333333,0.839290376,1.878923767,0.832154865
Rhynie_lumped,52,both,no,mixed,2,37,77,2.081081081,0.057807808,0.314285714,0.135135135,0.166666667,0.583333333,3.208333333,2.903957819,1.27027027,2.132052436,4.152173913,0.513478597,0.5,0.692932933,1.711764706,0.708680208
Rhynie_lumped,53,both,no,mixed,2,37,68,1.837837838,0.051051051,0.314285714,0.189189189,0.166666667,0.625,2.833333333,2.352919864,1.27027027,2.266817642,4.75,0.477224767,0.583333333,0.709793838,1.75177305,0.803172534
Rhynie_lumped,54,both,no,mixed,2,37,80,2.162162162,0.06006006,0.314285714,0.054054054,0.125,0.5,3.333333333,2.943920289,1.459459459,2.362167417,4.6,0.513514656,0.708333333,0.72877953,1.815384615,0.750786001
Rhynie_lumped,55,both,no,mixed,2,37,94,2.540540541,0.070570571,0.314285714,0.027027027,0.208333333,0.458333333,3.916666667,3.255986682,1.243243243,2.295429871,4.514285714,0.508481301,0.625,0.709141799,1.778301887,0.736908454
Rhynie_lumped,56,both,no,mixed,2,37,78,2.108108108,0.058558559,0.314285714,0.108108108,0.208333333,0.5,3.25,2.658047665,1.513513514,2.313753069,4.870967742,0.475008908,0.666666667,0.623945636,2.045833333,0.91591195
Rhynie_lumped,57,both,no,mixed,2,37,78,2.108108108,0.058558559,0.314285714,0,0.333333333,0.5,3.25,3.492227394,1.216216216,2.105075607,4.5,0.467794579,0.458333333,0.756652556,1.813253012,0.878051712
Rhynie_lumped,58,both,no,mixed,2,37,85,2.297297297,0.063813814,0.314285714,0.054054054,0.166666667,0.458333333,3.541666667,2.653613888,1.351351351,2.36940948,4.416666667,0.536470071,0.583333333,0.688727149,1.829493088,0.735008328
Rhynie_lumped,59,both,no,mixed,2,37,88,2.378378378,0.066066066,0.314285714,0.081081081,0.208333333,0.5,3.666666667,4.082482905,1.405405405,2.391268611,4.9,0.488014002,0.583333333,0.721396528,1.931330472,0.873215638
Rhynie_lumped,6,both,no,mixed,2,37,97,2.621621622,0.072822823,0.314285714,0.054054054,0.208333333,0.541666667,4.041666667,3.758806086,1.405405405,2.364950155,4.909090909,0.481749106,0.583333333,0.778789304,1.906614786,0.865481159
Rhynie_lumped,60,both,no,mixed,2,37,94,2.540540541,0.070570571,0.314285714,0.135135135,0.166666667,0.541666667,3.916666667,3.322082462,1.351351351,2.327986707,4.306122449,0.540622505,0.666666667,0.687512873,1.746835443,0.647060258
Rhynie_lumped,61,both,no,mixed,2,37,83,2.243243243,0.062312312,0.314285714,0.162162162,0.166666667,0.458333333,3.458333333,2.653613888,1.243243243,2.148579639,4.212121212,0.510094447,0.625,0.601485789,1.701492537,0.640661971
Rhynie_lumped,62,both,no,mixed,2,37,87,2.351351351,0.065315315,0.314285714,0,0.25,0.458333333,3.625,4.008821794,1.243243243,2.248492608,4.9,0.458876043,0.583333333,0.653772018,1.815642458,0.902294831
Rhynie_lumped,63,both,no,mixed,2,37,84,2.27027027,0.063063063,0.314285714,0.081081081,0.208333333,0.458333333,3.5,3.400767177,1.594594595,2.493515811,5.6,0.44527068,0.625,0.838416782,1.898989899,0.912351227
Rhynie_lumped,64,both,no,mixed,2,37,78,2.108108108,0.058558559,0.314285714,0.054054054,0.125,0.5,3.25,2.937760164,1.351351351,2.324813684,5.2,0.447079555,0.666666667,0.631725414,2.026315789,1.030919919
Rhynie_lumped,65,both,no,mixed,2,37,104,2.810810811,0.078078078,0.314285714,0.027027027,0.125,0.541666667,4.333333333,3.509820591,1.351351351,2.286568797,4.630434783,0.49381298,0.625,0.682022841,1.841509434,0.757146248
Rhynie_lumped,66,both,no,mixed,2,37,73,1.972972973,0.054804805,0.314285714,0.108108108,0.125,0.416666667,3.041666667,2.293263607,1.432432432,2.330805511,5,0.466161102,0.666666667,0.696656744,1.957317073,0.999083075
Rhynie_lumped,67,both,no,mixed,2,37,68,1.837837838,0.051051051,0.314285714,0.216216216,0.166666667,0.541666667,2.833333333,3.059790653,1.486486486,2.459142965,5.857142857,0.419853677,0.583333333,0.83456666,2.191860465,1.191265985
Rhynie_lumped,68,both,no,mixed,2,37,87,2.351351351,0.065315315,0.314285714,0.108108108,0.166666667,0.583333333,3.625,3.372684391,1.378378378,2.318469292,4.24137931,0.546630971,0.458333333,0.739113843,1.835616438,0.742183092
Rhynie_lumped,69,both,no,mixed,2,37,101,2.72972973,0.075825826,0.314285714,0,0.083333333,0.458333333,4.208333333,3.501293757,1.351351351,2.292732701,4.5,0.509496156,0.666666667,0.692345081,1.848484848,0.744917874
Rhynie_lumped,7,both,no,mixed,2,37,93,2.513513514,0.06981982,0.314285714,0.108108108,0.166666667,0.5,3.875,3.138990422,1.297297297,2.330813311,5.4,0.431632095,0.708333333,0.712245764,1.918699187,0.858032833
Rhynie_lumped,70,both,no,mixed,2,37,71,1.918918919,0.053303303,0.314285714,0.108108108,0.208333333,0.625,2.958333333,3.113493308,1.324324324,2.161037641,4.536585366,0.47635776,0.416666667,0.803356936,1.878787879,0.881986939
Rhynie_lumped,71,both,no,mixed,2,37,70,1.891891892,0.052552553,0.314285714,0.081081081,0.166666667,0.5,2.916666667,2.22469669,1.405405405,2.358924034,5.055555556,0.466600358,0.583333333,0.70215156,1.983425414,0.90354326
Rhynie_lumped,72,both,no,mixed,2,37,80,2.162162162,0.06006006,0.314285714,0.054054054,0.125,0.5,3.333333333,2.884240035,1.243243243,2.225678601,4.909090909,0.453378974,0.583333333,0.802598554,1.917098446,0.874027957
Rhynie_lumped,73,both,no,mixed,2,37,89,2.405405405,0.066816817,0.314285714,0.027027027,0.25,0.458333333,3.708333333,3.16885889,1.459459459,2.400564534,4.787234043,0.501451258,0.666666667,0.787385793,1.967741935,0.833853392
Rhynie_lumped,74,both,no,mixed,2,37,72,1.945945946,0.054054054,0.314285714,0.135135135,0.166666667,0.541666667,3,2.813013238,1.297297297,2.221399541,4.681818182,0.474473688,0.541666667,0.625176967,1.765432099,0.735465458
Rhynie_lumped,75,both,no,mixed,2,37,87,2.351351351,0.065315315,0.314285714,0.081081081,0.208333333,0.5,3.625,3.831363703,1.351351351,2.273033552,4.551020408,0.499455803,0.541666667,0.861969664,1.757062147,0.792556538
Rhynie_lumped,76,both,no,mixed,2,37,82,2.216216216,0.061561562,0.314285714,0.108108108,0.041666667,0.541666667,3.416666667,2.263446135,1.486486486,2.403254707,5.3,0.453444284,0.75,0.759222626,2.073059361,1.033456502
Rhynie_lumped,77,both,no,mixed,2,37,70,1.891891892,0.052552553,0.314285714,0.054054054,0.083333333,0.458333333,2.916666667,2.412227307,1.621621622,2.447125601,4.916666667,0.497720461,0.875,0.744237879,2.12,0.958421321
Rhynie_lumped,78,both,no,mixed,2,37,99,2.675675676,0.074324324,0.314285714,0.054054054,0.25,0.5,4.125,4.266273193,1.486486486,2.367966282,4.47826087,0.52876917,0.583333333,0.812452936,1.879844961,0.787240647
Rhynie_lumped,79,both,no,mixed,2,37,115,3.108108108,0.086336336,0.314285714,0,0.166666667,0.416666667,4.791666667,4.252663275,1.459459459,2.313833477,4.216216216,0.548793837,0.75,0.765516394,1.746153846,0.727947752
Rhynie_lumped,8,both,no,mixed,2,37,68,1.837837838,0.051051051,0.314285714,0.162162162,0.125,0.541666667,2.833333333,2.664854457,1.459459459,2.368512912,6,0.394752152,0.416666667,0.766205005,1.987951807,1.008977591
Rhynie_lumped,80,both,no,mixed,2,37,79,2.135135135,0.059309309,0.314285714,0.054054054,0.25,0.541666667,3.291666667,3.432316579,1.243243243,2.144089861,4.090909091,0.524110855,0.458333333,0.652159066,1.766169154,0.692856227
Rhynie_lumped,81,both,no,mixed,2,37,66,1.783783784,0.04954955,0.314285714,0.135135135,0.125,0.625,2.75,2.908009928,1.27027027,2.294052494,5,0.458810499,0.458333333,0.81679115,2.011904762,0.915522136
Rhynie_lumped,82,both,no,mixed,2,37,88,2.378378378,0.066066066,0.314285714,0.081081081,0.125,0.541666667,3.666666667,3.13003218,1.513513514,2.480006551,4.75,0.522106642,0.625,0.812162597,2.08778626,0.911780953
Rhynie_lumped,83,both,no,mixed,2,37,59,1.594594595,0.044294294,0.314285714,0.162162162,0.25,0.5,2.458333333,2.042572263,1.405405405,2.396656668,5.666666667,0.422939412,0.583333333,0.735068663,2.260273973,1.03197589
Rhynie_lumped,84,both,no,mixed,2,37,99,2.675675676,0.074324324,0.314285714,0.081081081,0.208333333,0.416666667,4.125,3.274572657,1.405405405,2.278085778,4.352941176,0.52334403,0.708333333,0.649032987,1.825910931,0.795092085
Rhynie_lumped,85,both,no,mixed,2,37,76,2.054054054,0.057057057,0.314285714,0.162162162,0.166666667,0.583333333,3.166666667,3.073967365,1.351351351,2.398900815,5.7,0.420859792,0.458333333,0.675986295,2.154929577,1.111448409
Rhynie_lumped,86,both,no,mixed,2,37,106,2.864864865,0.07957958,0.314285714,0.027027027,0.125,0.5,4.416666667,4.20058657,1.189189189,2.257171204,4.818181818,0.468469495,0.625,0.841356533,1.813278008,0.818019739
Rhynie_lumped,87,both,no,mixed,2,37,70,1.891891892,0.052552553,0.314285714,0.108108108,0.375,0.541666667,2.916666667,2.733315659,1.162162162,2.153254021,4.534883721,0.474820117,0.333333333,0.626044402,1.833333333,0.745571382
Rhynie_lumped,88,both,no,mixed,2,37,109,2.945945946,0.081831832,0.314285714,0,0.291666667,0.5,4.541666667,4.128155359,1.297297297,2.191558539,4.416666667,0.496201933,0.5,0.733515524,1.718487395,0.717880893
Rhynie_lumped,89,both,no,mixed,2,37,114,3.081081081,0.085585586,0.314285714,0,0.125,0.458333333,4.75,3.662382214,1.351351351,2.36323067,4.323076923,0.546654781,0.791666667,0.729279281,1.730337079,0.684369722
Rhynie_lumped,9,both,no,mixed,2,37,61,1.648648649,0.045795796,0.314285714,0.27027027,0.333333333,0.541666667,2.541666667,2.466808652,1.351351351,2.221541647,4.470588235,0.49692379,0.416666667,0.76894676,1.874172185,0.810799077
Rhynie_lumped,90,both,no,mixed,2,37,69,1.864864865,0.051801802,0.314285714,0.189189189,0.291666667,0.458333333,2.875,2.524876235,1.297297297,2.153172014,4.413793103,0.487828035,0.416666667,0.77496053,1.763513514,0.79420937
Rhynie_lumped,91,both,no,mixed,2,37,79,2.135135135,0.059309309,0.314285714,0.081081081,0.125,0.583333333,3.291666667,2.694263902,1.540540541,2.481578564,5,0.496315713,0.583333333,0.774150889,1.966183575,0.87789268
Rhynie_lumped,92,both,no,mixed,2,37,88,2.378378378,0.066066066,0.314285714,0.135135135,0.291666667,0.416666667,3.666666667,3.39650289,1.324324324,2.2326942,4.461538462,0.500431459,0.666666667,0.704492352,1.790243902,0.779581612
Rhynie_lumped,93,both,no,mixed,2,37,73,1.972972973,0.054804805,0.314285714,0.054054054,0.25,0.458333333,3.041666667,3.071314216,1.351351351,2.250820573,5,0.450164115,0.458333333,0.834433076,2.170616114,1.032467732
Rhynie_lumped,94,both,no,mixed,2,37,114,3.081081081,0.085585586,0.314285714,0,0.125,0.5,4.75,3.858925284,1.27027027,2.270759208,4.647058824,0.488644387,0.583333333,0.782772612,1.821428571,0.764516453
Rhynie_lumped,95,both,no,mixed,2,37,119,3.216216216,0.089339339,0.314285714,0,0.208333333,0.458333333,4.958333333,3.961545226,1.324324324,2.359444845,4.705882353,0.501382029,0.625,0.821677007,1.884735202,0.767982752
Rhynie_lumped,96,both,no,mixed,2,37,90,2.432432432,0.067567568,0.314285714,0.108108108,0.125,0.541666667,3.75,2.952522871,1.27027027,2.24239493,4.3125,0.519975636,0.666666667,0.665297336,1.732057416,0.682878577
Rhynie_lumped,97,both,no,mixed,2,37,98,2.648648649,0.073573574,0.314285714,0.108108108,0.125,0.458333333,4.083333333,3.693904105,1.351351351,2.270220726,5,0.454044145,0.708333333,0.577857678,1.820512821,0.829865128
Rhynie_lumped,98,both,no,mixed,2,37,90,2.432432432,0.067567568,0.314285714,0.162162162,0.166666667,0.5,3.75,3.300197623,1.540540541,2.449723011,5.090909091,0.481195592,0.666666667,0.663103284,2.066420664,0.967632521
Rhynie_lumped,99,both,no,mixed,2,37,67,1.810810811,0.0503003,0.314285714,0.189189189,0.208333333,0.583333333,2.791666667,2.858688764,1.351351351,2.234568373,4.5,0.49657075,0.5,0.612302144,1.971153846,0.785825278
Rhynie_complete,1,both,no,mixed,2,96,293,3.052083333,0.032127193,0.287234043,0.104166667,0.626865672,0.208955224,4.373134328,5.418363336,1.166666667,2.134236539,5.818181818,0.366821905,0.28358209,0.527998297,2.263724435,1.148644025
Rhynie_complete,10,both,no,mixed,2,96,252,2.625,0.027631579,0.287234043,0.135416667,0.641791045,0.23880597,3.76119403,5.155431241,1.072916667,2.038399864,5.1875,0.392944552,0.223880597,0.457511742,2.027063599,0.942420001
Rhynie_complete,100,both,no,mixed,2,96,323,3.364583333,0.035416667,0.287234043,0.03125,0.626865672,0.194029851,4.820895522,7.070907904,1.239583333,2.071483796,4.666666667,0.443889385,0.328358209,0.62817036,1.919456067,0.875972529
Rhynie_complete,11,both,no,mixed,2,96,236,2.458333333,0.025877193,0.287234043,0.125,0.656716418,0.23880597,3.52238806,5.106022021,1.125,2.104653919,5.380434783,0.391168001,0.23880597,0.580039195,2.194444444,1.032690814
Rhynie_complete,12,both,no,mixed,2,96,273,2.84375,0.029934211,0.287234043,0.083333333,0.641791045,0.223880597,4.074626866,5.59846687,1.177083333,2.092553544,4.948717949,0.422847607,0.253731343,0.684675768,2.167567568,0.979788732
Rhynie_complete,13,both,no,mixed,2,96,218,2.270833333,0.023903509,0.287234043,0.229166667,0.71641791,0.208955224,3.253731343,3.345477651,0.989583333,1.989217035,4.797297297,0.414653692,0.194029851,0.423339081,1.878181818,0.856602113
Rhynie_complete,14,both,no,mixed,2,96,307,3.197916667,0.033662281,0.287234043,0.072916667,0.671641791,0.208955224,4.582089552,6.742334039,1.104166667,2.05699225,4.875,0.421947128,0.253731343,0.5618088,2.077577046,0.931332194
Rhynie_complete,15,both,no,mixed,2,96,325,3.385416667,0.035635965,0.287234043,0.041666667,0.611940299,0.23880597,4.850746269,5.021932899,1.125,2.096953743,4.666666667,0.449347231,0.268656716,0.708596981,1.994720169,0.886219135
Rhynie_complete,16,both,no,mixed,2,96,215,2.239583333,0.023574561,0.287234043,0.197916667,0.686567164,0.208955224,3.208955224,3.527112792,1.083333333,2.002927056,4.927272727,0.406498111,0.208955224,0.512350485,2.032315978,1.006649039
Rhynie_complete,17,both,no,mixed,2,96,289,3.010416667,0.031688596,0.287234043,0.104166667,0.626865672,0.223880597,4.313432836,5.123354001,1.197916667,2.045497653,4.416666667,0.463131544,0.268656716,0.780115834,2.148456057,1.097203771
Rhynie_complete,18,both,no,mixed,2,96,280,2.916666667,0.030701754,0.287234043,0.083333333,0.656716418,0.253731343,4.179104478,6.169144563,1.020833333,1.99332827,4.9,0.406801688,0.179104478,0.462784314,1.945985401,0.940481291
Rhynie_complete,19,both,no,mixed,2,96,258,2.6875,0.028289474,0.287234043,0.125,0.671641791,0.223880597,3.850746269,5.0400028,1.104166667,2.07858321,5.666666667,0.366808802,0.223880597,0.671985892,2.180141844,1.110462886
Rhynie_complete,2,both,no,mixed,2,96,292,3.041666667,0.032017544,0.287234043,0.09375,0.641791045,0.208955224,4.358208955,7.066140974,1.020833333,2.015494854,4.619565217,0.436295357,0.268656716,0.577392304,1.833333333,0.764268252
Rhynie_complete,20,both,no,mixed,2,96,237,2.46875,0.025986842,0.287234043,0.1875,0.686567164,0.194029851,3.537313433,5.349393503,1.09375,2.044228122,5.9,0.346479343,0.223880597,0.492594976,2.044481054,1.083783109
Rhynie_complete,21,both,no,mixed,2,96,272,2.833333333,0.029824561,0.287234043,0.145833333,0.641791045,0.208955224,4.059701493,5.984527011,1.0625,2.041652567,5.166666667,0.395158561,0.298507463,0.543101308,1.933774834,0.886599875
Rhynie_complete,22,both,no,mixed,2,96,332,3.458333333,0.036403509,0.287234043,0.083333333,0.641791045,0.223880597,4.955223881,8.136026943,1.1875,2.135536298,5.418803419,0.394097393,0.268656716,0.662025324,2.236680328,1.116003329
Rhynie_complete,23,both,no,mixed,2,96,302,3.145833333,0.033114035,0.287234043,0.0625,0.656716418,0.223880597,4.507462687,8.464494712,1.135416667,2.097089042,5.413333333,0.387393296,0.23880597,0.643956728,2.229381443,0.975960032
Rhynie_complete,24,both,no,mixed,2,96,279,2.90625,0.030592105,0.287234043,0.166666667,0.656716418,0.208955224,4.164179104,6.277900187,1.020833333,2.003875469,4.857142857,0.412562597,0.223880597,0.403979692,1.672212978,0.70288211
Rhynie_complete,25,both,no,mixed,2,96,244,2.541666667,0.026754386,0.287234043,0.197916667,0.626865672,0.208955224,3.641791045,4.568341296,1.15625,2.103662815,5.5,0.382484148,0.28358209,0.627228147,2.146969697,1.105060741
Rhynie_complete,26,both,no,mixed,2,96,246,2.5625,0.026973684,0.287234043,0.15625,0.626865672,0.23880597,3.671641791,4.109811098,1.197916667,2.127938203,5.368421053,0.396380646,0.28358209,0.740915784,2.133333333,1.07195507
Rhynie_complete,27,both,no,mixed,2,96,319,3.322916667,0.03497807,0.287234043,0.052083333,0.611940299,0.194029851,4.76119403,6.055524781,1.104166667,2.044548848,4.454545455,0.458980354,0.298507463,0.654730099,1.824852071,0.752624245
Rhynie_complete,28,both,no,mixed,2,96,265,2.760416667,0.029057018,0.287234043,0.083333333,0.626865672,0.223880597,3.955223881,5.358179349,1.104166667,2.082418689,5.318181818,0.391565907,0.28358209,0.585268913,2.017639077,0.951807985
Rhynie_complete,29,both,no,mixed,2,96,193,2.010416667,0.021162281,0.287234043,0.291666667,0.641791045,0.268656716,2.880597015,3.092132676,1.125,2.132113162,6.666666667,0.319816974,0.208955224,0.736885892,1.930851064,1.159542585
Rhynie_complete,3,both,no,mixed,2,96,271,2.822916667,0.029714912,0.287234043,0.083333333,0.641791045,0.208955224,4.044776119,6.09379425,1.135416667,2.08829907,4.882352941,0.427723906,0.268656716,0.637565753,1.947443182,0.872412164
Rhynie_complete,30,both,no,mixed,2,96,334,3.479166667,0.036622807,0.287234043,0.0625,0.611940299,0.223880597,4.985074627,7.080687643,1.083333333,2.071083111,4.413333333,0.46927865,0.28358209,0.57953347,1.693902439,0.638765514
Rhynie_complete,31,both,no,mixed,2,96,301,3.135416667,0.033004386,0.287234043,0.083333333,0.611940299,0.223880597,4.492537313,5.31542391,1.1875,2.112692033,4.785714286,0.441458037,0.313432836,0.615598676,2.002369668,0.890169896
Rhynie_complete,32,both,no,mixed,2,96,274,2.854166667,0.03004386,0.287234043,0.177083333,0.671641791,0.208955224,4.089552239,4.494883769,1.0625,2.076262323,5.416666667,0.383309967,0.23880597,0.526933723,2.146164978,1.149818724
Rhynie_complete,33,both,no,mixed,2,96,248,2.583333333,0.027192982,0.287234043,0.135416667,0.641791045,0.223880597,3.701492537,3.765935537,1.125,2.103431974,5.444444444,0.386344648,0.23880597,0.739829226,2.051020408,1.076676529
Rhynie_complete,34,both,no,mixed,2,96,226,2.354166667,0.024780702,0.287234043,0.114583333,0.686567164,0.208955224,3.373134328,3.558327071,1.104166667,2.059371555,6.384615385,0.322552171,0.253731343,0.498853902,2.410979228,1.404280631
Rhynie_complete,35,both,no,mixed,2,96,312,3.25,0.034210526,0.287234043,0.041666667,0.641791045,0.208955224,4.656716418,7.715690897,1.0625,2.045171203,4.730769231,0.432312612,0.253731343,0.615658179,2.020874751,0.834910923
Rhynie_complete,36,both,no,mixed,2,96,233,2.427083333,0.025548246,0.287234043,0.166666667,0.641791045,0.23880597,3.47761194,3.368113441,1.114583333,2.042626576,4.88,0.41857102,0.268656716,0.552511305,2.128057554,1.023923401
Rhynie_complete,37,both,no,mixed,2,96,281,2.927083333,0.030811404,0.287234043,0.0625,0.611940299,0.208955224,4.194029851,5.349139851,1.104166667,2.074226082,5.054794521,0.410348249,0.268656716,0.706741397,2.020107239,0.973955053
Rhynie_complete,38,both,no,mixed,2,96,263,2.739583333,0.028837719,0.287234043,0.083333333,0.671641791,0.208955224,3.925373134,5.695062808,1.0625,2.051687874,4.909090909,0.417936419,0.253731343,0.537360218,1.98806366,0.906588378
Rhynie_complete,39,both,no,mixed,2,96,255,2.65625,0.027960526,0.287234043,0.083333333,0.641791045,0.223880597,3.805970149,5.768878905,1.020833333,2.025112768,4.875,0.415407747,0.23880597,0.504984559,1.787167449,0.741783386
Rhynie_complete,4,both,no,mixed,2,96,256,2.666666667,0.028070175,0.287234043,0.104166667,0.656716418,0.208955224,3.820895522,4.386361,1.177083333,2.003122101,4.746478873,0.422022757,0.194029851,0.67704706,2.086402266,1.051664983
Rhynie_complete,40,both,no,mixed,2,96,258,2.6875,0.028289474,0.287234043,0.09375,0.641791045,0.223880597,3.850746269,4.997738068,1.09375,2.049464348,4.659090909,0.439885031,0.223880597,0.615506745,1.744318182,0.820148266
Rhynie_complete,41,both,no,mixed,2,96,293,3.052083333,0.032127193,0.287234043,0.0625,0.641791045,0.208955224,4.373134328,8.278917769,1.104166667,2.058592172,4.284768212,0.480444232,0.268656716,0.699971573,1.870967742,0.763610367
Rhynie_complete,42,both,no,mixed,2,96,270,2.8125,0.029605263,0.287234043,0.125,0.626865672,0.179104478,4.029850746,4.015010281,1.09375,2.01116181,4.555555556,0.441474544,0.28358209,0.698832358,1.924889543,0.90162862
Rhynie_complete,43,both,no,mixed,2,96,214,2.229166667,0.023464912,0.287234043,0.208333333,0.671641791,0.208955224,3.194029851,3.061188153,1.145833333,2.102876223,5.1875,0.40537373,0.223880597,0.641225171,2.242506812,1.037386913
Rhynie_complete,44,both,no,mixed,2,96,246,2.5625,0.026973684,0.287234043,0.166666667,0.686567164,0.223880597,3.671641791,4.841074448,1.125,2.039407427,4.952380952,0.411803423,0.194029851,0.657620399,2.068389058,1.00676743
Rhynie_complete,45,both,no,mixed,2,96,258,2.6875,0.028289474,0.287234043,0.125,0.656716418,0.194029851,3.850746269,6.291537682,0.979166667,1.990010166,4.476190476,0.444576739,0.253731343,0.547671204,1.79969419,0.72661073
Rhynie_complete,46,both,no,mixed,2,96,185,1.927083333,0.020285088,0.287234043,0.260416667,0.656716418,0.223880597,2.76119403,2.928902743,1.104166667,2.127406624,5.828571429,0.364996235,0.23880597,0.600966449,2.344642857,1.202623793
Rhynie_complete,47,both,no,mixed,2,96,237,2.46875,0.025986842,0.287234043,0.208333333,0.656716418,0.194029851,3.537313433,3.615322435,1.135416667,2.040342889,4.724137931,0.4318974,0.23880597,0.56470162,2.165912519,1.076913475
Rhynie_complete,48,both,no,mixed,2,96,294,3.0625,0.032236842,0.287234043,0.09375,0.656716418,0.208955224,4.388059701,6.201063506,1.135416667,2.043243757,4.347222222,0.470011343,0.268656716,0.6417723,1.945355191,0.793344691
Rhynie_complete,49,both,no,mixed,2,96,262,2.729166667,0.02872807,0.287234043,0.1875,0.641791045,0.223880597,3.910447761,4.227368776,1.083333333,2.061613859,5.3,0.388983747,0.253731343,0.681809245,1.818518519,0.930033629
Rhynie_complete,5,both,no,mixed,2,96,225,2.34375,0.024671053,0.287234043,0.177083333,0.641791045,0.223880597,3.358208955,4.055305139,1.104166667,2.060436625,5.388888889,0.382349064,0.268656716,0.57172739,2.026229508,0.949963553
Rhynie_complete,50,both,no,mixed,2,96,265,2.760416667,0.029057018,0.287234043,0.177083333,0.626865672,0.223880597,3.955223881,5.924865005,1.020833333,2.012853643,4.558823529,0.441529186,0.223880597,0.517402494,1.971168437,0.914632984
Rhynie_complete,51,both,no,mixed,2,96,256,2.666666667,0.028070175,0.287234043,0.135416667,0.641791045,0.223880597,3.820895522,4.725576358,1.020833333,2.015639177,4.35,0.463365328,0.208955224,0.595906598,1.910662824,0.827434617
Rhynie_complete,52,both,no,mixed,2,96,268,2.791666667,0.029385965,0.287234043,0.145833333,0.671641791,0.208955224,4,4.792671173,1.020833333,2.013471549,4.25,0.473758012,0.223880597,0.56530221,1.773962804,0.687887555
Rhynie_complete,53,both,no,mixed,2,96,299,3.114583333,0.032785088,0.287234043,0.104166667,0.611940299,0.23880597,4.462686567,5.805766095,1.34375,2.137246028,5.289855072,0.404027331,0.298507463,0.612723303,2.190871369,1.136974026
Rhynie_complete,54,both,no,mixed,2,96,251,2.614583333,0.02752193,0.287234043,0.052083333,0.641791045,0.223880597,3.746268657,4.793756304,1.083333333,2.005047273,5,0.401009455,0.23880597,0.522050492,2.148688047,1.102640374
Rhynie_complete,55,both,no,mixed,2,96,207,2.15625,0.022697368,0.287234043,0.25,0.686567164,0.268656716,3.089552239,3.724331721,1.0625,2.034833431,4.918918919,0.413674928,0.164179104,0.54891561,1.982046679,0.903451084
Rhynie_complete,56,both,no,mixed,2,96,300,3.125,0.032894737,0.287234043,0.072916667,0.701492537,0.208955224,4.47761194,6.516548187,1.041666667,2.029089221,5.366197183,0.378124238,0.208955224,0.603356708,2.164585698,1.075097815
Rhynie_complete,57,both,no,mixed,2,96,191,1.989583333,0.020942982,0.287234043,0.260416667,0.656716418,0.179104478,2.850746269,3.046377538,1.1875,2.057207078,4.777777778,0.430578226,0.268656716,0.610404925,1.996204934,0.947271858
Rhynie_complete,58,both,no,mixed,2,96,252,2.625,0.027631579,0.287234043,0.041666667,0.641791045,0.23880597,3.76119403,4.789792025,1.072916667,2.080749544,5.351351351,0.388826935,0.23880597,0.620751499,2.015037594,0.950467247
Rhynie_complete,59,both,no,mixed,2,96,232,2.416666667,0.025438596,0.287234043,0.09375,0.656716418,0.194029851,3.462686567,4.853391061,1.083333333,2.03888785,4.8,0.424768302,0.268656716,0.538402905,1.982363316,0.983812115
Rhynie_complete,6,both,no,mixed,2,96,288,3,0.031578947,0.287234043,0.072916667,0.656716418,0.194029851,4.298507463,7.507602057,1.104166667,2.044444497,4.975,0.410943617,0.268656716,0.643939347,2.038674033,0.887253898
Rhynie_complete,60,both,no,mixed,2,96,306,3.1875,0.033552632,0.287234043,0.15625,0.656716418,0.23880597,4.567164179,7.03502898,1.114583333,2.085157131,5,0.417031426,0.208955224,0.608213148,1.935524652,0.885689145
Rhynie_complete,61,both,no,mixed,2,96,243,2.53125,0.026644737,0.287234043,0.145833333,0.656716418,0.23880597,3.626865672,5.089608608,1.145833333,2.132232225,5,0.426446445,0.223880597,0.649194155,2.411640212,1.098377057
Rhynie_complete,62,both,no,mixed,2,96,241,2.510416667,0.026425439,0.287234043,0.15625,0.641791045,0.223880597,3.597014925,4.729211932,1.072916667,2.037883024,4.72,0.431754878,0.253731343,0.630427323,1.959553696,0.838849852
Rhynie_complete,63,both,no,mixed,2,96,253,2.635416667,0.027741228,0.287234043,0.09375,0.626865672,0.268656716,3.776119403,6.543145605,1.052083333,2.06954995,4.785714286,0.432443273,0.194029851,0.619584967,2.051612903,0.894958232
Rhynie_complete,64,both,no,mixed,2,96,279,2.90625,0.030592105,0.287234043,0.135416667,0.641791045,0.223880597,4.164179104,5.922727195,1.364583333,2.126651645,5.489361702,0.387413284,0.268656716,0.734981035,2.138495093,1.095550311
Rhynie_complete,65,both,no,mixed,2,96,266,2.770833333,0.029166667,0.287234043,0.1875,0.656716418,0.208955224,3.970149254,5.319974223,1.083333333,2.053585614,5.25,0.391159165,0.253731343,0.516365969,1.923688394,0.932718309
Rhynie_complete,66,both,no,mixed,2,96,268,2.791666667,0.029385965,0.287234043,0.072916667,0.641791045,0.179104478,4,5.529535023,1.166666667,2.071752953,4.9,0.422806725,0.313432836,0.651351852,2.013546798,0.876358192
Rhynie_complete,67,both,no,mixed,2,96,262,2.729166667,0.02872807,0.287234043,0.177083333,0.656716418,0.223880597,3.910447761,5.43482414,1.177083333,2.103410166,6.568181818,0.320242378,0.23880597,0.699407522,2.38267148,1.363160073
Rhynie_complete,68,both,no,mixed,2,96,220,2.291666667,0.024122807,0.287234043,0.177083333,0.641791045,0.208955224,3.28358209,5.157536322,1.03125,2.014293526,5,0.402858705,0.208955224,0.548987884,1.49271137,0.700316926
Rhynie_complete,69,both,no,mixed,2,96,189,1.96875,0.020723684,0.287234043,0.260416667,0.641791045,0.253731343,2.820895522,3.472512727,1.09375,2.052650221,5.090909091,0.40319915,0.208955224,0.613154471,2.145945946,1.013606331
Rhynie_complete,7,both,no,mixed,2,96,200,2.083333333,0.021929825,0.287234043,0.28125,0.671641791,0.223880597,2.985074627,3.240335455,1.072916667,2.024576089,5.166666667,0.391853437,0.208955224,0.491955535,1.936448598,0.856610397
Rhynie_complete,70,both,no,mixed,2,96,216,2.25,0.023684211,0.287234043,0.197916667,0.641791045,0.223880597,3.223880597,4.72844678,1.197916667,2.092314853,6.142857143,0.340609395,0.23880597,0.699771078,2.405688623,1.292962373
Rhynie_complete,71,both,no,mixed,2,96,223,2.322916667,0.024451754,0.287234043,0.229166667,0.611940299,0.268656716,3.328358209,3.55215709,1.291666667,2.16730586,5.169811321,0.419223396,0.23880597,0.694955684,2.231534091,1.060918268
Rhynie_complete,72,both,no,mixed,2,96,230,2.395833333,0.025219298,0.287234043,0.135416667,0.626865672,0.208955224,3.432835821,5.199719924,1.083333333,2.064553731,4.785714286,0.431399287,0.268656716,0.622376503,2.024469821,0.99724535
Rhynie_complete,73,both,no,mixed,2,96,267,2.78125,0.029276316,0.287234043,0.114583333,0.656716418,0.223880597,3.985074627,6.65034184,1.052083333,2.066559638,5,0.413311928,0.23880597,0.511507467,1.964669739,0.936595639
Rhynie_complete,74,both,no,mixed,2,96,324,3.375,0.035526316,0.287234043,0.0625,0.641791045,0.194029851,4.835820896,7.293826811,1.166666667,2.097486423,4.823943662,0.434807405,0.28358209,0.738061531,2.084712756,0.922762818
Rhynie_complete,75,both,no,mixed,2,96,230,2.395833333,0.025219298,0.287234043,0.1875,0.671641791,0.253731343,3.432835821,4.015967677,1.09375,2.02105436,5,0.404210872,0.149253731,0.50120924,2.024604569,1.017155257
Rhynie_complete,76,both,no,mixed,2,96,172,1.791666667,0.018859649,0.287234043,0.34375,0.671641791,0.268656716,2.567164179,2.369144332,1,1.992556485,4.733333333,0.420962638,0.164179104,0.449286606,1.764705882,0.9565286
Rhynie_complete,77,both,no,mixed,2,96,242,2.520833333,0.026535088,0.287234043,0.166666667,0.641791045,0.208955224,3.611940299,3.490051766,1.125,2.047284859,4.666666667,0.438703898,0.28358209,0.568397778,2.033227848,1.00576958
Rhynie_complete,78,both,no,mixed,2,96,305,3.177083333,0.033442982,0.287234043,0.072916667,0.611940299,0.223880597,4.552238806,6.803037606,0.979166667,1.938558918,4.2,0.461561647,0.23880597,0.594572377,1.905013193,0.879204148
Rhynie_complete,79,both,no,mixed,2,96,237,2.46875,0.025986842,0.287234043,0.09375,0.641791045,0.208955224,3.537313433,6.783063486,0.96875,1.982432384,4.177777778,0.47451839,0.194029851,0.553096225,1.743785851,0.760201758
Rhynie_complete,8,both,no,mixed,2,96,325,3.385416667,0.035635965,0.287234043,0.09375,0.656716418,0.208955224,4.850746269,8.296135886,1.03125,2.011508508,4.5,0.447001891,0.253731343,0.514578373,1.74498229,0.676274888
Rhynie_complete,80,both,no,mixed,2,96,246,2.5625,0.026973684,0.287234043,0.166666667,0.641791045,0.223880597,3.671641791,4.613511315,1.09375,2.074561358,4.492753623,0.461757205,0.23880597,0.757228489,1.989130435,0.855484939
Rhynie_complete,81,both,no,mixed,2,96,221,2.302083333,0.024232456,0.287234043,0.21875,0.641791045,0.23880597,3.298507463,3.741717825,1.0625,2.022847249,4.621621622,0.437692095,0.23880597,0.460056394,1.916666667,0.819913771
Rhynie_complete,82,both,no,mixed,2,96,285,2.96875,0.03125,0.287234043,0.104166667,0.611940299,0.253731343,4.253731343,7.284985147,1.166666667,2.121059797,5.833333333,0.363610251,0.23880597,0.715749745,2.365422397,1.228177403
Rhynie_complete,83,both,no,mixed,2,96,242,2.520833333,0.026535088,0.287234043,0.135416667,0.641791045,0.223880597,3.611940299,5.680789595,1.135416667,2.098869483,5.273170732,0.398027978,0.268656716,0.655144611,2.415662651,1.198912045
Rhynie_complete,84,both,no,mixed,2,96,329,3.427083333,0.036074561,0.287234043,0.083333333,0.626865672,0.23880597,4.910447761,8.027851789,1.125,2.0692733,5.814814815,0.355862287,0.253731343,0.711635656,2.187440533,1.097214749
Rhynie_complete,85,both,no,mixed,2,96,249,2.59375,0.027302632,0.287234043,0.145833333,0.626865672,0.223880597,3.71641791,3.968840645,1.083333333,2.040613743,4.578947368,0.445651277,0.253731343,0.621780438,1.799295775,0.798057295
Rhynie_complete,86,both,no,mixed,2,96,261,2.71875,0.028618421,0.287234043,0.114583333,0.611940299,0.23880597,3.895522388,5.190709441,1.083333333,2.063214625,4.677966102,0.441049503,0.298507463,0.559653696,2.037760417,0.890266757
Rhynie_complete,87,both,no,mixed,2,96,237,2.46875,0.025986842,0.287234043,0.15625,0.611940299,0.223880597,3.537313433,4.37045299,1.083333333,2.060453932,5,0.412090786,0.23880597,0.675800477,2.085074627,1.006815895
Rhynie_complete,88,both,no,mixed,2,96,267,2.78125,0.029276316,0.287234043,0.03125,0.626865672,0.223880597,3.985074627,6.754330905,1.145833333,2.054784643,4.504132231,0.456199893,0.253731343,0.577522176,2.045599152,0.819765927
Rhynie_complete,89,both,no,mixed,2,96,261,2.71875,0.028618421,0.287234043,0.125,0.611940299,0.268656716,3.895522388,5.96234225,1.15625,2.142164019,5.153846154,0.415643765,0.223880597,0.687921518,2.062068966,1.007024291
Rhynie_complete,9,both,no,mixed,2,96,245,2.552083333,0.026864035,0.287234043,0.21875,0.641791045,0.208955224,3.656716418,3.548590155,1.114583333,2.077082849,4.85,0.428264505,0.28358209,0.618266683,1.966777409,0.968158232
Rhynie_complete,90,both,no,mixed,2,96,326,3.395833333,0.035745614,0.287234043,0.020833333,0.641791045,0.179104478,4.865671642,8.651318909,0.989583333,1.987861792,4.538461538,0.438003446,0.268656716,0.536437031,1.791025641,0.748929214
Rhynie_complete,91,both,no,mixed,2,96,254,2.645833333,0.027850877,0.287234043,0.104166667,0.641791045,0.208955224,3.791044776,5.313040884,1.083333333,2.025778533,4.78125,0.423692242,0.253731343,0.520780848,2.099616858,0.931290311
Rhynie_complete,92,both,no,mixed,2,96,244,2.541666667,0.026754386,0.287234043,0.135416667,0.641791045,0.223880597,3.641791045,3.7485411,1.125,2.06563724,5.888888889,0.350768588,0.223880597,0.581274009,2.312101911,1.445902766
Rhynie_complete,93,both,no,mixed,2,96,269,2.802083333,0.029495614,0.287234043,0.09375,0.686567164,0.208955224,4.014925373,6.199932887,1.020833333,2.004861982,4.545454545,0.441069636,0.23880597,0.512690911,1.754330709,0.736257471
Rhynie_complete,94,both,no,mixed,2,96,262,2.729166667,0.02872807,0.287234043,0.114583333,0.671641791,0.253731343,3.910447761,5.605006807,1.208333333,2.092883612,5.588235294,0.374516015,0.208955224,0.551535645,2.125195618,1.170419338
Rhynie_complete,95,both,no,mixed,2,96,269,2.802083333,0.029495614,0.287234043,0.145833333,0.641791045,0.223880597,4.014925373,6.373459499,1.072916667,1.994981718,5.357142857,0.372396587,0.208955224,0.517770081,2.026946108,1.047245956
Rhynie_complete,96,both,no,mixed,2,96,278,2.895833333,0.030482456,0.287234043,0.072916667,0.611940299,0.194029851,4.149253731,5.694903972,1.166666667,2.1290049,6.833333333,0.311561693,0.343283582,0.636757421,2.43457383,1.504274468
Rhynie_complete,97,both,no,mixed,2,96,269,2.802083333,0.029495614,0.287234043,0.125,0.641791045,0.253731343,4.014925373,6.841257499,1.104166667,2.067831484,5.227272727,0.395585153,0.208955224,0.512150494,2.251933702,1.005823264
Rhynie_complete,98,both,no,mixed,2,96,302,3.145833333,0.033114035,0.287234043,0.041666667,0.626865672,0.208955224,4.507462687,5.494827139,1.083333333,2.03275325,4.416666667,0.460246019,0.298507463,0.53365571,1.931899642,0.832301156
Rhynie_complete,99,both,no,mixed,2,96,239,2.489583333,0.02620614,0.287234043,0.072916667,0.641791045,0.223880597,3.567164179,3.95130926,1.125,2.100662646,5.961538462,0.352369218,0.253731343,0.564821989,2.096283784,1.13064663
EcoWeb_complete,116_pond,aqu,no,brown,1,7,15,2.142857143,0.357142857,0,0.142857143,0.333333333,0.333333333,2.5,1.378404875,1.142857143,2.380952381,3.25,0.732600733,0.666666667,0.492872479,1.176470588,0.392952624
EcoWeb_complete,123_shortgrassprairie,ter,yes,green,0,134,416,3.104477612,0.023341937,0.731343284,0.156716418,0.583333333,0,11.55555556,5.293901853,0.432835821,1.391977439,3.526315789,0.394739871,0.416666667,0.507490403,1.642777156,0.667172194
EcoWeb_complete,138_treeholesengland,aqu,no,brown,3,9,7,0.777777778,0.097222222,0,0.666666667,1,0,1.166666667,0.40824829,0.666666667,1.666666667,2,0.833333333,0,0,1,0
EcoWeb_complete,139_treeholesaustralia,aqu,no,brown,3,12,25,2.083333333,0.189393939,0,0,0.444444444,0.555555556,2.777777778,2.048034288,1.416666667,2.32220666,3.882352941,0.59814414,0.333333333,0.52618177,1.523809524,0.706696031
EcoWeb_complete,143_stumpholesalabama,aqu,no,brown,3,12,15,1.25,0.113636364,0,0.333333333,0.888888889,0.111111111,1.666666667,1.322875656,0.833333333,1.854166667,3.25,0.570512821,0.111111111,0.298807152,1.125,0.341565026
EcoWeb_complete,144_treeholesgermany,aqu,no,brown,3,11,9,0.818181818,0.081818182,0,0.727272727,1,0,1.125,0.353553391,0.727272727,1.727272727,2,0.863636364,0,0,1,0
EcoWeb_complete,151_youngpines,ter,no,mixed,1,23,48,2.086956522,0.09486166,0.045454545,0.173913043,0.476190476,0.523809524,2.285714286,3.035504194,1.434782609,2.490118577,4,0.622529644,0.095238095,0.353314997,1.505882353,0.629125043
EcoWeb_complete,152_mistletoe,ter,no,green,0,23,26,1.130434783,0.051383399,0.043478261,0.695652174,0.045454545,0.909090909,1.181818182,0.501081082,2.217391304,3.260869565,4,0.815217391,0,0.4,1.678571429,0.716231117
EcoWeb_complete,180_rottingoak1yr,ter,no,mixed,1,47,64,1.361702128,0.02960222,0.02173913,0.553191489,0.288888889,0.666666667,1.422222222,1.588150567,1.765957447,2.778368794,4.5,0.617415288,0.111111111,0.442673804,1.631578947,0.66825966
EcoWeb_complete,181_rottingoak3yr,ter,no,mixed,1,89,116,1.303370787,0.014811032,0.022727273,0.775280899,0.418604651,0.430232558,1.348837209,1.082126902,1.404494382,2.478776529,4,0.619694132,0.174418605,0.308832173,1.348571429,0.501361038
EcoWeb_complete,182_rottingpine1yr,ter,no,mixed,2,90,152,1.688888889,0.01897628,0.011363636,0.588888889,0.32183908,0.666666667,1.747126437,2.119776155,1.722222222,2.679159544,4,0.669789886,0.091954023,0.286765727,1.524137931,0.589208121
EcoWeb_complete,183_rottingpine3yr,ter,no,brown,1,36,49,1.361111111,0.038888889,0,0.666666667,0.428571429,0.342857143,1.4,0.694516336,1.333333333,2.444444444,4,0.611111111,0.228571429,0.343798311,1.28358209,0.486358458
EcoWeb_complete,203_thermalspringyellowstone,both,yes,green,0,15,43,2.866666667,0.204761905,0.066666667,0.333333333,0.642857143,0.357142857,3.071428571,2.894671118,1.266666667,2.266666667,3,0.755555556,0,0,1.104166667,0.308709278
EcoWeb_complete,22_bearisland,both,yes,green,0,28,59,2.107142857,0.078042328,0.214285714,0.214285714,0.454545455,0.181818182,2.681818182,2.079064891,1.25,2.194855442,3.714285714,0.590922619,0.5,0.544205886,1.561403509,0.638514422
EcoWeb_complete,27_wythamwood,ter,yes,mixed,1,22,39,1.772727273,0.084415584,0.142857143,0.272727273,0.333333333,0.5,2.166666667,1.504893977,1.545454545,2.504545455,4,0.626136364,0.388888889,0.418793492,1.597560976,0.625778648
EcoWeb_complete,35_morganscreek,aqu,yes,mixed,1,13,36,2.769230769,0.230769231,0.083333333,0.384615385,0.363636364,0.363636364,3.272727273,1.272077756,1.307692308,2.377899878,3.25,0.731661501,0.545454545,0.411425239,1.307692308,0.466041382
EcoWeb_complete,39_lakenyasa,aqu,yes,mixed,1,37,75,2.027027027,0.056306306,0.111111111,0.540540541,0.46875,0.3125,2.34375,2.223182476,1.378378378,2.352702703,4,0.588175676,0.25,0.372309568,1.387387387,0.605597694
EcoWeb_complete,45_conespring,aqu,no,brown,1,11,20,1.818181818,0.181818182,0,0.363636364,0.6,0.3,2,1.490711985,1.181818182,2.25,3,0.75,0.1,0.25999747,1.130434783,0.344350222
EcoWeb_complete,58_sphagnumbog,both,yes,mixed,2,18,22,1.222222222,0.071895425,0.1875,0.222222222,0.307692308,0.538461538,1.692307692,0.751067616,1.611111111,2.596957672,5.4,0.480918087,0.461538462,0.699308106,2.301369863,1.174792316
EcoWeb_complete,61_spitsbergenbarren,ter,yes,mixed,1,9,11,1.222222222,0.152777778,0.125,0.444444444,0.571428571,0.285714286,1.571428571,0.975900073,1,2.148148148,3.333333333,0.644444444,0.142857143,0.516397779,1.214285714,0.425815314
EcoWeb_complete,84_temppond,aqu,yes,mixed,1,12,23,1.916666667,0.174242424,0.090909091,0.166666667,0.3,0.7,2.3,1.159501809,1.583333333,2.706051587,4,0.676512897,0.4,0.557093418,1.612244898,0.639541715
EcoWeb_complete,92_highhimalayas,ter,yes,mixed,2,18,18,1,0.058823529,0.0625,0.444444444,0.533333333,0.466666667,1.2,0.414039336,1.333333333,2.333333333,4,0.583333333,0,0,1.407407407,0.636049058
EcoWeb_complete,98_sanddunesnamib,ter,yes,mixed,2,17,39,2.294117647,0.143382353,0.133333333,0.176470588,0.384615385,0.461538462,3,2.041241452,1.411764706,2.485294118,4.25,0.584775087,0.384615385,0.59291817,1.62962963,0.679051626
DigelSoil_complete,AEW1,ter,no,mixed,2,121,1839,15.19834711,0.126652893,0.033613445,0.033057851,0.173913043,0.6,15.99130435,17.5656641,2.280991736,3.112394976,3.944785276,0.788989706,0.747826087,0.705318192,1.676705453,0.688115788
DigelSoil_complete,AEW11,ter,no,mixed,2,120,1864,15.53333333,0.130532213,0.033898305,0.008333333,0.140350877,0.649122807,16.35087719,17.56705608,2.616666667,3.188711584,4,0.797177896,0.771929825,0.615599128,1.779297286,0.893236235
DigelSoil_complete,AEW17,ter,no,mixed,2,145,2864,19.75172414,0.137164751,0.034965035,0.04137931,0.18115942,0.369565217,20.75362319,23.07076122,2.510344828,3.12415125,3.911111111,0.798788672,0.746376812,0.70896344,1.846483349,0.94781199
DigelSoil_complete,AEW18,ter,no,mixed,2,111,1608,14.48648649,0.131695332,0.04587156,0,0.144230769,0.451923077,15.46153846,16.14432665,2.261261261,3.120642755,3.922077922,0.79566057,0.759615385,0.712044315,1.763775866,0.74895218
DigelSoil_complete,AEW2,ter,no,mixed,2,153,3345,21.8627451,0.143833849,0.026490066,0.006535948,0.176870748,0.632653061,22.75510204,25.61639881,2.620915033,3.175356872,3.976331361,0.798564451,0.734693878,0.67984784,1.885768682,1.068761588
DigelSoil_complete,AEW25,ter,no,mixed,2,123,1854,15.07317073,0.12355058,0.033057851,0.008130081,0.153846154,0.632478632,15.84615385,16.32779278,2.398373984,3.177696823,4.018181818,0.790829526,0.769230769,0.663983919,1.796018836,0.871122132
DigelSoil_complete,AEW27,ter,no,mixed,2,120,1345,11.20833333,0.094187675,0.042372881,0,0.283185841,0.345132743,11.90265487,15.06234935,2.008333333,2.926141828,4.108695652,0.712182667,0.628318584,0.775772187,1.715923172,0.769439034
DigelSoil_complete,AEW3,ter,no,mixed,2,122,1844,15.1147541,0.124915323,0.033333333,0.016393443,0.198275862,0.560344828,15.89655172,17.11819744,2.032786885,3.088423674,3.961748634,0.779560734,0.724137931,0.699993556,1.630140187,0.59118553
DigelSoil_complete,AEW30,ter,no,mixed,2,114,1422,12.47368421,0.110386586,0.044642857,0.061403509,0.168224299,0.336448598,13.28971963,14.25840325,2.122807018,3.064080153,3.896551724,0.786356854,0.728971963,0.713980432,1.669226044,0.67946768
DigelSoil_complete,AEW4,ter,no,mixed,2,125,1838,14.704,0.118580645,0.040650407,0.072,0.144067797,0.381355932,15.57627119,16.84844804,2.696,3.126445743,3.933333333,0.794859087,0.754237288,0.688771664,1.894705532,1.028654189
DigelSoil_complete,AEW49,ter,no,mixed,2,154,2883,18.72077922,0.122358034,0.026315789,0.006493506,0.202702703,0.567567568,19.47972973,22.28372079,2.103896104,3.175507438,4.232142857,0.750330871,0.72972973,0.729243281,1.639245283,0.610866305
DigelSoil_complete,AEW5,ter,no,mixed,2,126,1875,14.88095238,0.119047619,0.040322581,0.015873016,0.18487395,0.579831933,15.75630252,18.45469321,2.341269841,3.075091262,3.978494624,0.772928344,0.714285714,0.680148624,1.830083565,0.937646261
DigelSoil_complete,AEW6,ter,no,mixed,2,120,1744,14.53333333,0.122128852,0.042372881,0.008333333,0.203539823,0.362831858,15.43362832,17.06546016,2.1,3.033785448,3.884955752,0.780906049,0.699115044,0.737030354,1.714849188,0.697864935
DigelSoil_complete,AEW7,ter,no,mixed,2,129,1956,15.1627907,0.118459302,0.039370079,0.054263566,0.196721311,0.385245902,16.03278689,18.71532471,2.364341085,3.072157852,4.011764706,0.765787148,0.704918033,0.754342524,1.825760823,1.01239304
DigelSoil_complete,AEW8,ter,no,mixed,2,136,2305,16.94852941,0.125544662,0.029850746,0.022058824,0.153846154,0.592307692,17.73076923,18.93800103,2.529411765,3.16101333,4.12195122,0.766873056,0.769230769,0.675575387,1.845100627,0.9221065
DigelSoil_complete,AEW9,ter,no,mixed,2,134,2373,17.70895522,0.133150039,0.037878788,0.014925373,0.188976378,0.322834646,18.68503937,20.66962375,2.380597015,3.084693158,3.896551724,0.791646917,0.763779528,0.74106697,1.843412353,0.928487618
DigelSoil_complete,HEW1,ter,no,mixed,2,134,1571,11.7238806,0.088149478,0.03030303,0.126865672,0.2109375,0.46875,12.2734375,15.32211353,2.298507463,3.030058303,4.035460993,0.750858033,0.71875,0.691800217,1.880193237,1.007411031
DigelSoil_complete,HEW10,ter,no,mixed,2,91,888,9.758241758,0.108424908,0.04494382,0.054945055,0.164705882,0.6,10.44705882,9.90491206,2.087912088,3.102321702,4.244186047,0.73095799,0.705882353,0.665513415,1.733562527,0.635983462
DigelSoil_complete,HEW11,ter,no,mixed,2,132,1930,14.62121212,0.111612306,0.038461538,0.053030303,0.192,0.328,15.44,17.83635287,2.454545455,3.028561906,3.953271028,0.766090128,0.728,0.733666697,1.958429561,1.090250855
DigelSoil_complete,HEW12,ter,no,mixed,2,143,2515,17.58741259,0.123855018,0.035460993,0.006993007,0.183823529,0.375,18.49264706,21.46107461,2.20979021,3.098295691,3.893939394,0.795671267,0.742647059,0.746665596,1.787167682,0.77926288
DigelSoil_complete,HEW13,ter,no,mixed,2,144,2152,14.94444444,0.104506605,0.035211268,0.111111111,0.204379562,0.350364964,15.7080292,19.27287052,2.305555556,3.046746594,3.898734177,0.781470717,0.708029197,0.732174453,1.781291422,0.861683473
DigelSoil_complete,HEW16,ter,no,mixed,2,132,2273,17.21969697,0.131448068,0.030769231,0.022727273,0.182539683,0.603174603,18.03968254,20.15753985,2.348484848,3.154150081,3.9625,0.79600002,0.746031746,0.722260809,1.820765758,0.844405244
DigelSoil_complete,HEW17,ter,no,mixed,2,139,2108,15.16546763,0.109894693,0.03649635,0.014388489,0.159090909,0.416666667,15.96969697,18.05544446,2.431654676,3.140693636,3.905263158,0.804220742,0.772727273,0.725554627,1.938069217,1.001062527
DigelSoil_complete,HEW2,ter,no,mixed,2,126,1776,14.0952381,0.112761905,0.040322581,0.063492063,0.193277311,0.378151261,14.92436975,16.08934781,2.579365079,3.063738663,3.941176471,0.777366527,0.714285714,0.734729086,1.925516067,1.097224586
DigelSoil_complete,HEW21,ter,no,mixed,2,146,1995,13.66438356,0.094237128,0.034722222,0.04109589,0.158273381,0.395683453,14.35251799,17.10702174,2.273972603,3.132930979,4.156462585,0.753749352,0.769784173,0.72017842,1.794323557,0.82694838
DigelSoil_complete,HEW22,ter,no,mixed,2,137,2136,15.59124088,0.114641477,0.037037037,0.01459854,0.169230769,0.423076923,16.43076923,17.49061253,2.109489051,3.143429473,3.948387097,0.796130014,0.753846154,0.744770453,1.710786962,0.626262969
DigelSoil_complete,HEW3,ter,no,mixed,2,123,1666,13.54471545,0.111022258,0.041322314,0.097560976,0.181034483,0.387931034,14.36206897,13.89112732,1.967479675,3.050952081,3.907284768,0.780836889,0.75,0.727325623,1.590425532,0.580605173
DigelSoil_complete,HEW36,ter,no,mixed,2,160,3250,20.3125,0.127751572,0.03164557,0.025,0.183006536,0.392156863,21.24183007,23.54475753,2.3625,3.104798538,3.895027624,0.79711849,0.732026144,0.723761383,1.815010441,0.884719151
DigelSoil_complete,HEW4,ter,no,mixed,2,116,1193,10.28448276,0.089430285,0.043859649,0.068965517,0.220183486,0.403669725,10.94495413,12.49728479,1.818965517,2.977640896,3.953642384,0.753138652,0.688073394,0.721826441,1.631467045,0.568188264
DigelSoil_complete,HEW47,ter,no,mixed,2,148,3071,20.75,0.141156463,0.034246575,0.02027027,0.14893617,0.354609929,21.78014184,23.58331499,2.648648649,3.176534858,3.910828025,0.812240998,0.787234043,0.729641262,1.967126971,1.132731029
DigelSoil_complete,HEW5,ter,no,mixed,2,168,3136,18.66666667,0.111776447,0.024096386,0,0.117283951,0.635802469,19.35802469,22.5492194,2.458333333,3.238971106,3.985347985,0.812719772,0.808641975,0.661077571,1.785772786,0.777698601
DigelSoil_complete,HEW6,ter,no,mixed,2,142,2345,16.51408451,0.117121167,0.035714286,0.007042254,0.162962963,0.296296296,17.37037037,19.79172929,2.443661972,3.091529259,3.9375,0.785150288,0.762962963,0.745546807,1.953775039,1.075378527
DigelSoil_complete,SEW1,ter,no,mixed,2,104,1245,11.97115385,0.116224795,0.039215686,0.105769231,0.163265306,0.683673469,12.70408163,12.16909147,1.971153846,3.171324277,4.258741259,0.744662351,0.724489796,0.656335131,1.642508711,0.603005698
DigelSoil_complete,SEW18,ter,no,mixed,2,124,1939,15.63709677,0.127130868,0.040983607,0.129032258,0.136752137,0.512820513,16.57264957,17.00675132,2.10483871,3.244923453,4.395348837,0.738263008,0.743589744,0.73592654,1.604651163,0.623273645
DigelSoil_complete,SEW2,ter,no,mixed,2,93,730,7.849462366,0.085320243,0.043956044,0.182795699,0.195402299,0.586206897,8.390804598,8.63787808,1.806451613,2.997312237,4.428571429,0.676812441,0.666666667,0.702457773,1.644326867,0.593998294
DigelSoil_complete,SEW3,ter,no,mixed,2,123,2159,17.55284553,0.143875783,0.033057851,0,0.196581197,0.666666667,18.45299145,17.59775442,2.073170732,3.222100776,4.220338983,0.763469662,0.726495726,0.744343462,1.657199603,0.622758438
DigelSoil_complete,SEW35,ter,no,mixed,2,101,1182,11.7029703,0.117029703,0.04040404,0.099009901,0.178947368,0.652631579,12.44210526,12.02100625,1.871287129,3.125471715,4.016,0.778254909,0.715789474,0.667675791,1.606891151,0.594833058
DigelSoil_complete,SEW36,ter,no,mixed,2,89,959,10.7752809,0.122446374,0.045977011,0.101123596,0.13253012,0.674698795,11.55421687,10.43943393,2.04494382,3.192555701,4.205357143,0.759163988,0.734939759,0.657194241,1.649446494,0.623186556
DigelSoil_complete,SEW37,ter,no,mixed,2,118,2030,17.20338983,0.14703752,0.043103448,0.016949153,0.162162162,0.441441441,18.28828829,17.08927755,2.211864407,3.164176003,4,0.791044001,0.72972973,0.714790873,1.672517123,0.679540313
DigelSoil_complete,SEW4,ter,no,mixed,2,120,1604,13.36666667,0.11232493,0.042372881,0.016666667,0.14159292,0.433628319,14.19469027,14.70110443,2.025,3.149002769,4.036231884,0.78018381,0.734513274,0.723483954,1.684581712,0.592645775
DigelSoil_complete,SEW41,ter,no,mixed,2,118,1757,14.88983051,0.127263509,0.043103448,0.033898305,0.135135135,0.432432432,15.82882883,16.35174379,2.118644068,3.160068405,3.965517241,0.796886815,0.747747748,0.684238863,1.65122941,0.595960248
DigelSoil_complete,SEW43,ter,no,mixed,2,120,1981,16.50833333,0.13872549,0.042372881,0.008333333,0.088495575,0.433628319,17.53097345,17.47552922,2.516666667,3.401869219,4.143631436,0.820987405,0.82300885,0.665273282,2.068146156,0.742225492
DigelSoil_complete,SEW48,ter,no,mixed,2,118,1882,15.94915254,0.136317543,0.043103448,0.033898305,0.171171171,0.459459459,16.95495495,16.80064251,2.372881356,3.1430369,3.954285714,0.794843147,0.765765766,0.738206422,1.663623258,0.752640559
DigelSoil_complete,SEW5,ter,no,mixed,2,101,1237,12.24752475,0.122475248,0.04040404,0.099009901,0.252631579,0.557894737,13.02105263,14.09691301,1.821782178,3.010733912,4.024,0.748194312,0.652631579,0.750221069,1.508273229,0.540031075
DigelSoil_complete,SEW6,ter,no,mixed,2,127,1990,15.66929134,0.124359455,0.04,0.102362205,0.125,0.458333333,16.58333333,15.5274673,2.086614173,3.17843821,3.990196078,0.79656191,0.775,0.699884868,1.638956445,0.618421303
DigelSoil_complete,SEW7,ter,no,mixed,2,132,2786,21.10606061,0.161114966,0.046153846,0.007575758,0.177419355,0.411290323,22.46774194,22.07652452,2.234848485,3.131207809,3.924603175,0.797840615,0.725806452,0.737900793,1.703813692,0.742607457
DigelSoil_complete,SEW8,ter,no,mixed,2,118,1896,16.06779661,0.137331595,0.051724138,0.008474576,0.163636364,0.427272727,17.23636364,17.06164069,2.694915254,3.263714886,4.427884615,0.737082189,0.763636364,0.831759159,1.882706165,0.999425842
DigelSoil_complete,SEW9,ter,no,mixed,2,89,1038,11.66292135,0.132533197,0.045977011,0.056179775,0.204819277,0.662650602,12.5060241,12.08645028,1.93258427,3.128707824,4.136363636,0.756390902,0.662650602,0.760958022,1.621252205,0.608590047