Analysis,SLN_ID,SLN_ID,habitat,vertebrates,Detritus,S,Interactions,L_D,C,Basal,Top,Herbiv,Carniv,MeanInDegree,StdInDegree,Mean_longest_chain,Mean_NTP,Max_NTP,Mean_NTP_norm,TrOmniv,q_inCoherence,Mean_path_len,Std_path_len
Rhynie_lumped,1,1,both,no,2,37,84,2.27027027,0.063063063,0.314285714,0.108108108,0.166666667,0.625,3.5,3.538606948,1.324324324,2.396276525,5.047619048,0.474734028,0.583333333,0.714324184,2,0.915475416
Rhynie_lumped,10,10,both,no,2,37,81,2.189189189,0.060810811,0.314285714,0.081081081,0.333333333,0.458333333,3.375,3.033329352,1.324324324,2.282865333,4.6,0.496275072,0.5,0.799225756,1.789156627,0.822488765
Rhynie_lumped,100,100,both,no,2,37,95,2.567567568,0.071321321,0.314285714,0.027027027,0,0.541666667,3.958333333,3.419625795,1.432432432,2.429648658,4.210526316,0.577041556,0.75,0.789246123,1.856557377,0.769745584
Rhynie_lumped,11,11,both,no,2,37,65,1.756756757,0.048798799,0.314285714,0.027027027,0.125,0.541666667,2.708333333,1.852827843,1.432432432,2.422598565,5,0.484519713,0.375,0.767916637,1.844594595,0.846865672
Rhynie_lumped,12,12,both,no,2,37,86,2.324324324,0.064564565,0.314285714,0.054054054,0.166666667,0.458333333,3.583333333,3.133502925,1.378378378,2.325370795,5.125,0.453730887,0.625,0.669354143,1.871559633,0.826975138
Rhynie_lumped,13,13,both,no,2,37,69,1.864864865,0.051801802,0.314285714,0.189189189,0.25,0.458333333,2.875,2.112334377,1.405405405,2.315305411,4.642857143,0.498681166,0.625,0.611034465,1.958333333,0.867283979
Rhynie_lumped,14,14,both,no,2,37,84,2.27027027,0.063063063,0.314285714,0.135135135,0.083333333,0.5,3.5,3.426241444,1.567567568,2.471893288,5,0.494378658,0.583333333,0.752237977,1.943127962,0.913698751
Rhynie_lumped,15,15,both,no,2,37,90,2.432432432,0.067567568,0.314285714,0.027027027,0.25,0.583333333,3.75,3.454675471,1.567567568,2.428476373,5.28,0.459938707,0.5,0.894502635,2.131782946,1.039154437
Rhynie_lumped,16,16,both,no,2,37,55,1.486486486,0.041291291,0.314285714,0.27027027,0.166666667,0.541666667,2.291666667,1.731527766,1.243243243,2.232128232,4.8,0.465026715,0.458333333,0.681207561,1.700934579,0.82662023
Rhynie_lumped,17,17,both,no,2,37,122,3.297297297,0.091591592,0.314285714,0,0.208333333,0.416666667,5.083333333,4.451835642,1.405405405,2.274914181,3.948979592,0.576076459,0.708333333,0.714349053,1.61752988,0.610844885
Rhynie_lumped,18,18,both,no,2,37,84,2.27027027,0.063063063,0.314285714,0.135135135,0.291666667,0.416666667,3.5,2.90426972,1.27027027,2.2448877,4.47826087,0.501285603,0.666666667,0.652179996,1.867924528,0.843997166
Rhynie_lumped,19,19,both,no,2,37,62,1.675675676,0.046546547,0.314285714,0.243243243,0.166666667,0.625,2.583333333,2.586195236,1.27027027,2.228207753,4.475,0.49792352,0.458333333,0.619195454,1.74137931,0.835314985
Rhynie_lumped,2,2,both,no,2,37,102,2.756756757,0.076576577,0.314285714,0.027027027,0.208333333,0.541666667,4.25,3.56614516,1.405405405,2.349813862,4.5,0.522180858,0.625,0.725656328,1.889705882,0.788971904
Rhynie_lumped,20,20,both,no,2,37,91,2.459459459,0.068318318,0.314285714,0.027027027,0.291666667,0.375,3.791666667,3.413262709,1.297297297,2.151531145,4.586956522,0.469054183,0.541666667,0.754897849,1.82038835,0.815563157
Rhynie_lumped,21,21,both,no,2,37,92,2.486486486,0.069069069,0.314285714,0.027027027,0.166666667,0.5,3.833333333,3.073967365,1.405405405,2.395496583,5.090909091,0.470543972,0.541666667,0.75551801,2.015748031,0.915257168
Rhynie_lumped,22,22,both,no,2,37,82,2.216216216,0.061561562,0.314285714,0.054054054,0.166666667,0.541666667,3.416666667,3.488074923,1.297297297,2.310337435,4.7,0.491561156,0.541666667,0.726049643,1.981395349,0.859051807
Rhynie_lumped,23,23,both,no,2,37,85,2.297297297,0.063813814,0.314285714,0.081081081,0.125,0.583333333,3.541666667,3.120467728,1.459459459,2.42744269,5.388888889,0.450453283,0.583333333,0.790041519,2.106995885,0.95176675
Rhynie_lumped,24,24,both,no,2,37,102,2.756756757,0.076576577,0.314285714,0.081081081,0.166666667,0.458333333,4.25,3.57831634,1.297297297,2.259078974,4.2,0.537875946,0.625,0.728352694,1.761904762,0.739872968
Rhynie_lumped,25,25,both,no,2,37,100,2.702702703,0.075075075,0.314285714,0.054054054,0.125,0.541666667,4.166666667,4.124862756,1.297297297,2.396989847,4.314814815,0.555525544,0.666666667,0.725333167,1.678571429,0.718795288
Rhynie_lumped,26,26,both,no,2,37,69,1.864864865,0.051801802,0.314285714,0.162162162,0.166666667,0.541666667,2.875,3.083088514,1.297297297,2.258385479,4.5,0.50186344,0.416666667,0.669627938,1.832369942,0.75536349
Rhynie_lumped,27,27,both,no,2,37,71,1.918918919,0.053303303,0.314285714,0.081081081,0.291666667,0.625,2.958333333,3.928482024,1.27027027,2.280237443,5.571428571,0.409273387,0.333333333,1.074659973,2.101796407,1.144050775
Rhynie_lumped,28,28,both,no,2,37,93,2.513513514,0.06981982,0.314285714,0.054054054,0.25,0.416666667,3.875,3.125108694,1.405405405,2.34987801,4.555555556,0.51582688,0.666666667,0.776473362,1.872340426,0.790353737
Rhynie_lumped,29,29,both,no,2,37,50,1.351351351,0.037537538,0.314285714,0.297297297,0.333333333,0.583333333,2.083333333,1.909169331,1.27027027,2.319237563,5,0.463847513,0.291666667,0.584038175,2.007407407,0.893561516
Rhynie_lumped,3,3,both,no,2,37,104,2.810810811,0.078078078,0.314285714,0,0.166666667,0.541666667,4.333333333,3.930556622,1.405405405,2.4153414,4.568181818,0.528731451,0.625,0.78826153,1.917241379,0.771494288
Rhynie_lumped,30,30,both,no,2,37,97,2.621621622,0.072822823,0.314285714,0.135135135,0.208333333,0.458333333,4.041666667,3.48261729,1.432432432,2.356520633,4.714285714,0.499868013,0.666666667,0.744056417,1.858447489,0.874228027
Rhynie_lumped,31,31,both,no,2,37,68,1.837837838,0.051051051,0.314285714,0.135135135,0.291666667,0.5,2.833333333,3.116110545,1.378378378,2.429449203,6,0.4049082,0.333333333,0.800730353,2.233502538,1.118624527
Rhynie_lumped,32,32,both,no,2,37,80,2.162162162,0.06006006,0.314285714,0.162162162,0.25,0.458333333,3.333333333,2.914232939,1.486486486,2.467143682,5.666666667,0.435378297,0.666666667,0.773303888,1.940860215,0.998240242
Rhynie_lumped,33,33,both,no,2,37,51,1.378378378,0.038288288,0.314285714,0.27027027,0.291666667,0.5,2.125,2.251810865,1.378378378,2.28967429,5,0.457934858,0.458333333,0.630853019,1.747368421,0.933631904
Rhynie_lumped,34,34,both,no,2,37,79,2.135135135,0.059309309,0.314285714,0.027027027,0.208333333,0.5,3.291666667,3.155108579,1.432432432,2.402960395,4.84,0.496479421,0.625,0.774151396,2.121495327,1.022840383
Rhynie_lumped,35,35,both,no,2,37,72,1.945945946,0.054054054,0.314285714,0.135135135,0.208333333,0.666666667,3,3.050302907,1.162162162,2.242281702,5.523809524,0.405930308,0.375,1.245316344,2.12,1.17071547
Rhynie_lumped,36,36,both,no,2,37,97,2.621621622,0.072822823,0.314285714,0,0.166666667,0.458333333,4.041666667,3.605300044,1.297297297,2.31436883,4.6,0.503123659,0.666666667,0.825991584,1.912087912,0.785648173
Rhynie_lumped,37,37,both,no,2,37,63,1.702702703,0.047297297,0.314285714,0.189189189,0.291666667,0.541666667,2.625,2.567565248,1.108108108,2.070763133,4.1875,0.494510599,0.291666667,0.496097736,1.741496599,0.741051043
Rhynie_lumped,38,38,both,no,2,37,83,2.243243243,0.062312312,0.314285714,0.108108108,0.083333333,0.541666667,3.458333333,3.659165582,1.486486486,2.403008271,4.888888889,0.491524419,0.75,0.700257891,1.991071429,0.873070307
Rhynie_lumped,39,39,both,no,2,37,72,1.945945946,0.054054054,0.314285714,0,0.25,0.541666667,3,3.134658986,1.621621622,2.39930129,5.428571429,0.441976553,0.625,0.903934803,2.305825243,1.225208812
Rhynie_lumped,4,4,both,no,2,37,73,1.972972973,0.054804805,0.314285714,0.054054054,0.166666667,0.458333333,3.041666667,2.053187695,1.540540541,2.393944887,5.210526316,0.459443968,0.708333333,0.862377771,2.104761905,0.96764707
Rhynie_lumped,40,40,both,no,2,37,96,2.594594595,0.072072072,0.314285714,0.027027027,0.25,0.416666667,4,3.526298712,1.351351351,2.256830619,4,0.564207655,0.708333333,0.613118901,1.632352941,0.625510513
Rhynie_lumped,41,41,both,no,2,37,80,2.162162162,0.06006006,0.314285714,0.108108108,0.25,0.583333333,3.333333333,3.39650289,1.567567568,2.491379683,4.795918367,0.519479168,0.541666667,0.853098005,2.02293578,0.957351668
Rhynie_lumped,42,42,both,no,2,37,78,2.108108108,0.058558559,0.314285714,0.027027027,0.25,0.5,3.25,3.220180929,1.297297297,2.243114274,4.9,0.457778423,0.625,0.694725781,1.856382979,0.843732288
Rhynie_lumped,43,43,both,no,2,37,79,2.135135135,0.059309309,0.314285714,0.135135135,0.25,0.541666667,3.291666667,2.866283257,1.324324324,2.367098814,4.612903226,0.513147295,0.583333333,0.734501974,1.924170616,0.801150155
Rhynie_lumped,44,44,both,no,2,37,87,2.351351351,0.065315315,0.314285714,0.027027027,0.208333333,0.541666667,3.625,3.633330009,1.459459459,2.340889706,4.6,0.508889066,0.625,0.772723274,1.93697479,0.816637703
Rhynie_lumped,45,45,both,no,2,37,97,2.621621622,0.072822823,0.314285714,0,0.208333333,0.5,4.041666667,3.723943289,1.486486486,2.373283825,4.458333333,0.532325344,0.625,0.790551355,1.853982301,0.833150422
Rhynie_lumped,46,46,both,no,2,37,85,2.297297297,0.063813814,0.314285714,0.108108108,0.125,0.458333333,3.541666667,3.021361148,1.432432432,2.374456196,4.603448276,0.515799473,0.75,0.713376627,1.894009217,0.823728571
Rhynie_lumped,47,47,both,no,2,37,73,1.972972973,0.054804805,0.314285714,0.216216216,0.125,0.458333333,3.041666667,2.312144998,1.432432432,2.353109355,5,0.470621871,0.666666667,0.556213296,2.097345133,0.899032584
Rhynie_lumped,48,48,both,no,2,37,98,2.648648649,0.073573574,0.314285714,0.054054054,0.166666667,0.458333333,4.083333333,3.549852008,1.378378378,2.349342074,4.684210526,0.501544937,0.75,0.625476844,1.87732342,0.770131974
Rhynie_lumped,49,49,both,no,2,37,103,2.783783784,0.077327327,0.314285714,0.135135135,0.166666667,0.458333333,4.291666667,3.057125201,1.324324324,2.237566765,4.154929577,0.538533018,0.666666667,0.645853219,1.694214876,0.64856017
Rhynie_lumped,5,5,both,no,2,37,75,2.027027027,0.056306306,0.314285714,0.054054054,0.125,0.5,3.125,3.097158586,1.459459459,2.447575205,5.5,0.445013674,0.75,0.778219674,2.254901961,1.072988638
Rhynie_lumped,50,50,both,no,2,37,63,1.702702703,0.047297297,0.314285714,0.162162162,0.166666667,0.583333333,2.625,2.280589169,1.324324324,2.278510465,5.166666667,0.441002026,0.5,0.774001365,1.915584416,0.907134386
Rhynie_lumped,51,51,both,no,2,37,91,2.459459459,0.068318318,0.314285714,0.027027027,0.083333333,0.541666667,3.791666667,3.216522111,1.135135135,2.201894693,4.714285714,0.467068571,0.583333333,0.839290376,1.878923767,0.832154865
Rhynie_lumped,52,52,both,no,2,37,77,2.081081081,0.057807808,0.314285714,0.135135135,0.166666667,0.583333333,3.208333333,2.903957819,1.27027027,2.132052436,4.152173913,0.513478597,0.5,0.692932933,1.711764706,0.708680208
Rhynie_lumped,53,53,both,no,2,37,68,1.837837838,0.051051051,0.314285714,0.189189189,0.166666667,0.625,2.833333333,2.352919864,1.27027027,2.266817642,4.75,0.477224767,0.583333333,0.709793838,1.75177305,0.803172534
Rhynie_lumped,54,54,both,no,2,37,80,2.162162162,0.06006006,0.314285714,0.054054054,0.125,0.5,3.333333333,2.943920289,1.459459459,2.362167417,4.6,0.513514656,0.708333333,0.72877953,1.815384615,0.750786001
Rhynie_lumped,55,55,both,no,2,37,94,2.540540541,0.070570571,0.314285714,0.027027027,0.208333333,0.458333333,3.916666667,3.255986682,1.243243243,2.295429871,4.514285714,0.508481301,0.625,0.709141799,1.778301887,0.736908454
Rhynie_lumped,56,56,both,no,2,37,78,2.108108108,0.058558559,0.314285714,0.108108108,0.208333333,0.5,3.25,2.658047665,1.513513514,2.313753069,4.870967742,0.475008908,0.666666667,0.623945636,2.045833333,0.91591195
Rhynie_lumped,57,57,both,no,2,37,78,2.108108108,0.058558559,0.314285714,0,0.333333333,0.5,3.25,3.492227394,1.216216216,2.105075607,4.5,0.467794579,0.458333333,0.756652556,1.813253012,0.878051712
Rhynie_lumped,58,58,both,no,2,37,85,2.297297297,0.063813814,0.314285714,0.054054054,0.166666667,0.458333333,3.541666667,2.653613888,1.351351351,2.36940948,4.416666667,0.536470071,0.583333333,0.688727149,1.829493088,0.735008328
Rhynie_lumped,59,59,both,no,2,37,88,2.378378378,0.066066066,0.314285714,0.081081081,0.208333333,0.5,3.666666667,4.082482905,1.405405405,2.391268611,4.9,0.488014002,0.583333333,0.721396528,1.931330472,0.873215638
Rhynie_lumped,6,6,both,no,2,37,97,2.621621622,0.072822823,0.314285714,0.054054054,0.208333333,0.541666667,4.041666667,3.758806086,1.405405405,2.364950155,4.909090909,0.481749106,0.583333333,0.778789304,1.906614786,0.865481159
Rhynie_lumped,60,60,both,no,2,37,94,2.540540541,0.070570571,0.314285714,0.135135135,0.166666667,0.541666667,3.916666667,3.322082462,1.351351351,2.327986707,4.306122449,0.540622505,0.666666667,0.687512873,1.746835443,0.647060258
Rhynie_lumped,61,61,both,no,2,37,83,2.243243243,0.062312312,0.314285714,0.162162162,0.166666667,0.458333333,3.458333333,2.653613888,1.243243243,2.148579639,4.212121212,0.510094447,0.625,0.601485789,1.701492537,0.640661971
Rhynie_lumped,62,62,both,no,2,37,87,2.351351351,0.065315315,0.314285714,0,0.25,0.458333333,3.625,4.008821794,1.243243243,2.248492608,4.9,0.458876043,0.583333333,0.653772018,1.815642458,0.902294831
Rhynie_lumped,63,63,both,no,2,37,84,2.27027027,0.063063063,0.314285714,0.081081081,0.208333333,0.458333333,3.5,3.400767177,1.594594595,2.493515811,5.6,0.44527068,0.625,0.838416782,1.898989899,0.912351227
Rhynie_lumped,64,64,both,no,2,37,78,2.108108108,0.058558559,0.314285714,0.054054054,0.125,0.5,3.25,2.937760164,1.351351351,2.324813684,5.2,0.447079555,0.666666667,0.631725414,2.026315789,1.030919919
Rhynie_lumped,65,65,both,no,2,37,104,2.810810811,0.078078078,0.314285714,0.027027027,0.125,0.541666667,4.333333333,3.509820591,1.351351351,2.286568797,4.630434783,0.49381298,0.625,0.682022841,1.841509434,0.757146248
Rhynie_lumped,66,66,both,no,2,37,73,1.972972973,0.054804805,0.314285714,0.108108108,0.125,0.416666667,3.041666667,2.293263607,1.432432432,2.330805511,5,0.466161102,0.666666667,0.696656744,1.957317073,0.999083075
Rhynie_lumped,67,67,both,no,2,37,68,1.837837838,0.051051051,0.314285714,0.216216216,0.166666667,0.541666667,2.833333333,3.059790653,1.486486486,2.459142965,5.857142857,0.419853677,0.583333333,0.83456666,2.191860465,1.191265985
Rhynie_lumped,68,68,both,no,2,37,87,2.351351351,0.065315315,0.314285714,0.108108108,0.166666667,0.583333333,3.625,3.372684391,1.378378378,2.318469292,4.24137931,0.546630971,0.458333333,0.739113843,1.835616438,0.742183092
Rhynie_lumped,69,69,both,no,2,37,101,2.72972973,0.075825826,0.314285714,0,0.083333333,0.458333333,4.208333333,3.501293757,1.351351351,2.292732701,4.5,0.509496156,0.666666667,0.692345081,1.848484848,0.744917874
Rhynie_lumped,7,7,both,no,2,37,93,2.513513514,0.06981982,0.314285714,0.108108108,0.166666667,0.5,3.875,3.138990422,1.297297297,2.330813311,5.4,0.431632095,0.708333333,0.712245764,1.918699187,0.858032833
Rhynie_lumped,70,70,both,no,2,37,71,1.918918919,0.053303303,0.314285714,0.108108108,0.208333333,0.625,2.958333333,3.113493308,1.324324324,2.161037641,4.536585366,0.47635776,0.416666667,0.803356936,1.878787879,0.881986939
Rhynie_lumped,71,71,both,no,2,37,70,1.891891892,0.052552553,0.314285714,0.081081081,0.166666667,0.5,2.916666667,2.22469669,1.405405405,2.358924034,5.055555556,0.466600358,0.583333333,0.70215156,1.983425414,0.90354326
Rhynie_lumped,72,72,both,no,2,37,80,2.162162162,0.06006006,0.314285714,0.054054054,0.125,0.5,3.333333333,2.884240035,1.243243243,2.225678601,4.909090909,0.453378974,0.583333333,0.802598554,1.917098446,0.874027957
Rhynie_lumped,73,73,both,no,2,37,89,2.405405405,0.066816817,0.314285714,0.027027027,0.25,0.458333333,3.708333333,3.16885889,1.459459459,2.400564534,4.787234043,0.501451258,0.666666667,0.787385793,1.967741935,0.833853392
Rhynie_lumped,74,74,both,no,2,37,72,1.945945946,0.054054054,0.314285714,0.135135135,0.166666667,0.541666667,3,2.813013238,1.297297297,2.221399541,4.681818182,0.474473688,0.541666667,0.625176967,1.765432099,0.735465458
Rhynie_lumped,75,75,both,no,2,37,87,2.351351351,0.065315315,0.314285714,0.081081081,0.208333333,0.5,3.625,3.831363703,1.351351351,2.273033552,4.551020408,0.499455803,0.541666667,0.861969664,1.757062147,0.792556538
Rhynie_lumped,76,76,both,no,2,37,82,2.216216216,0.061561562,0.314285714,0.108108108,0.041666667,0.541666667,3.416666667,2.263446135,1.486486486,2.403254707,5.3,0.453444284,0.75,0.759222626,2.073059361,1.033456502
Rhynie_lumped,77,77,both,no,2,37,70,1.891891892,0.052552553,0.314285714,0.054054054,0.083333333,0.458333333,2.916666667,2.412227307,1.621621622,2.447125601,4.916666667,0.497720461,0.875,0.744237879,2.12,0.958421321
Rhynie_lumped,78,78,both,no,2,37,99,2.675675676,0.074324324,0.314285714,0.054054054,0.25,0.5,4.125,4.266273193,1.486486486,2.367966282,4.47826087,0.52876917,0.583333333,0.812452936,1.879844961,0.787240647
Rhynie_lumped,79,79,both,no,2,37,115,3.108108108,0.086336336,0.314285714,0,0.166666667,0.416666667,4.791666667,4.252663275,1.459459459,2.313833477,4.216216216,0.548793837,0.75,0.765516394,1.746153846,0.727947752
Rhynie_lumped,8,8,both,no,2,37,68,1.837837838,0.051051051,0.314285714,0.162162162,0.125,0.541666667,2.833333333,2.664854457,1.459459459,2.368512912,6,0.394752152,0.416666667,0.766205005,1.987951807,1.008977591
Rhynie_lumped,80,80,both,no,2,37,79,2.135135135,0.059309309,0.314285714,0.054054054,0.25,0.541666667,3.291666667,3.432316579,1.243243243,2.144089861,4.090909091,0.524110855,0.458333333,0.652159066,1.766169154,0.692856227
Rhynie_lumped,81,81,both,no,2,37,66,1.783783784,0.04954955,0.314285714,0.135135135,0.125,0.625,2.75,2.908009928,1.27027027,2.294052494,5,0.458810499,0.458333333,0.81679115,2.011904762,0.915522136
Rhynie_lumped,82,82,both,no,2,37,88,2.378378378,0.066066066,0.314285714,0.081081081,0.125,0.541666667,3.666666667,3.13003218,1.513513514,2.480006551,4.75,0.522106642,0.625,0.812162597,2.08778626,0.911780953
Rhynie_lumped,83,83,both,no,2,37,59,1.594594595,0.044294294,0.314285714,0.162162162,0.25,0.5,2.458333333,2.042572263,1.405405405,2.396656668,5.666666667,0.422939412,0.583333333,0.735068663,2.260273973,1.03197589
Rhynie_lumped,84,84,both,no,2,37,99,2.675675676,0.074324324,0.314285714,0.081081081,0.208333333,0.416666667,4.125,3.274572657,1.405405405,2.278085778,4.352941176,0.52334403,0.708333333,0.649032987,1.825910931,0.795092085
Rhynie_lumped,85,85,both,no,2,37,76,2.054054054,0.057057057,0.314285714,0.162162162,0.166666667,0.583333333,3.166666667,3.073967365,1.351351351,2.398900815,5.7,0.420859792,0.458333333,0.675986295,2.154929577,1.111448409
Rhynie_lumped,86,86,both,no,2,37,106,2.864864865,0.07957958,0.314285714,0.027027027,0.125,0.5,4.416666667,4.20058657,1.189189189,2.257171204,4.818181818,0.468469495,0.625,0.841356533,1.813278008,0.818019739
Rhynie_lumped,87,87,both,no,2,37,70,1.891891892,0.052552553,0.314285714,0.108108108,0.375,0.541666667,2.916666667,2.733315659,1.162162162,2.153254021,4.534883721,0.474820117,0.333333333,0.626044402,1.833333333,0.745571382
Rhynie_lumped,88,88,both,no,2,37,109,2.945945946,0.081831832,0.314285714,0,0.291666667,0.5,4.541666667,4.128155359,1.297297297,2.191558539,4.416666667,0.496201933,0.5,0.733515524,1.718487395,0.717880893
Rhynie_lumped,89,89,both,no,2,37,114,3.081081081,0.085585586,0.314285714,0,0.125,0.458333333,4.75,3.662382214,1.351351351,2.36323067,4.323076923,0.546654781,0.791666667,0.729279281,1.730337079,0.684369722
Rhynie_lumped,9,9,both,no,2,37,61,1.648648649,0.045795796,0.314285714,0.27027027,0.333333333,0.541666667,2.541666667,2.466808652,1.351351351,2.221541647,4.470588235,0.49692379,0.416666667,0.76894676,1.874172185,0.810799077
Rhynie_lumped,90,90,both,no,2,37,69,1.864864865,0.051801802,0.314285714,0.189189189,0.291666667,0.458333333,2.875,2.524876235,1.297297297,2.153172014,4.413793103,0.487828035,0.416666667,0.77496053,1.763513514,0.79420937
Rhynie_lumped,91,91,both,no,2,37,79,2.135135135,0.059309309,0.314285714,0.081081081,0.125,0.583333333,3.291666667,2.694263902,1.540540541,2.481578564,5,0.496315713,0.583333333,0.774150889,1.966183575,0.87789268
Rhynie_lumped,92,92,both,no,2,37,88,2.378378378,0.066066066,0.314285714,0.135135135,0.291666667,0.416666667,3.666666667,3.39650289,1.324324324,2.2326942,4.461538462,0.500431459,0.666666667,0.704492352,1.790243902,0.779581612
Rhynie_lumped,93,93,both,no,2,37,73,1.972972973,0.054804805,0.314285714,0.054054054,0.25,0.458333333,3.041666667,3.071314216,1.351351351,2.250820573,5,0.450164115,0.458333333,0.834433076,2.170616114,1.032467732
Rhynie_lumped,94,94,both,no,2,37,114,3.081081081,0.085585586,0.314285714,0,0.125,0.5,4.75,3.858925284,1.27027027,2.270759208,4.647058824,0.488644387,0.583333333,0.782772612,1.821428571,0.764516453
Rhynie_lumped,95,95,both,no,2,37,119,3.216216216,0.089339339,0.314285714,0,0.208333333,0.458333333,4.958333333,3.961545226,1.324324324,2.359444845,4.705882353,0.501382029,0.625,0.821677007,1.884735202,0.767982752
Rhynie_lumped,96,96,both,no,2,37,90,2.432432432,0.067567568,0.314285714,0.108108108,0.125,0.541666667,3.75,2.952522871,1.27027027,2.24239493,4.3125,0.519975636,0.666666667,0.665297336,1.732057416,0.682878577
Rhynie_lumped,97,97,both,no,2,37,98,2.648648649,0.073573574,0.314285714,0.108108108,0.125,0.458333333,4.083333333,3.693904105,1.351351351,2.270220726,5,0.454044145,0.708333333,0.577857678,1.820512821,0.829865128
Rhynie_lumped,98,98,both,no,2,37,90,2.432432432,0.067567568,0.314285714,0.162162162,0.166666667,0.5,3.75,3.300197623,1.540540541,2.449723011,5.090909091,0.481195592,0.666666667,0.663103284,2.066420664,0.967632521
Rhynie_lumped,99,99,both,no,2,37,67,1.810810811,0.0503003,0.314285714,0.189189189,0.208333333,0.583333333,2.791666667,2.858688764,1.351351351,2.234568373,4.5,0.49657075,0.5,0.612302144,1.971153846,0.785825278
Rhynie_TS,1,1,both,no,2,82,267,3.256097561,0.040198735,0.275,0.073170732,0.568965517,0.24137931,4.603448276,5.001542412,1.256097561,2.220763329,5.818181818,0.381693697,0.344827586,0.536014774,2.244019139,1.141603083
Rhynie_TS,10,10,both,no,2,79,200,2.53164557,0.032456994,0.298701299,0.075949367,0.574074074,0.277777778,3.703703704,4.24543986,1.101265823,2.061928549,5.1875,0.397480202,0.259259259,0.431241786,2.044293015,0.955358859
Rhynie_TS,100,100,both,no,2,84,299,3.55952381,0.042885829,0.243902439,0.023809524,0.596774194,0.209677419,4.822580645,6.686232965,1.357142857,2.150524405,4.492307692,0.478712624,0.35483871,0.605218681,1.888127854,0.824646438
Rhynie_TS,11,11,both,no,2,75,179,2.386666667,0.032252252,0.260273973,0.066666667,0.592592593,0.277777778,3.314814815,4.124588369,1.226666667,2.192129821,5.416666667,0.40470089,0.277777778,0.562712408,2.212727273,1.047254115
Rhynie_TS,12,12,both,no,2,83,244,2.939759036,0.03585072,0.271604938,0.060240964,0.593220339,0.254237288,4.13559322,4.91113312,1.265060241,2.171978569,4.939393939,0.439725723,0.271186441,0.678673571,2.157635468,0.985607063
Rhynie_TS,13,13,both,no,2,77,194,2.519480519,0.033151059,0.28,0.155844156,0.648148148,0.259259259,3.592592593,3.141436509,1.064935065,2.064021002,4.797297297,0.430246631,0.240740741,0.447527128,1.871035941,0.874707206
Rhynie_TS,14,14,both,no,2,82,271,3.304878049,0.040800964,0.3,0.036585366,0.607142857,0.25,4.839285714,5.999323555,1.158536585,2.106095673,4.875,0.432019625,0.303571429,0.590456503,2.077764277,0.93526678
Rhynie_TS,15,15,both,no,2,82,291,3.548780488,0.043812105,0.2375,0.036585366,0.573770492,0.262295082,4.770491803,4.436189967,1.243902439,2.208365641,4.666666667,0.473221209,0.327868852,0.666570904,1.987058824,0.872871901
Rhynie_TS,16,16,both,no,2,84,196,2.333333333,0.02811245,0.292682927,0.178571429,0.637931034,0.24137931,3.379310345,3.071245168,1.130952381,2.040991222,4.960784314,0.411425108,0.24137931,0.525941847,2.047151277,1.022260473
Rhynie_TS,17,17,both,no,2,80,257,3.2125,0.040664557,0.269230769,0.075,0.561403509,0.263157895,4.50877193,4.448606552,1.3125,2.140545324,4.416666667,0.484651771,0.298245614,0.769437097,2.094466937,1.035444358
Rhynie_TS,18,18,both,no,2,86,257,2.988372093,0.035157319,0.261904762,0.069767442,0.629032258,0.274193548,4.14516129,5.682434177,1.081395349,2.052501876,4.9,0.418877934,0.193548387,0.460964133,1.9625,0.947032264
Rhynie_TS,19,19,both,no,2,82,224,2.731707317,0.033724782,0.2625,0.109756098,0.627118644,0.254237288,3.796610169,4.338201045,1.195121951,2.170873415,5.666666667,0.383095309,0.254237288,0.677872426,2.202229299,1.110567537
Rhynie_TS,2,2,both,no,2,79,260,3.291139241,0.042194093,0.272727273,0.050632911,0.571428571,0.25,4.642857143,6.436906573,1.101265823,2.097781901,4.620689655,0.453997576,0.321428571,0.602856067,1.836065574,0.768762538
Rhynie_TS,20,20,both,no,2,84,218,2.595238095,0.031267929,0.280487805,0.154761905,0.644067797,0.220338983,3.694915254,5.11001126,1.154761905,2.099195713,5.9,0.355795884,0.237288136,0.509448581,2.075174825,1.097495543
Rhynie_TS,21,21,both,no,2,80,250,3.125,0.039556962,0.282051282,0.0875,0.589285714,0.232142857,4.464285714,5.883611401,1.1125,2.090188006,5.166666667,0.404552517,0.339285714,0.562660848,1.914074074,0.885940544
Rhynie_TS,22,22,both,no,2,81,287,3.543209877,0.044290123,0.253164557,0.061728395,0.593220339,0.254237288,4.86440678,6.973985224,1.308641975,2.234475181,5.247311828,0.42583236,0.305084746,0.665845982,2.1863581,1.086775949
Rhynie_TS,23,23,both,no,2,80,254,3.175,0.040189873,0.320512821,0.05,0.566037736,0.283018868,4.79245283,7.182667414,1.1875,2.140530817,5.38028169,0.397847351,0.301886792,0.689470843,2.212025316,0.975076371
Rhynie_TS,24,24,both,no,2,78,224,2.871794872,0.037296037,0.276315789,0.115384615,0.6,0.236363636,4.072727273,5.131076508,1.076923077,2.054624606,4.857142857,0.423010948,0.236363636,0.431722849,1.67167382,0.728477709
Rhynie_TS,25,25,both,no,2,78,207,2.653846154,0.034465534,0.263157895,0.141025641,0.553571429,0.25,3.696428571,3.6076668,1.282051282,2.21887765,5.5,0.4034323,0.339285714,0.674149077,2.137323944,1.086463717
Rhynie_TS,26,26,both,no,2,78,213,2.730769231,0.035464535,0.25,0.102564103,0.561403509,0.280701754,3.736842105,3.686492312,1.346153846,2.255139968,5.277777778,0.427289678,0.298245614,0.739865158,2.152592593,1.058582953
Rhynie_TS,27,27,both,no,2,82,277,3.37804878,0.041704306,0.275,0.048780488,0.551724138,0.224137931,4.775862069,5.204731665,1.182926829,2.114825727,4.5,0.469961273,0.344827586,0.663266961,1.829499323,0.753057827
Rhynie_TS,28,28,both,no,2,80,228,2.85,0.036075949,0.282051282,0.0875,0.553571429,0.267857143,4.071428571,4.422492686,1.1875,2.159077685,5.318181818,0.405980419,0.357142857,0.605603523,2.040247678,0.960421064
Rhynie_TS,29,29,both,no,2,75,165,2.2,0.02972973,0.273972603,0.213333333,0.566037736,0.339622642,3.113207547,2.832913541,1.253333333,2.258770526,6.666666667,0.338815579,0.245283019,0.75162721,2.002949853,1.19044153
Rhynie_TS,3,3,both,no,2,85,251,2.952941176,0.035154062,0.265060241,0.047058824,0.606557377,0.229508197,4.114754098,5.747748431,1.211764706,2.161161192,4.882352941,0.442647473,0.295081967,0.642798862,1.960665658,0.876440206
Rhynie_TS,30,30,both,no,2,84,305,3.630952381,0.043746414,0.268292683,0.047619048,0.566666667,0.25,5.083333333,6.51020494,1.154761905,2.140757917,4.35,0.492128257,0.333333333,0.59413882,1.68640646,0.629393137
Rhynie_TS,31,31,both,no,2,85,272,3.2,0.038095238,0.277108434,0.070588235,0.566666667,0.25,4.533333333,4.753113758,1.258823529,2.180884831,4.710526316,0.462981137,0.35,0.629028616,1.985468956,0.879544253
Rhynie_TS,32,32,both,no,2,81,254,3.135802469,0.039197531,0.240506329,0.12345679,0.633333333,0.233333333,4.233333333,4.208009581,1.172839506,2.190236139,5.416666667,0.404351287,0.266666667,0.541169249,2.141085271,1.14082979
Rhynie_TS,33,33,both,no,2,81,223,2.75308642,0.03441358,0.278481013,0.086419753,0.578947368,0.263157895,3.912280702,3.43449259,1.209876543,2.193954573,5.444444444,0.402971248,0.280701754,0.73129981,2.073800738,1.080021882
Rhynie_TS,34,34,both,no,2,84,201,2.392857143,0.028829604,0.268292683,0.119047619,0.65,0.233333333,3.35,3.245988398,1.178571429,2.125824838,6.384615385,0.332960517,0.283333333,0.519731138,2.412151067,1.397571956
Rhynie_TS,35,35,both,no,2,80,269,3.3625,0.042563291,0.269230769,0.0375,0.578947368,0.245614035,4.719298246,6.734119907,1.15,2.121933584,4.642857143,0.457031849,0.298245614,0.627407615,1.977025393,0.813448911
Rhynie_TS,36,36,both,no,2,82,207,2.524390244,0.031165312,0.2875,0.12195122,0.578947368,0.280701754,3.631578947,3.287593448,1.182926829,2.100367389,5.043478261,0.416452155,0.298245614,0.56135236,2.165366615,1.032647643
Rhynie_TS,37,37,both,no,2,79,236,2.987341772,0.038299253,0.272727273,0.075949367,0.535714286,0.25,4.214285714,4.421905331,1.202531646,2.157692045,4.940298507,0.436753375,0.321428571,0.714557859,2.025039124,0.959688571
Rhynie_TS,38,38,both,no,2,81,240,2.962962963,0.037037037,0.227848101,0.061728395,0.639344262,0.229508197,3.93442623,5.287938642,1.185185185,2.175394134,4.909090909,0.443135842,0.278688525,0.533450767,1.998569385,0.902875516
Rhynie_TS,39,39,both,no,2,85,236,2.776470588,0.033053221,0.289156627,0.047058824,0.593220339,0.254237288,4,5.330458996,1.058823529,2.064422006,4.875,0.423471181,0.271186441,0.520595258,1.790816327,0.748957718
Rhynie_TS,4,4,both,no,2,82,233,2.841463415,0.035079795,0.2875,0.085365854,0.596491228,0.245614035,4.087719298,4.027941258,1.256097561,2.056883389,4.791044776,0.42931834,0.228070175,0.680097566,2.099688474,1.065425975
Rhynie_TS,40,40,both,no,2,78,214,2.743589744,0.035631036,0.302631579,0.076923077,0.547169811,0.283018868,4.037735849,3.902475862,1.166666667,2.118033793,4.666666667,0.453864384,0.283018868,0.658107991,1.796137339,0.831675401
Rhynie_TS,41,41,both,no,2,77,240,3.116883117,0.04101162,0.293333333,0.038961039,0.547169811,0.264150943,4.528301887,6.801028694,1.194805195,2.14980008,4.4,0.488590927,0.339622642,0.744891843,1.890780142,0.789301755
Rhynie_TS,42,42,both,no,2,83,249,3,0.036585366,0.283950617,0.108433735,0.568965517,0.206896552,4.293103448,3.713458787,1.156626506,2.062026687,4.555555556,0.452640005,0.327586207,0.714585801,1.9376,0.915120841
Rhynie_TS,43,43,both,no,2,78,190,2.435897436,0.031635032,0.25,0.166666667,0.614035088,0.245614035,3.333333333,2.8619008,1.282051282,2.227563844,5.133333333,0.433941008,0.245614035,0.666666754,2.241590214,1.035235838
Rhynie_TS,44,44,both,no,2,82,224,2.731707317,0.033724782,0.2875,0.134146341,0.631578947,0.263157895,3.929824561,4.511333542,1.195121951,2.091503382,4.952380952,0.422322798,0.210526316,0.665420344,2.049152542,0.99708793
Rhynie_TS,45,45,both,no,2,75,216,2.88,0.038918919,0.260273973,0.093333333,0.574074074,0.240740741,4,5.305746262,1.08,2.090589303,4.421052632,0.47287139,0.277777778,0.583150412,1.778827977,0.719220529
Rhynie_TS,46,46,both,no,2,77,164,2.12987013,0.028024607,0.266666667,0.168831169,0.581818182,0.272727273,2.981818182,2.697673271,1.220779221,2.241274735,5.828571429,0.38453243,0.290909091,0.615536425,2.368,1.218007835
Rhynie_TS,47,47,both,no,2,81,220,2.716049383,0.033950617,0.240506329,0.160493827,0.616666667,0.216666667,3.666666667,3.255590585,1.259259259,2.149431795,4.724137931,0.454989212,0.266666667,0.567779514,2.102479339,1.019386812
Rhynie_TS,48,48,both,no,2,83,266,3.204819277,0.039083162,0.283950617,0.060240964,0.603448276,0.24137931,4.586206897,5.521995834,1.204819277,2.102028306,4.347222222,0.483533668,0.310344828,0.631383049,1.948842875,0.802322392
Rhynie_TS,49,49,both,no,2,79,226,2.860759494,0.036676404,0.298701299,0.126582278,0.555555556,0.277777778,4.185185185,3.89520302,1.151898734,2.125231219,5.3,0.400987022,0.314814815,0.71639407,1.836477987,0.931752306
Rhynie_TS,5,5,both,no,2,79,199,2.518987342,0.03229471,0.246753247,0.126582278,0.620689655,0.24137931,3.431034483,3.737491742,1.215189873,2.159637043,5.388888889,0.400757389,0.310344828,0.545523761,2.048473968,0.951797998
Rhynie_TS,50,50,both,no,2,80,224,2.8,0.035443038,0.269230769,0.1375,0.596491228,0.263157895,3.929824561,5.178456917,1.0875,2.072435275,4.558823529,0.454598705,0.228070175,0.51500625,1.969804618,0.905191314
Rhynie_TS,51,51,both,no,2,75,217,2.893333333,0.039099099,0.273972603,0.12,0.547169811,0.283018868,4.094339623,3.996460698,1.12,2.113500866,4.411764706,0.479060196,0.264150943,0.609127528,1.922010399,0.849315971
Rhynie_TS,52,52,both,no,2,79,233,2.949367089,0.037812399,0.298701299,0.101265823,0.592592593,0.259259259,4.314814815,4.321181154,1.075949367,2.068124458,4.25,0.486617519,0.277777778,0.608102601,1.762393162,0.694859611
Rhynie_TS,53,53,both,no,2,80,258,3.225,0.040822785,0.294871795,0.0875,0.527272727,0.290909091,4.690909091,4.775992149,1.4625,2.19245244,5.105263158,0.429449447,0.363636364,0.616663224,2.14321608,1.087188612
Rhynie_TS,54,54,both,no,2,83,213,2.56626506,0.031295915,0.296296296,0.060240964,0.578947368,0.263157895,3.736842105,4.159869142,1.13253012,2.039509969,5,0.407901994,0.280701754,0.542780364,2.171568627,1.092292065
Rhynie_TS,55,55,both,no,2,76,171,2.25,0.03,0.256756757,0.171052632,0.654545455,0.290909091,3.109090909,3.348148893,1.144736842,2.099864613,4.918918919,0.426895553,0.181818182,0.515181474,1.993449782,0.917827743
Rhynie_TS,56,56,both,no,2,81,255,3.148148148,0.039351852,0.291139241,0.074074074,0.642857143,0.25,4.553571429,5.52323898,1.098765432,2.083003621,5.322580645,0.391352195,0.232142857,0.604562152,2.147098516,1.064771427
Rhynie_TS,57,57,both,no,2,80,174,2.175,0.027531646,0.282051282,0.1875,0.589285714,0.214285714,3.107142857,2.976749731,1.2875,2.133720308,4.777777778,0.446592623,0.321428571,0.636119625,2.020833333,0.969031614
Rhynie_TS,58,58,both,no,2,83,223,2.686746988,0.032765207,0.296296296,0.036144578,0.578947368,0.280701754,3.912280702,4.080794311,1.120481928,2.129672508,5.351351351,0.397969105,0.280701754,0.640327138,2.018487395,0.945302615
Rhynie_TS,59,59,both,no,2,77,190,2.467532468,0.032467532,0.293333333,0.116883117,0.566037736,0.245283019,3.58490566,3.733599842,1.168831169,2.115962487,4.8,0.440825518,0.339622642,0.56253059,2.014613779,0.994648551
Rhynie_TS,6,6,both,no,2,80,235,2.9375,0.037183544,0.320512821,0.05,0.58490566,0.245283019,4.433962264,6.555999701,1.15,2.071085629,4.973684211,0.416408751,0.320754717,0.68668929,2.057256991,0.897803207
Rhynie_TS,60,60,both,no,2,75,239,3.186666667,0.043063063,0.260273973,0.093333333,0.592592593,0.277777778,4.425925926,5.685472556,1.213333333,2.179245633,5.041666667,0.432247068,0.259259259,0.618323889,1.958813839,0.920942932
Rhynie_TS,61,61,both,no,2,82,221,2.695121951,0.033273111,0.275,0.085365854,0.603448276,0.275862069,3.810344828,4.684640437,1.231707317,2.217353374,5,0.443470675,0.25862069,0.668594545,2.392390012,1.096808843
Rhynie_TS,62,62,both,no,2,79,212,2.683544304,0.034404414,0.272727273,0.113924051,0.571428571,0.267857143,3.785714286,4.351444006,1.164556962,2.117584441,4.666666667,0.453768094,0.303571429,0.65298153,1.938610662,0.818146936
Rhynie_TS,63,63,both,no,2,78,216,2.769230769,0.035964036,0.289473684,0.076923077,0.537037037,0.333333333,4,5.66352114,1.128205128,2.146736876,4.769230769,0.450122248,0.259259259,0.618649537,2.032659409,0.891561471
Rhynie_TS,64,64,both,no,2,78,233,2.987179487,0.038794539,0.276315789,0.153846154,0.563636364,0.272727273,4.236363636,4.814959853,1.525641026,2.223130867,5.333333333,0.416837038,0.309090909,0.733100805,2.125340599,1.08723755
Rhynie_TS,65,65,both,no,2,79,238,3.012658228,0.038623823,0.246753247,0.126582278,0.603448276,0.24137931,4.103448276,4.726519639,1.202531646,2.167428461,5.25,0.412843516,0.293103448,0.533667921,1.92970123,0.931820165
Rhynie_TS,66,66,both,no,2,85,245,2.882352941,0.034313725,0.301204819,0.047058824,0.586206897,0.206896552,4.224137931,5.068108417,1.211764706,2.105905663,4.9,0.429776666,0.362068966,0.666392494,2.019099591,0.889935073
Rhynie_TS,67,67,both,no,2,85,247,2.905882353,0.034593838,0.277108434,0.117647059,0.616666667,0.25,4.116666667,5.171930979,1.247058824,2.164014966,6.568181818,0.329469407,0.266666667,0.720298542,2.391139241,1.365953
Rhynie_TS,68,68,both,no,2,78,196,2.512820513,0.032634033,0.276315789,0.102564103,0.581818182,0.236363636,3.563636364,4.798779306,1.076923077,2.055445275,5,0.411089055,0.236363636,0.565938307,1.512738854,0.697895157
Rhynie_TS,69,69,both,no,2,76,167,2.197368421,0.029298246,0.256756757,0.184210526,0.563636364,0.309090909,3.036363636,3.333131307,1.223684211,2.169297459,5.033333333,0.43098625,0.254545455,0.638054555,2.141975309,1.014537327
Rhynie_TS,7,7,both,no,2,80,185,2.3125,0.029272152,0.282051282,0.1875,0.607142857,0.267857143,3.303571429,3.241322081,1.15,2.093277082,5.166666667,0.405150403,0.25,0.50669782,1.952286282,0.861822944
Rhynie_TS,70,70,both,no,2,79,191,2.417721519,0.03099643,0.272727273,0.151898734,0.571428571,0.267857143,3.410714286,4.088906436,1.316455696,2.200802607,6.294117647,0.349660227,0.267857143,0.751015339,2.371727749,1.299422942
Rhynie_TS,71,71,both,no,2,81,201,2.481481481,0.031018519,0.265822785,0.197530864,0.551724138,0.310344828,3.465517241,3.196574467,1.419753086,2.275843572,5.156862745,0.441323278,0.275862069,0.704283679,2.23427673,1.067849976
Rhynie_TS,72,72,both,no,2,81,207,2.555555556,0.031944444,0.265822785,0.111111111,0.568965517,0.24137931,3.568965517,4.739205903,1.172839506,2.155455056,4.785714286,0.450393594,0.310344828,0.648131549,2.012658228,0.97886302
Rhynie_TS,73,73,both,no,2,78,215,2.756410256,0.035797536,0.289473684,0.102564103,0.574074074,0.277777778,3.981481481,5.148697365,1.128205128,2.145194258,5,0.429038852,0.296296296,0.559394288,2,0.957020298
Rhynie_TS,74,74,both,no,2,85,295,3.470588235,0.041316527,0.265060241,0.047058824,0.606557377,0.213114754,4.836065574,6.671282555,1.247058824,2.158768945,4.743589744,0.455091832,0.31147541,0.722538759,2.058563536,0.919248522
Rhynie_TS,75,75,both,no,2,77,197,2.558441558,0.033663705,0.266666667,0.168831169,0.6,0.309090909,3.581818182,3.386743815,1.207792208,2.121706327,5,0.424341265,0.181818182,0.510361849,2.060784314,1.019568542
Rhynie_TS,76,76,both,no,2,76,150,1.973684211,0.026315789,0.256756757,0.289473684,0.6,0.327272727,2.727272727,2.313043093,1.105263158,2.093787458,4.733333333,0.442349463,0.2,0.47698043,1.776119403,0.968738251
Rhynie_TS,77,77,both,no,2,81,219,2.703703704,0.033796296,0.265822785,0.111111111,0.586206897,0.24137931,3.775862069,3.250063986,1.222222222,2.142302608,4.727272727,0.453179398,0.327586207,0.583133927,2.04173913,1.006077578
Rhynie_TS,78,78,both,no,2,88,284,3.227272727,0.037095089,0.279069767,0.068181818,0.580645161,0.241935484,4.580645161,6.273933551,1.011363636,1.97104514,4.212765957,0.467874351,0.241935484,0.590915244,1.909732017,0.881561635
Rhynie_TS,79,79,both,no,2,74,195,2.635135135,0.036097742,0.277777778,0.054054054,0.538461538,0.269230769,3.75,5.697866818,1.054054054,2.07355888,4.177777778,0.496330583,0.25,0.606429418,1.757437071,0.76369504
Rhynie_TS,8,8,both,no,2,86,294,3.418604651,0.040218878,0.297619048,0.081395349,0.610169492,0.237288136,4.983050847,7.505151163,1.058139535,2.037305208,4.5,0.452734491,0.288135593,0.537534525,1.745072273,0.68108275
Rhynie_TS,80,80,both,no,2,77,217,2.818181818,0.03708134,0.28,0.116883117,0.555555556,0.277777778,4.018518519,4.141327564,1.194805195,2.167818291,4.5,0.481737398,0.277777778,0.75532802,1.99222395,0.861933926
Rhynie_TS,81,81,both,no,2,83,205,2.469879518,0.030120482,0.296296296,0.168674699,0.578947368,0.280701754,3.596491228,3.644269715,1.108433735,2.06266015,4.621621622,0.446306582,0.280701754,0.477904672,1.925087108,0.822649219
Rhynie_TS,82,82,both,no,2,80,247,3.0875,0.039082278,0.243589744,0.0875,0.559322034,0.288135593,4.186440678,6.030024236,1.3,2.249632842,5.720930233,0.393228505,0.271186441,0.692898721,2.314685315,1.198518614
Rhynie_TS,83,83,both,no,2,82,218,2.658536585,0.032821439,0.2875,0.109756098,0.578947368,0.263157895,3.824561404,5.116928512,1.207317073,2.153679531,5.161849711,0.417230189,0.280701754,0.662002037,2.348675035,1.175180505
Rhynie_TS,84,84,both,no,2,80,278,3.475,0.043987342,0.269230769,0.0625,0.561403509,0.280701754,4.877192982,6.732305314,1.225,2.158373673,5.727272727,0.376858895,0.298245614,0.715493075,2.174405436,1.08229493
Rhynie_TS,85,85,both,no,2,80,212,2.65,0.033544304,0.294871795,0.125,0.545454545,0.272727273,3.854545455,3.540339918,1.15,2.10144614,4.578947368,0.458936513,0.309090909,0.645029662,1.837944664,0.806792282
Rhynie_TS,86,86,both,no,2,81,232,2.864197531,0.035802469,0.265822785,0.086419753,0.568965517,0.25862069,4,4.731380867,1.160493827,2.134921652,4.677966102,0.456378179,0.344827586,0.554845657,2.046309696,0.891601791
Rhynie_TS,87,87,both,no,2,85,228,2.682352941,0.031932773,0.240963855,0.070588235,0.587301587,0.238095238,3.619047619,4.411965298,1.176470588,2.146521054,4.9,0.438065521,0.26984127,0.674289586,2.071317829,0.988064942
Rhynie_TS,88,88,both,no,2,82,233,2.841463415,0.035079795,0.2875,0.036585366,0.561403509,0.263157895,4.087719298,6.039396557,1.219512195,2.113048629,4.449541284,0.474891341,0.315789474,0.596918211,2.033457249,0.818593369
Rhynie_TS,89,89,both,no,2,75,215,2.866666667,0.038738739,0.273972603,0.066666667,0.509433962,0.339622642,4.056603774,4.499637141,1.293333333,2.279830469,5.153846154,0.442355166,0.301886792,0.736319093,2.087804878,1.009126543
Rhynie_TS,9,9,both,no,2,82,223,2.719512195,0.033574225,0.2875,0.170731707,0.578947368,0.245614035,3.912280702,3.291117384,1.182926829,2.140442662,4.85,0.441328384,0.333333333,0.619757295,1.998248687,0.970619488
Rhynie_TS,90,90,both,no,2,84,282,3.357142857,0.040447504,0.280487805,0.023809524,0.593220339,0.203389831,4.779661017,7.761682622,1.035714286,2.037231778,4.555555556,0.44719722,0.305084746,0.547480708,1.802052786,0.75118812
Rhynie_TS,91,91,both,no,2,86,238,2.76744186,0.03255814,0.285714286,0.069767442,0.6,0.233333333,3.966666667,5.210701721,1.127906977,2.066027255,4.78125,0.432110276,0.283333333,0.529318005,2.079561043,0.916414312
Rhynie_TS,92,92,both,no,2,81,205,2.530864198,0.031635802,0.278481013,0.135802469,0.578947368,0.263157895,3.596491228,3.239596806,1.209876543,2.142127679,5.888888889,0.36375753,0.245614035,0.608633865,2.310986965,1.425425556
Rhynie_TS,93,93,both,no,2,81,229,2.827160494,0.035339506,0.291139241,0.074074074,0.625,0.25,4.089285714,5.484778228,1.074074074,2.055340588,4.545454545,0.452174929,0.285714286,0.526114112,1.771324864,0.742461426
Rhynie_TS,94,94,both,no,2,83,227,2.734939759,0.033352924,0.320987654,0.108433735,0.6,0.309090909,4.127272727,4.476500557,1.253012048,2.124091155,5.625,0.377616205,0.254545455,0.594425266,2.162629758,1.182419459
Rhynie_TS,95,95,both,no,2,81,234,2.888888889,0.036111111,0.278481013,0.086419753,0.578947368,0.263157895,4.105263158,5.957241124,1.148148148,2.056463121,5.357142857,0.383873116,0.245614035,0.552507375,2.048414023,1.050239655
Rhynie_TS,96,96,both,no,2,81,245,3.024691358,0.037808642,0.291139241,0.049382716,0.535714286,0.232142857,4.375,5.07601311,1.24691358,2.201963539,6.833333333,0.322238567,0.410714286,0.650391445,2.396433471,1.466864192
Rhynie_TS,97,97,both,no,2,80,238,2.975,0.037658228,0.294871795,0.0875,0.563636364,0.309090909,4.327272727,6.076836852,1.175,2.13410186,5.25,0.406495592,0.254545455,0.530610334,2.239185751,1.012679538
Rhynie_TS,98,98,both,no,2,89,287,3.224719101,0.036644535,0.287356322,0.04494382,0.596774194,0.225806452,4.629032258,5.316950534,1.112359551,2.057018243,4.416666667,0.46573998,0.322580645,0.532991424,1.930467762,0.833762045
Rhynie_TS,99,99,both,no,2,80,202,2.525,0.031962025,0.269230769,0.075,0.578947368,0.263157895,3.543859649,3.145689655,1.225,2.201614807,6,0.366935801,0.280701754,0.605639164,2.13592233,1.150609242
EcoWeb_TS,116_pond,116_pond,aqu,no,1,7,15,2.142857143,0.357142857,0,0.142857143,0.333333333,0.333333333,2.5,1.378404875,1.142857143,2.380952381,3.25,0.732600733,0.666666667,0.492872479,1.176470588,0.392952624
EcoWeb_TS,123_shortgrassprairie,123_shortgrassprairie,ter,yes,0,106,379,3.575471698,0.034052111,0.660377358,0.198113208,0.583333333,0,10.52777778,4.462453592,0.547169811,1.499026125,3.554216867,0.421759893,0.416666667,0.506530222,1.662679426,0.673604655
EcoWeb_TS,138_treeholesengland,138_treeholesengland,aqu,no,3,7,5,0.714285714,0.119047619,0,0.571428571,1,0,1.25,0.5,0.571428571,1.571428571,2,0.785714286,0,0,1,0
EcoWeb_TS,139_treeholesaustralia,139_treeholesaustralia,aqu,no,3,11,19,1.727272727,0.172727273,0,0,0.375,0.625,2.375,1.767766953,1.454545455,2.392207792,4,0.598051948,0.25,0.590464063,1.611111111,0.728119997
EcoWeb_TS,143_stumpholesalabama,143_stumpholesalabama,aqu,no,3,8,8,1,0.142857143,0,0.25,0.8,0.2,1.6,0.894427191,0.75,1.8,3.4,0.529411765,0.2,0.433424899,1.222222222,0.440958552
EcoWeb_TS,144_treeholesgermany,144_treeholesgermany,aqu,no,3,7,5,0.714285714,0.119047619,0,0.571428571,1,0,1.25,0.5,0.571428571,1.571428571,2,0.785714286,0,0,1,0
EcoWeb_TS,151_youngpines,151_youngpines,ter,no,1,11,12,1.090909091,0.109090909,0.1,0.272727273,0.444444444,0.555555556,1.333333333,1,1.363636364,2.409090909,4,0.602272727,0.111111111,0.334278962,1.64,0.7
EcoWeb_TS,152_mistletoe,152_mistletoe,ter,no,0,14,17,1.214285714,0.093406593,0.071428571,0.5,0.076923077,0.846153846,1.307692308,0.630425172,2.142857143,3.214285714,4,0.803571429,0,0.5,1.657142857,0.725293334
EcoWeb_TS,180_rottingoak1yr,180_rottingoak1yr,ter,no,1,21,29,1.380952381,0.069047619,0.05,0.380952381,0.157894737,0.736842105,1.526315789,1.073334423,1.904761905,2.93968254,4.5,0.653262787,0.263157895,0.532509113,1.753846154,0.750640752
EcoWeb_TS,181_rottingoak3yr,181_rottingoak3yr,ter,no,1,21,26,1.238095238,0.061904762,0.1,0.428571429,0.277777778,0.555555556,1.444444444,0.783823376,1.428571429,2.511904762,4,0.62797619,0.277777778,0.3264023,1.454545455,0.588831932
EcoWeb_TS,182_rottingpine1yr,182_rottingpine1yr,ter,no,2,36,51,1.416666667,0.04047619,0.029411765,0.416666667,0.363636364,0.606060606,1.545454545,1.120572094,1.694444444,2.659920635,4,0.664980159,0.181818182,0.325771887,1.606060606,0.697198209
EcoWeb_TS,183_rottingpine3yr,183_rottingpine3yr,ter,no,1,13,15,1.153846154,0.096153846,0,0.538461538,0.25,0.5,1.25,0.452267017,1.461538462,2.576923077,4,0.644230769,0.25,0.371611676,1.416666667,0.583592075
EcoWeb_TS,203_thermalspringyellowstone,203_thermalspringyellowstone,both,yes,0,10,16,1.6,0.177777778,0.1,0.4,0.555555556,0.444444444,1.777777778,0.971825316,1.3,2.3,3,0.766666667,0,0,1.2,0.410391341
EcoWeb_TS,22_bearisland,22_bearisland,both,yes,0,28,59,2.107142857,0.078042328,0.214285714,0.214285714,0.454545455,0.181818182,2.681818182,2.079064891,1.25,2.194855442,3.714285714,0.590922619,0.5,0.544205886,1.561403509,0.638514422
EcoWeb_TS,27_wythamwood,27_wythamwood,ter,yes,1,22,39,1.772727273,0.084415584,0.142857143,0.272727273,0.333333333,0.5,2.166666667,1.504893977,1.545454545,2.504545455,4,0.626136364,0.388888889,0.418793492,1.597560976,0.625778648
EcoWeb_TS,35_morganscreek,35_morganscreek,aqu,yes,1,13,36,2.769230769,0.230769231,0.083333333,0.384615385,0.363636364,0.363636364,3.272727273,1.272077756,1.307692308,2.377899878,3.25,0.731661501,0.545454545,0.411425239,1.307692308,0.466041382
EcoWeb_TS,39_lakenyasa,39_lakenyasa,aqu,yes,1,33,70,2.121212121,0.066287879,0.125,0.484848485,0.5,0.25,2.5,2.333333333,1.272727273,2.243939394,4,0.560984848,0.285714286,0.385532892,1.309278351,0.527589344
EcoWeb_TS,45_conespring,45_conespring,aqu,no,1,10,17,1.7,0.188888889,0,0.4,0.555555556,0.333333333,1.888888889,1.166666667,1.2,2.266666667,3,0.755555556,0.111111111,0.260404411,1.15,0.366347549
EcoWeb_TS,58_sphagnumbog,58_sphagnumbog,both,yes,2,17,21,1.235294118,0.077205882,0.133333333,0.235294118,0.307692308,0.538461538,1.615384615,0.767947648,1.705882353,2.665686275,5.25,0.507749767,0.384615385,0.694980111,2.230769231,1.156087567
EcoWeb_TS,61_spitsbergenbarren,61_spitsbergenbarren,ter,yes,1,8,10,1.25,0.178571429,0.142857143,0.375,0.5,0.333333333,1.666666667,1.032795559,1,2.166666667,3.333333333,0.65,0.166666667,0.544331054,1.230769231,0.43852901
EcoWeb_TS,84_temppond,84_temppond,aqu,yes,1,12,23,1.916666667,0.174242424,0.090909091,0.166666667,0.3,0.7,2.3,1.159501809,1.583333333,2.706051587,4,0.676512897,0.4,0.557093418,1.612244898,0.639541715
EcoWeb_TS,92_highhimalayas,92_highhimalayas,ter,yes,2,18,18,1,0.058823529,0.0625,0.444444444,0.533333333,0.466666667,1.2,0.414039336,1.333333333,2.333333333,4,0.583333333,0,0,1.407407407,0.636049058
EcoWeb_TS,98_sanddunesnamib,98_sanddunesnamib,ter,yes,2,17,39,2.294117647,0.143382353,0.133333333,0.176470588,0.384615385,0.461538462,3,2.041241452,1.411764706,2.485294118,4.25,0.584775087,0.384615385,0.59291817,1.62962963,0.679051626
DigelSoil_TS,AEW1,AEW1,ter,no,2,103,1668,16.19417476,0.158766419,0.03960396,0.029126214,0.164948454,0.628865979,17.19587629,17.02733047,2.368932039,3.13672348,3.944785276,0.795156963,0.773195876,0.69720676,1.652743653,0.719223808
DigelSoil_TS,AEW11,AEW11,ter,no,2,99,1557,15.72727273,0.160482375,0.041237113,0.01010101,0.139784946,0.655913978,16.74193548,15.66490346,2.777777778,3.202847426,4,0.800711856,0.784946237,0.595272455,1.788389513,0.967717633
DigelSoil_TS,AEW17,AEW17,ter,no,2,127,2576,20.28346457,0.160979878,0.04,0.031496063,0.158333333,0.375,21.46666667,21.78617761,2.62992126,3.166309077,3.946428571,0.802322662,0.766666667,0.690284736,1.841146658,0.96523361
DigelSoil_TS,AEW18,AEW18,ter,no,2,98,1438,14.67346939,0.15127288,0.052083333,0,0.120879121,0.43956044,15.8021978,15.21345879,2.336734694,3.152436807,3.920289855,0.804133603,0.802197802,0.698723503,1.759274303,0.776307281
DigelSoil_TS,AEW2,AEW2,ter,no,2,132,2956,22.39393939,0.170946102,0.030769231,0.007575758,0.150793651,0.642857143,23.46031746,24.09735282,2.772727273,3.212986849,3.993103448,0.804634012,0.76984127,0.655651836,1.87540659,1.08449489
DigelSoil_TS,AEW25,AEW25,ter,no,2,106,1616,15.24528302,0.145193172,0.038461538,0.009433962,0.11,0.67,16.16,15.23334991,2.528301887,3.231056854,4.018867925,0.803971893,0.81,0.625130123,1.750706759,0.818831313
DigelSoil_TS,AEW27,AEW27,ter,no,2,98,1151,11.74489796,0.121081422,0.052083333,0,0.230769231,0.340659341,12.64835165,13.9135215,2.12244898,2.991588817,4.133333333,0.723771488,0.692307692,0.778473204,1.660550459,0.679266506
DigelSoil_TS,AEW3,AEW3,ter,no,2,107,1687,15.76635514,0.148739199,0.038095238,0.009345794,0.207920792,0.574257426,16.7029703,16.44113412,2.046728972,3.09244138,3.961748634,0.780574859,0.742574257,0.692827015,1.589969689,0.587417426
DigelSoil_TS,AEW30,AEW30,ter,no,2,97,1265,13.04123711,0.13584622,0.052631579,0.030927835,0.144444444,0.355555556,14.05555556,14.22006899,2.164948454,3.072372347,3.921052632,0.783558048,0.744444444,0.701675337,1.619408369,0.632762393
DigelSoil_TS,AEW4,AEW4,ter,no,2,109,1681,15.42201835,0.142796466,0.046728972,0.04587156,0.137254902,0.362745098,16.48039216,16.42187046,2.80733945,3.130824118,3.930769231,0.796491459,0.774509804,0.683200963,1.89793604,1.076905648
DigelSoil_TS,AEW49,AEW49,ter,no,2,132,2573,19.49242424,0.148797132,0.030769231,0.007575758,0.198412698,0.595238095,20.42063492,21.67518514,2.128787879,3.190453321,4.232142857,0.753862388,0.73015873,0.724575963,1.607419413,0.609449828
DigelSoil_TS,AEW5,AEW5,ter,no,2,110,1689,15.35454545,0.140867389,0.046296296,0.009090909,0.174757282,0.601941748,16.39805825,17.77326689,2.427272727,3.095797161,3.983783784,0.777099695,0.747572816,0.665762209,1.810486891,0.944667926
DigelSoil_TS,AEW6,AEW6,ter,no,2,105,1530,14.57142857,0.14010989,0.048543689,0.00952381,0.183673469,0.357142857,15.6122449,15.83525536,2.171428571,3.065349783,3.900900901,0.785805602,0.724489796,0.732157786,1.687688511,0.679064976
DigelSoil_TS,AEW7,AEW7,ter,no,2,107,1698,15.86915888,0.149709046,0.047619048,0.018691589,0.18,0.42,16.98,17.8342424,2.448598131,3.096729755,4.012345679,0.771800339,0.72,0.733128584,1.810126582,1.025192115
DigelSoil_TS,AEW8,AEW8,ter,no,2,115,2051,17.83478261,0.156445461,0.03539823,0.017391304,0.155963303,0.614678899,18.81651376,18.30865265,2.626086957,3.168722907,4.128205128,0.767578841,0.779816514,0.655295994,1.841593973,0.97606022
DigelSoil_TS,AEW9,AEW9,ter,no,2,118,2171,18.39830508,0.157250471,0.043103448,0.016949153,0.189189189,0.315315315,19.55855856,19.99167312,2.449152542,3.093891027,3.896551724,0.794007432,0.765765766,0.736106834,1.836723269,0.964673989
DigelSoil_TS,HEW1,HEW1,ter,no,2,113,1410,12.47787611,0.111409608,0.036036036,0.079646018,0.205607477,0.504672897,13.17757009,15.15194307,2.345132743,3.019375808,4.035460993,0.748210877,0.728971963,0.677449828,1.871766029,1.028910544
DigelSoil_TS,HEW10,HEW10,ter,no,2,78,787,10.08974359,0.131035631,0.052631579,0.051282051,0.152777778,0.611111111,10.93055556,9.842887457,2.115384615,3.090841961,4.2875,0.720896084,0.722222222,0.637749238,1.693698347,0.622308414
DigelSoil_TS,HEW11,HEW11,ter,no,2,113,1709,15.12389381,0.135034766,0.045045045,0.044247788,0.188679245,0.283018868,16.12264151,17.49487154,2.539823009,3.009667143,3.936708861,0.764513519,0.735849057,0.731033568,1.948160148,1.115171872
DigelSoil_TS,HEW12,HEW12,ter,no,2,125,2283,18.264,0.147290323,0.040650407,0.008,0.186440678,0.338983051,19.34745763,20.62956849,2.264,3.096895343,3.893939394,0.795311645,0.754237288,0.745244317,1.772037005,0.809368194
DigelSoil_TS,HEW13,HEW13,ter,no,2,119,1928,16.20168067,0.137302379,0.042735043,0.033613445,0.214285714,0.375,17.21428571,19.06150716,2.319327731,3.021276171,3.895424837,0.775596064,0.714285714,0.719054339,1.769348158,0.872606108
DigelSoil_TS,HEW16,HEW16,ter,no,2,121,2114,17.47107438,0.145592287,0.033613445,0.024793388,0.182608696,0.608695652,18.3826087,19.57333606,2.396694215,3.148227294,3.973684211,0.79226912,0.747826087,0.721796039,1.805908751,0.856938292
DigelSoil_TS,HEW17,HEW17,ter,no,2,123,1916,15.57723577,0.12768226,0.041322314,0.008130081,0.163793103,0.379310345,16.51724138,17.62729245,2.495934959,3.117440887,3.93258427,0.792720683,0.767241379,0.724286774,1.923756482,1.017964958
DigelSoil_TS,HEW2,HEW2,ter,no,2,111,1647,14.83783784,0.134889435,0.04587156,0.018018018,0.192307692,0.394230769,15.83653846,15.98731935,2.621621622,3.04839171,3.941176471,0.773472523,0.730769231,0.721115758,1.913043478,1.10348495
DigelSoil_TS,HEW21,HEW21,ter,no,2,128,1809,14.1328125,0.111281988,0.03968254,0.015625,0.165289256,0.371900826,14.95041322,16.86853641,2.3046875,3.106813003,4.156462585,0.747465649,0.776859504,0.709537895,1.787321506,0.846845419
DigelSoil_TS,HEW22,HEW22,ter,no,2,120,1945,16.20833333,0.136204482,0.042372881,0.016666667,0.168141593,0.380530973,17.21238938,17.21474209,2.141666667,3.121196864,3.943661972,0.791446348,0.761061947,0.736415926,1.672901169,0.622630696
DigelSoil_TS,HEW3,HEW3,ter,no,2,111,1557,14.02702703,0.127518428,0.04587156,0.072072072,0.182692308,0.365384615,14.97115385,13.79844984,1.981981982,3.044620235,3.907284768,0.779216365,0.759615385,0.721391773,1.566594225,0.570214501
DigelSoil_TS,HEW36,HEW36,ter,no,2,145,3002,20.70344828,0.143773946,0.034965035,0.027586207,0.173913043,0.376811594,21.75362319,23.01056932,2.413793103,3.102609247,3.895027624,0.796556417,0.753623188,0.715494242,1.799311769,0.889348726
DigelSoil_TS,HEW4,HEW4,ter,no,2,92,1013,11.01086957,0.120998567,0.055555556,0.02173913,0.211764706,0.388235294,11.91764706,12.37721771,1.793478261,2.96041804,3.947368421,0.74997257,0.717647059,0.717104414,1.591052869,0.562102923
DigelSoil_TS,HEW47,HEW47,ter,no,2,131,2843,21.70229008,0.166940693,0.03875969,0.022900763,0.14516129,0.322580645,22.92741935,22.98857029,2.740458015,3.167869184,3.908496732,0.810508336,0.806451613,0.718198594,1.969409135,1.180443973
DigelSoil_TS,HEW5,HEW5,ter,no,2,146,2851,19.52739726,0.134671705,0.027777778,0,0.121428571,0.635714286,20.36428571,22.07808599,2.534246575,3.229952925,3.985347985,0.810456938,0.814285714,0.655466322,1.771569433,0.806168675
DigelSoil_TS,HEW6,HEW6,ter,no,2,129,2125,16.47286822,0.128694283,0.039370079,0.007751938,0.163934426,0.270491803,17.41803279,19.01406185,2.480620155,3.065688867,3.924528302,0.781161106,0.770491803,0.737760973,1.949550795,1.084097217
DigelSoil_TS,SEW1,SEW1,ter,no,2,88,1103,12.53409091,0.14407001,0.046511628,0.068181818,0.170731707,0.682926829,13.45121951,11.56532967,1.988636364,3.179768123,4.282608696,0.742483927,0.743902439,0.652948135,1.609694944,0.597323699
DigelSoil_TS,SEW18,SEW18,ter,no,2,109,1776,16.29357798,0.150866463,0.046728972,0.073394495,0.147058824,0.480392157,17.41176471,16.93455834,2.128440367,3.248916812,4.395348837,0.73917155,0.764705882,0.744006082,1.585230428,0.622706123
DigelSoil_TS,SEW2,SEW2,ter,no,2,73,590,8.082191781,0.112252664,0.056338028,0.123287671,0.194029851,0.567164179,8.805970149,7.912856447,1.808219178,2.978273646,4.428571429,0.672513404,0.701492537,0.699488763,1.626231994,0.592525761
DigelSoil_TS,SEW3,SEW3,ter,no,2,114,2033,17.83333333,0.157817109,0.035714286,0,0.194444444,0.657407407,18.82407407,17.45639625,2.096491228,3.221394083,4.220338983,0.763302212,0.722222222,0.745656151,1.619334673,0.607377161
DigelSoil_TS,SEW35,SEW35,ter,no,2,90,1078,11.97777778,0.134581773,0.045454545,0.077777778,0.19047619,0.654761905,12.83333333,11.82587864,1.855555556,3.105572814,4.032520325,0.770131968,0.726190476,0.656183886,1.575852783,0.579619775
DigelSoil_TS,SEW36,SEW36,ter,no,2,81,884,10.91358025,0.136419753,0.050632911,0.086419753,0.146666667,0.666666667,11.78666667,10.12929033,2.049382716,3.176723554,4.205357143,0.755399231,0.746666667,0.655076626,1.628571429,0.619095213
DigelSoil_TS,SEW37,SEW37,ter,no,2,110,1941,17.64545455,0.161884904,0.046296296,0.018181818,0.165048544,0.427184466,18.84466019,16.60011651,2.236363636,3.162830868,4,0.790707717,0.757281553,0.704402916,1.648082804,0.683852732
DigelSoil_TS,SEW4,SEW4,ter,no,2,107,1490,13.92523364,0.131370129,0.047619048,0.009345794,0.16,0.41,14.9,14.48405602,2.018691589,3.129935711,4.036231884,0.775459835,0.73,0.726519956,1.645434047,0.585983262
DigelSoil_TS,SEW41,SEW41,ter,no,2,110,1684,15.30909091,0.140450375,0.046296296,0.027272727,0.145631068,0.417475728,16.34951456,16.06464193,2.118181818,3.148734292,3.965517241,0.794028648,0.766990291,0.682708059,1.626559252,0.589829238
DigelSoil_TS,SEW43,SEW43,ter,no,2,115,1939,16.86086957,0.147902365,0.044247788,0.008695652,0.092592593,0.416666667,17.9537037,17.53361752,2.530434783,3.396277499,4.138121547,0.820729275,0.842592593,0.663816805,2.050429185,0.743612236
DigelSoil_TS,SEW48,SEW48,ter,no,2,107,1738,16.24299065,0.153235761,0.047619048,0.028037383,0.17,0.46,17.38,16.13877945,2.420560748,3.145470247,3.952941176,0.79572908,0.78,0.721431383,1.653006201,0.771390222
DigelSoil_TS,SEW5,SEW5,ter,no,2,88,1086,12.34090909,0.14184953,0.046511628,0.090909091,0.268292683,0.573170732,13.24390244,13.24653318,1.806818182,2.992141827,4.024,0.743574013,0.646341463,0.745342825,1.492261608,0.538539694
DigelSoil_TS,SEW6,SEW6,ter,no,2,110,1805,16.40909091,0.150542118,0.046296296,0.063636364,0.126213592,0.436893204,17.52427184,14.53990092,2.118181818,3.197947168,4,0.799486792,0.796116505,0.684460929,1.62041951,0.617791106
DigelSoil_TS,SEW7,SEW7,ter,no,2,119,2564,21.54621849,0.182595072,0.051282051,0.008403361,0.171171171,0.405405405,23.0990991,20.9123517,2.277310924,3.155615098,3.924603175,0.804059661,0.765765766,0.725110895,1.675806452,0.74812712
DigelSoil_TS,SEW8,SEW8,ter,no,2,109,1785,16.37614679,0.151630989,0.056074766,0.009174312,0.168316832,0.415841584,17.67326733,16.52217232,2.76146789,3.269643341,4.427884615,0.73842108,0.782178218,0.831227032,1.884410983,1.035329676
DigelSoil_TS,SEW9,SEW9,ter,no,2,82,985,12.01219512,0.148298705,0.05,0.036585366,0.197368421,0.671052632,12.96052632,11.96933949,1.951219512,3.147633493,4.136363636,0.760966339,0.684210526,0.749086888,1.59223301,0.597662489