number,group,family,species,animal
1,Collembola,Sminthuridae,Allacma fusca,1
2,Collembola,Arrhopalitidae,Arrhopalites pygmaeus,1
3,Collembola,Hypogastruridae,Ceratophysella armata,1
4,Collembola,Hypogastruridae,Ceratophysella denticulata,1
5,Collembola,Hypogastruridae,Ceratophysella gibbosa,1
6,Collembola,Isotomidae,Cryptopygus garretti,1
7,Collembola,Isotomidae,Desoria violacea,1
8,Collembola,Onychiuridae,Deuteraphorura inermis,1
9,Collembola,Bourletiellidae,Deuterosminthurus sp.,1
10,Collembola,Bourletiellidae,Deuterosminthurus pallipes,1
11,Collembola,Entomobryidae,Entomobrya marginata/lanuginosa,1
12,Collembola,Isotomidae,Folsomia fimetaria,1
13,Collembola,Isotomidae,Folsomia litsteri,1
14,Collembola,Isotomidae,Folsomia quadrioculata,1
15,Collembola,Isotomidae,Folsomia spinosa,1
16,Collembola,Neanuridae,Friesea mirabilis,1
17,Collembola,Neanuridae,Friesea truncata,1
18,Collembola,Katiannidae,Gisianus flammeolus,1
19,Collembola,Hypogastruridae,Hypogastrura burkilli,1
20,Collembola,Hypogastruridae,Hypogastrura purpurescens,1
21,Collembola,Isotomidae,Isotomidae,1
22,Collembola,Isotomidae,Isotomiella minor,1
23,Collembola,Isotomidae,Isotomurus palustris,1
24,Collembola,Entomobryidae,Lepidocyrtus cyaneus,1
25,Collembola,Entomobryidae,Lepidocyrtus lanuginosus,1
26,Collembola,Sminthuridae,Lipothrix (Sphyrotheca) lubbocki,1
27,Collembola,Neelidae,Megalothorax minimus,1
28,Collembola,Tullbergiidae,Mesaphorura sp.,1
29,Collembola,Tullbergiidae,Metaphorura affinis,1
30,Collembola,Neanuridae,Micranurida cf. sensillata,1
31,Collembola,Neanuridae,Micranurida granulata,1
32,Collembola,Neanuridae,Micranurida pygmaea,1
33,Collembola,Onychiuridae,Micraphorura absoloni,1
34,Collembola,Neelidae,Neelides minutus,1
35,Collembola,Oncopoduridae,Oncopodura crassicornis,1
36,Collembola,Onychiuridae,Onychiuridae,1
37,Collembola,Entomobryidae,Orchesella bifasciata,1
38,Collembola,Tullbergiidae,Paratullbergia callipygos,1
39,Collembola,Tullbergiidae,Paratullbergia sp.,1
40,Collembola,Isotomidae,Parisotoma notabilis,1
41,Collembola,Isotomidae,Proisotoma minima,1
42,Collembola,Onychiuridae,Protaphorura armata,1
43,Collembola,Onychiuridae,Protaphorura aurantiaca,1
44,Collembola,Neanuridae,Pseudachorutes cf. dubius,1
45,Collembola,Neanuridae,Pseudachorutes subcrassus,1
46,Collembola,Entomobryidae,Pseudosinella immaculata,1
47,Collembola,Sminthurididae,Sminthurides sp.,1
48,Collembola,Katiannidae,Sminthurinus aureus,1
49,Collembola,Katiannidae,Sminthurinus sp. juv,1
50,Collembola,Sminthuridae,Sminthurus viridis,1
51,Collembola,Tullbergiidae,Stenaphorura denisi,1
52,Collembola,Onychiuridae,Supraphorura furcifera,1
53,Collembola,Tomoceridae,Tomocerus flavescens,1
54,Collembola,Tomoceridae,Tomocerus minutus,1
55,Collembola,Tomoceridae,Tomocerus vulgaris,1
56,Collembola,Hypogastruridae,Willemia anophthalma,1
57,Chilopoda,Lithobiidae,Lithobius muticus,1
58,Chilopoda,Lithobiidae,Lithobius crassipes,1
59,Chilopoda,Lithobiidae,Lithobius cf. crassipes juv,1
60,Chilopoda,Lithobiidae,Lithobius curtipes {s},1
61,Chilopoda,Lithobiidae,Lithobius piceus,1
62,Chilopoda,Lithobiidae,Lithobius melanops,1
63,Chilopoda,Lithobiidae,Lithobius aulacopus,1
64,Chilopoda,Lithobiidae,Lithobius cf. aulacopus juv,1
65,Chilopoda,Lithobiidae,Lithobius mutabilis,1
66,Chilopoda,Lithobiidae,Lithobius cf. mutabilis juv,1
67,Chilopoda,Lithobiidae,Lithobius dentatus,1
68,Chilopoda,Lithobiidae,Lithobius cf. dentatus juv,1
69,Chilopoda,Lithobiidae,Lithobius sp. juv {m},1
70,Chilopoda,Lithobiidae,Lithobius sp1 {s},1
71,Chilopoda,Lithobiidae,Lithobius sp2 {s},1
72,Chilopoda,Lithobiidae,Lithobius sp3 {xs},1
73,Chilopoda,Lithobiidae,Lithobius sp4,1
74,Chilopoda,Geophilidae,Geophilus ribauti,1
75,Chilopoda,Geophilidae,Geophilus insculptus,1
76,Chilopoda,Geophilidae,Geophilus electricus,1
77,Chilopoda,Schendylidae,Schendyla nemorensis,1
78,Chilopoda,Geophilidae,Geophilus flavus,1
79,Chilopoda,Dignathodontidae,Strigamia acuminata,1
80,Symphyla,Scutigerellidae,Scutigerella immaculata {xs},1
81,Symphyla,Scolopendrellidae,Scolopendrella sp./subnuda {s},1
82,Coleoptera,Cantharidae,Malthodes sp. (juv),1
83,Coleoptera,Cantharidae,Rhagonycha lignosa,1
84,Coleoptera,Cantharidae,Rhagonycha limbata,1
85,Coleoptera,Carabidae,Abax parallelus,1
86,Coleoptera,Carabidae,Abax parallelus (juv),1
87,Coleoptera,Carabidae,Harpalus latus,1
88,Coleoptera,Carabidae,Harpalus sp.,1
89,Coleoptera,Carabidae,Molops elatus,1
90,Coleoptera,Carabidae,Molops sp. (juv),1
91,Coleoptera,Carabidae,Nebria brevicollis,1
92,Coleoptera,Carabidae,Notiophilus biguttatus,1
93,Coleoptera,Carabidae,Notiophilus rufipes (juv),1
94,Coleoptera,Carabidae,Patrobus atrorufus,1
95,Coleoptera,Carabidae,Pterostichus burmeisteri,1
96,Coleoptera,Carabidae,Pterostichus longicollis,1
97,Coleoptera,Carabidae,Pterostichus oblongopunctatus,1
98,Coleoptera,Carabidae,Pterostichus strenuus,1
99,Coleoptera,Carabidae,Trechus nigrinus,1
100,Coleoptera,Carabidae,Trechus sp. (juv),1
101,Coleoptera,Catopidae,Nargus anisotomoides,1
102,Coleoptera,Catopidae,Nargus wilkini,1
103,Coleoptera,Curculionidae,Cryptorhynchinae sp1,1
104,Coleoptera,Curculionidae,Otiorhynchus sp.,1
105,Coleoptera,Curculionidae,Tropiphorus sp.,1
106,Coleoptera,Curculionidae,Curculionidae (juv),1
107,Coleoptera,Elateridae,Agriotes acuminatus (juv),1
108,Coleoptera,Elateridae,Agriotes aterrimus (juv),1
109,Coleoptera,Elateridae,Agriotes sp. (juv),1
110,Coleoptera,Elateridae,Agriotes sp.,1
111,Coleoptera,Elateridae,Athous haemorrhoidalis (juv),1
112,Coleoptera,Elateridae,Athous mollis (juv),1
113,Coleoptera,Elateridae,Athous subfuscus (juv) {m},1
114,Coleoptera,Elateridae,Athous subfuscus,1
115,Coleoptera,Elateridae,Athous vittatus (juv),1
116,Coleoptera,Elateridae,Athous zebei (juv) {s},1
117,Coleoptera,Elateridae,Athous sp. (juv),1
118,Coleoptera,Elateridae,Dalopius marginatus (juv) {m},1
119,Coleoptera,Elateridae,Elateridae sp1 (juv) {m},1
120,Coleoptera,Histeridae,Histeridae sp1,1
121,Coleoptera,Lampyridae,Lamprohiza splendidula (juv),1
122,Coleoptera,Liodidae,Liodidae sp1,1
123,Coleoptera,Pselaphidae,Bythinus acutangulus,1
124,Coleoptera,Pselaphidae,Plectophoreus fischeri,1
125,Coleoptera,Pselaphidae,Trimium brevicorne,1
126,Coleoptera,Ptilidae,Acrotrichis sp.,1
127,NA,NA,NA,0
128,Coleoptera,Scydmanidae,Scydmaenidae sp0 {m},1
129,Coleoptera,Scydmanidae,Scydmaenidae sp2,1
130,Coleoptera,Stapylinidae,Aleocharinae sp1 (juv),1
131,Coleoptera,Stapylinidae,Aleocharinae sp2,1
132,Coleoptera,Stapylinidae,Acrotona sylvicola,1
133,Coleoptera,Stapylinidae,Atheta fungi,1
134,Coleoptera,Stapylinidae,Atheta myrmecobia,1
135,Coleoptera,Stapylinidae,Atheta sp.,1
136,Coleoptera,Stapylinidae,Atheta sp. (juv),1
137,Coleoptera,Stapylinidae,Domene scabricollis,1
138,NA,NA,NA,0
139,Coleoptera,Stapylinidae,Eusphalerum sp.,1
140,Coleoptera,Stapylinidae,Geostiba circellaris,1
141,Coleoptera,Stapylinidae,Gyrohypnus sp. (juv),1
142,Coleoptera,Stapylinidae,Habrocerus capillaricornis,1
143,Coleoptera,Stapylinidae,Heterothops sp. (juv),1
144,NA,NA,NA,0
145,NA,NA,NA,0
146,Coleoptera,Stapylinidae,Liogluta longiuscula,1
147,Coleoptera,Stapylinidae,Neobisius villosulus,1
148,Coleoptera,Stapylinidae,Othius punctulatus,1
149,Coleoptera,Stapylinidae,Othius subuliformis,1
150,Coleoptera,Stapylinidae,Othius sp. (juv),1
151,Coleoptera,Stapylinidae,Oxypoda annularis,1
152,Coleoptera,Stapylinidae,Oxytelus sp. (juv),1
153,Coleoptera,Stapylinidae,Philonthus sp.,1
154,Coleoptera,Stapylinidae,Quedius sp. (juv),1
155,Coleoptera,Stapylinidae,Stenus fuscicornis,1
156,Coleoptera,Stapylinidae,Stilicus sp. (juv),1
157,Coleoptera,Stapylinidae,Tachyporus obtusus,1
158,Coleoptera,Stapylinidae,Tachyusa sp. (juv),1
159,Coleoptera,Stapylinidae,Xantholinus laevigatus,1
160,Coleoptera,Stapylinidae,Xantholinus sp. (juv),1
161,Coleoptera,Stapylinidae,Xantholininae sp1 (juv),1
162,Coleoptera,Stapylinidae,Staphylinidae sp1 (juv),1
163,Opiliones,Trogulidae,Anelasmocephalus cambridgei,1
164,Araneae,Amaurobiidae,Amaurobius sp (juv),1
165,Araneae,Salticidae,Ballus chalybeius (ad),1
166,Araneae,Salticidae,Ballus chalybeius (juv),1
167,Araneae,Linyphiidae,Centomerus sylvaticus (ad),1
168,Araneae,Amaurobiidae,Coelotes sp (juv) {l},1
169,Araneae,Clubionidae,Clubiona comta (ad),1
170,Araneae,Amaurobiidae,Coelotes terrestris (ad),1
171,Araneae,Linyphiidae,Diplocephalus latifrons (ad),1
172,Araneae,Linyphiidae,Diplocephalus picinus (ad),1
173,Araneae,Gnaphosidae,Gnaphosidae (juv),1
174,Araneae,Hahniidae,Hahnia pusilla (juv),1
175,Araneae,Hahniidae,Hahnia pusilla (ad),1
176,Araneae,Dysderidae,Harpactea lepida (juv),1
177,Araneae,Dysderidae,Harpactea lepida (ad),1
178,Araneae,Linyphiidae,Linyphiidae (juv),1
179,Araneae,Linyphiidae,Micrargus herbigradus (ad),1
180,Araneae,Linyphiidae,Microneta viaria (ad),1
181,Pseudoscorpiones,Neobisidae,Neobisium carcinoides (ad),1
182,Pseudoscorpiones,Neobisidae,Neobisium sp,1
183,Araneae,Salticidae,Neon reticulatus (ad),1
184,Araneae,Salticidae,Neon reticulatus (juv),1
185,Opiliones,Phalangiidae,Phalangiidae (juv),1
186,Araneae,Theridiidae,Robertus lividus (ad),1
187,Araneae,Theridiidae,Robertus sp (juv) {m},1
188,Araneae,Linyphiidae,Saloca diceros (ad),1
189,Araneae,Linyphiidae,Tapinocyba insecta (ad),1
190,Araneae,Linyphiidae,Tapinocyba pallens (ad),1
191,Araneae,Linyphiidae,Tenuiphantes tenebricola (ad),1
192,Opiliones,Trogulidae,Trogulus tricarinatus,1
193,Prostigmata,Trombidiidae,Trombidiidae,1
194,Araneae,Linyphiidae,Walckenaeria cucullata (ad),1
195,Araneae,Linyphiidae,Walckenaeria dysderoides (ad),1
196,Araneae,Thomisidae,Xysticus lanio (ad),1
197,Araneae,Hahniidae,Cryphoeca sp (juv),1
198,Mesostigmata,Phytoseinae,Amblyseius similifloridanus (ad),1
199,Mesostigmata,Ascidae,Arctoseius magnanalis (ad),1
200,Mesostigmata,Pergamasinae,Leptogamasus sp (juv),1
201,Mesostigmata,Pergamasinae,Lysigamasus sp (juv),1
202,Mesostigmata,Parasitidae,Vulgarogamasus sp juv,1
203,Mesostigmata,Urodinychidae,Dinychus perforatus (ad),1
204,Mesostigmata,Urodinychidae,Dinychus perforatus juv,1
205,Mesostigmata,Epicriidae,Epicrius canestrinii (ad),1
206,Mesostigmata,Epicriidae,Epicrius schusteri (ad),1
207,Mesostigmata,Epicriidae,Epicrius sp (juv),1
208,Mesostigmata,Gamasina,Gamasina (juv),1
209,Mesostigmata,Macrochelidae,Geholaspis aeneus (ad),1
210,Mesostigmata,Macrochelidae,Geholaspis mandibularis (ad),1
211,Mesostigmata,Macrochelidae,Geholaspis sp (juv),1
212,Mesostigmata,Pergamasinae,Holoparasitus stramenti (ad),1
213,Mesostigmata,Hypoaspididae,Hypoaspis aculeifer (ad),1
214,Mesostigmata,Ascidae,Leioseius bicolor (ad),1
215,Mesostigmata,Halolaelapidae,Leitneria granulata (juv),1
216,Mesostigmata,Pergamasinae,Leptogamasus suecicus (ad),1
217,Mesostigmata,Pergamasinae,Lysigamasus cf conus(ad),1
218,Mesostigmata,Pergamasinae,Lysigamasus cornutus (ad),1
219,Mesostigmata,Pergamasinae,Lysigamasus lapponicus (ad),1
220,Mesostigmata,Pergamasinae,Lysigamasus puerilis (ad),1
221,Mesostigmata,Pergamasinae,Lysigamasus solitarius (ad),1
222,Mesostigmata,Pergamasinae,Lysigamasus vagabundus (ad),1
223,Mesostigmata,Macrochelidae,Macrocheles cf dentatus (juv),1
224,Mesostigmata,Macrochelidae,Macrocheles cf opacus aciculatus (ad),1
225,Mesostigmata,Macrochelidae,Macrocheles dentatus (ad),1
226,Mesostigmata,Macrochelidae,Macrocheles montanus (ad),1
227,Mesostigmata,Pachylaelapidae,Pachylaelaps fuscinuliger (ad),1
228,Mesostigmata,Pachylaelapidae,Pachylaelaps longisetosus (ad),1
229,Mesostigmata,Pachylaelapidae,Pachylaelaps regularis (ad),1
230,Mesostigmata,Pachylaelapidae,Pachylaelaps tesselatus (ad),1
231,Mesostigmata,Macrochelidae,Pachyseius angustus (ad),1
232,Mesostigmata,Macrochelidae,Pachyseius humeralis (ad),1
233,Mesostigmata,Parasitidae,Parasitidae (juv) {xs},1
234,Mesostigmata,Pergamasinae,Pergamasinae (juv) {xs},1
235,Mesostigmata,Pergamasinae,Pergamasinae (male),1
236,Mesostigmata,Pergamasinae,Pergamasus crassipes (ad),1
237,Mesostigmata,Pergamasinae,Pergamasus sp (juv) {s},1
238,Mesostigmata,Phytoseinae,Phytoseinae (juv),1
239,Mesostigmata,Zerconidae,Prozercon fimbriatus (ad),1
240,Mesostigmata,Zerconidae,Prozercon fimbriatus (juv),1
241,Mesostigmata,Rhodacaridae,Rhodacarellus kreuzi (ad),1
242,Mesostigmata,Trachytidae,Trachytes aegrota (ad),1
243,Mesostigmata,Trachytidae,Trachytes aegrota (juv) {xs},1
244,Mesostigmata,Trachytidae,Trachytes pauperior (ad) {xs},1
245,Mesostigmata,Trachytidae,Trachytes pauperior (juv),1
246,Mesostigmata,Urodinychidae,Urodiaspis tecta (juv),1
247,Mesostigmata,Uropodidae,Uropoda athiasae (ad),1
248,Mesostigmata,Uropodidae,Uropoda cassidea (ad),1
249,Mesostigmata,Uropodidae,Uropoda cassidea (juv),1
250,Mesostigmata,Uropodidae,Uropoda cf splendida (juv),1
251,Mesostigmata,Uropodidae,Uropoda minima (ad),1
252,Mesostigmata,Uropodidae,Uropoda minima (juv),1
253,Mesostigmata,Uropodidae,Uropodina (juv),1
254,Mesostigmata,Polyaspidae,Uroseius cylindricus (ad),1
255,Mesostigmata,Polyaspidae,Uroseius cylindricus (juv),1
256,Mesostigmata,Veigaiaidae,Veigaia agilis (ad),1
257,Mesostigmata,Veigaiaidae,Veigaia cerva (ad),1
258,Mesostigmata,Veigaiaidae,Veigaia cerva (juv),1
259,Mesostigmata,Veigaiaidae,Veigaia cf agilis (juv),1
260,Mesostigmata,Veigaiaidae,Veigaia exigua (ad),1
261,Mesostigmata,Veigaiaidae,Veigaia exigua (juv),1
262,Mesostigmata,Veigaiaidae,Veigaia kochi (juv),1
263,Mesostigmata,Veigaiaidae,Veigaia nemorensis (ad),1
264,Mesostigmata,Veigaiaidae,Veigaia nemorensis (juv),1
265,Mesostigmata,Veigaiaidae,Veigaia sp (juv),1
266,Mesostigmata,Zerconidae,Zercon cf gurensis sp1 (ad),1
267,NA,NA,NA,0
268,Mesostigmata,Zerconidae,Zercon sp (juv),1
269,Mesostigmata,Zerconidae,Zercon cf gurensis sp1 (juv),1
270,Mesostigmata,Ascidae,Zerconopsis remiger (ad),1
271,Lumbricidae,Lumbricidae,Aporrectodea caliginosa (ad),1
272,Lumbricidae,Lumbricidae,Aporrectodea caliginosa (juv) {xl},1
273,NA,NA,NA,0
274,Lumbricidae,Lumbricidae,Aporrectodea rosea (ad),
275,Lumbricidae,Lumbricidae,Aporrectodea rosea (juv),
276,NA,NA,NA,0
277,Lumbricidae,Lumbricidae,Aporrectodea sp (juv) {xl},1
278,Lumbricidae,Lumbricidae,Lumbricus castaneus (ad),1
279,Collembola,Hypogastruridae,Willemia aspinata,1
280,Lumbricidae,Lumbricidae,Lumbricus rubellus (ad) {xl},1
281,Lumbricidae,Lumbricidae,Lumbricus rubellus (juv) {xl},1
282,Lumbricidae,Lumbricidae,Lumbricus cf rubellus (juv),1
283,Lumbricidae,Lumbricidae,Lumbricus sp (juv),1
284,Lumbricidae,Lumbricidae,Lumbricus terrestris (ad),1
285,Lumbricidae,Lumbricidae,Lumbricus terrestris (juv) {xl},1
286,Lumbricidae,Lumbricidae,Octolasion tyrtaeum (ad) {xxl},1
287,Lumbricidae,Lumbricidae,Octolasion tyrtaeum (juv) {xl},1
288,Lumbricidae,Lumbricidae,cf Octolasion sp (juv),1
289,Lumbricidae,Lumbricidae,Dendrobaena octaedra (ad),1
290,Lumbricidae,Lumbricidae,Dendrobaena octaedra (juv),1
291,Lumbricidae,Lumbricidae,Dendrodrilus rubidus (ad),1
292,Lumbricidae,Lumbricidae,Dendrodrilus rubidus (juv),1
293,Lumbricidae,Lumbricidae,Dendrobaena pygmaea (ad),1
294,Diplura,Campodeidae,Campodea sp {m},1
295,Oribatida,Achipteriidae,Achipteria coleoptrata,1
296,Oribatida,Suctobelbidae,Allosuctobelba grandis,1
297,Oribatida,Ameridae,Amerus polonicus,1
298,Oribatida,Phthiracaridae,Atropacarus striculus,1
299,Oribatida,Damaeidae,Belba corynopus,1
300,Oribatida,Oppiidae,Berniniella bicarinata,1
301,Oribatida,Oppiidae,Berniniella conjuncta,1
302,Oribatida,Brachychthoniidae,Brachychthoniidae spp.,1
303,Collembola,Hypogastruridae,Xenyella sp.,1
304,Oribatida,Carabodidae,Carabodes labyrinthicus,1
305,Oribatida,Ceratozetidae,Ceratozetes gracilis,1
306,Oribatida,Chamobatidae,Chamobates borealis,1
307,Oribatida,Chamobatidae,Chamobates cuspidatus,1
308,Oribatida,Chamobatidae,Chamobates voigtsi,1
309,Oribatida,Astegistidae,Cultroribula bicultrata,1
310,Oribatida,Damaeidae,Damaeus onustus,1
311,Oribatida,Damaeidae,Damaeus riparius,1
312,Oribatida,Oppiidae,Dissorhina ornata,1
313,Oribatida,Eniochthoniidae,Eniochthonius minutissimus,1
314,Oribatida,Eulohmanniidae,Eulohmannia ribagai,1
315,Oribatida,Phenopelopidae,Eupelops hirtus,1
316,Oribatida,Phenopelopidae,Eupelops plicatus,1
317,Oribatida,Euzetidae,Euzetes globulus,1
318,Oribatida,Damaeolidae,Fosseremus laciniatus,1
319,Oribatida,Galumnidae,Galumna lanceata,1
320,Oribatida,Hermanniidae,Hermannia gibba,1
321,Oribatida,Hypochthoniidae,Hypochthonius luteus,1
322,Oribatida,Hypochthoniidae,Hypochthonius rufulus,1
323,Oribatida,NA,Oribatida juv.,1
324,Oribatida,Liacaridae,Liacarus xylariae,1
325,Oribatida,Scheloribatidae,Liebstadia humerata,1
326,Oribatida,Scheloribatidae,Liebstadia similis,1
327,Collembola,Tullbergiidae,Stenaphorura quadrispina,1
328,Collembola,Tomoceridae,Tomocerus baudoti,1
329,Collembola,Tomoceridae,Tomocerus minor,1
330,Oribatida,Damaeidae,Metabelba pulverosa,1
331,Oribatida,Oppiidae,Microppia minus,1
332,Oribatida,Nanhermanniidae,Nanhermannia nana,1
333,Oribatida,Oppiidae,Neotrichoppia confinis,1
334,Oribatida,Nothridae,Nothrus palustris,1
335,Oribatida,Nothridae,Nothrus silvestris,1
336,Oribatida,Oribatellidae,Ophidiotrichus tectus,1
337,Oribatida,Oppiidae,Oppiella falcata,1
338,Oribatida,Oppiidae,Oppiella nova,1
339,Oribatida,Oppiidae,Oppiella subpectinata,1
340,Oribatida,Oppiidae,Oppiella marginedentata,1
341,Oribatida,Oppiidae,Oppiella obsoleta,1
342,Oribatida,Oribatellidae,Oribatella calcarata,1
343,Oribatida,Oribatulidae,Oribatula tibialis,1
344,Oribatida,Thyrisomidae,Pantelozetes paolii,1
345,Oribatida,Phthiracaridae,Phthiracarus anonymus,1
346,Oribatida,Phthiracaridae,Phthiracarus borosetosus,1
347,Oribatida,Phthiracaridae,Phthiracarus clavatus,1
348,Oribatida,Phthiracaridae,Phthiracarus compressus,1
349,Oribatida,Phthiracaridae,Phthiracarus globosus,1
350,Oribatida,Phthiracaridae,Phthiracarus lentulus,1
351,Oribatida,Phthiracaridae,Phthiracarus longulus,1
352,Oribatida,Galumnidae,Pilogalumna tenuiclava,1
353,Oribatida,Camisiidae,Platynothrus peltifer,1
354,Collembola,Isotomidae,Ballistura cf. hankoi,1
355,Oribatida,Damaeidae,Porobelba spinosa,1
356,Oribatida,Quadroppiidae,Quadroppia monstruosa,1
357,Oribatida,Quadroppiidae,Quadroppia quadricarinata,1
358,Oribatida,Scheloribatidae,Scheloribates laevigatus,1
359,Collembola,Isotomidae,Proisotoma minuta,1
360,Collembola,Onychiuridae,Protaphorura fimata,1
361,Collembola,Onychiuridae,Protaphorura sp.,1
362,Collembola,Onychiuridae,Protaphorura quadriocellata,1
363,Collembola,Isotomidae,Pseudanurophorus binoculatus,1
364,Collembola,Entomobryidae,Pseudosinella alba,1
365,Oribatida,Phthiracaridae,Steganacarus magnus,1
366,Oribatida,Suctobelbidae,Suctobelba altvateri,1
367,Collembola,Entomobryidae,Pseudosinella ksenemani,1
368,Collembola,Sminthurididae,Sminthuridae juv.,1
369,Collembola,Katiannidae,Sminthurinus niger,1
370,Collembola,Sminthurididae,Sphaeridia pumilis,1
371,Oribatida,Tectocepheidae,Tectocepheus minor,1
372,Oribatida,Tectocepheidae,Tectocepheus velatus alatus,1
373,Oribatida,Tectocepheidae,Tectocepheus velatus sarekensis,1
374,Oribatida,Cepheidae,Tritegeus bisulcatus,1
375,Isopoda,Trichoniscidae,Trichoniscus pusillus {s},1
376,Isopoda,Porcellionidae,Porcellio spinicornis,1
377,Isopoda,Oniscidae,Oniscidae juv ?,1
378,Diplopoda,Chordeumatidae,Melogona voigti cf,1
379,Isopoda,Ligiidae,Ligidium hypnorum,1
380,Isopoda,Oniscidae,Oniscus asellus,1
381,Isopoda,Trichoniscidae,Haplophthalmus mengei,1
382,Diplopoda,Julidae,Allaiulus nitidus juv,1
383,Diplopoda,Julidae,Allaiulus nitidus {xl},1
384,Diplopoda,Chordeumatidae,Chordeuma silvestre,1
385,NA,NA,NA,0
386,Diplopoda,Diplopoda,Diplopoda juv,1
387,Diplopoda,Glomeridae,Geoglomeris subteraneus cf,1
388,Diplopoda,Glomeridae,Glomeris connexa,1
389,Collembola,Hypogastruridae,Ceratophysella succinea,1
390,Diplopoda,Glomeridae,Glomeris conspersa {l},1
391,Collembola,Sminthuridae,Dicyrtoma fusca,1
392,Diplopoda,Glomeridae,Glomeris marginata,1
393,Diplopoda,Glomeridae,Glomeris spec juv {m},1
394,Diplopoda,Glomeridae,Glomeris undulata,1
395,Diplopoda,Julidae,Julidae juv spec {m},1
396,Diplopoda,Polydesmidae,Polydesmidae,1
397,NA,NA,NA,0
398,Diplopoda,Polydesmidae,Polydesmus spec juv,1
399,Diplopoda,Julidae,Tachypodoiulus niger,1
400,Diplopoda,Julidae,Unciger foetidus,1
401,Basal,Plants,plants,0
402,Basal,Roots,roots,0
403,Basal,Roots,root exudates,0
404,Basal,Fungi,mykorrhiza,0
405,Basal,Fungi,saphrophytes,0
406,Basal,Nematoda,bacterivor nematodes,1
407,Basal,Nematoda,fungivor nematodes,1
408,Basal,Nematoda,root feeding nematodes,1
409,Basal,Nematoda,predatious nematodes,1
410,Basal,Nematoda,omniv. Nematodes,1
411,Basal,Bacteria,bacteria,0
412,Basal,Protozoa,flagelata,0
413,Basal,Protozoa,ciliata,0
414,Basal,Protozoa,amoeba,0
415,Basal,Algae,algae,0
416,Enchitraeidae,Enchitraeidae,enchitraeidae,1
417,Basal detritus,detritus,dead organic matter detritus,0
418,Mesostigmata,Phytoseinae,Amblyseius cf nemorivagus (ad),1
419,Mesostigmata,Eviphididae,Eviphis sp (juv),1
420,Mesostigmata,Macrochelidae,Geholaspis longispinosus (juv),1
421,Mesostigmata,Macrochelidae,Geholaspis longispinosus (ad),1
422,Mesostigmata,Hypoaspididae,Hypoaspis aculeifer (juv),1
423,Mesostigmata,Podocinidae,Lasioseius lawrencei (ad),1
424,Mesostigmata,Ascidae,Leioseius elongatus (ad),1
425,Mesostigmata,Pergamasinae,Leptogamasus cf tectegynellus (ad),1
426,Mesostigmata,Pergamasinae,Leptogamasus sp (ad),1
427,Mesostigmata,Pergamasinae,Lysigamasus cf runcatellus (ad),1
428,Mesostigmata,Pergamasinae,Lysigamasus jugincola (ad),1
429,Mesostigmata,Pergamasinae,Lysigamasus runcatellus (ad),1
430,Mesostigmata,Pergamasinae,Lysigamasus puerilis (juv),1
431,Mesostigmata,Pergamasinae,Lysigamasus sp (ad),1
432,Mesostigmata,Macrochelidae,Macrocheles opacus (ad),1
433,Mesostigmata,Macrochelidae,Macrocheles sp (ad),1
434,Mesostigmata,Pachylaelapidae,Pachylaelaps bellicosus (ad),1
435,Mesostigmata,Pachylaelapidae,Pachylaelaps cf bellicosus (juv),1
436,Mesostigmata,Pachylaelapidae,Pachylaelaps laeuchlii (ad),1
437,Mesostigmata,Pachylaelapidae,Pachylaelaps sp (juv),1
438,Collembola,Entomobryidae,Entomobrya corticalis,1
439,Mesostigmata,Pergamasinae,Pergamasus norvegicus (ad),1
440,Mesostigmata,Pergamasinae,Pergamasus quisquiliarum (ad),1
441,Collembola,Entomobryidae,Entomobrya cf. multifasciata,1
442,Basal detritus,detritus,litter detritus,1
443,Mesostigmata,Zerconidae,Prozercon kochi (ad),1
444,Mesostigmata,Hypoaspididae,Pseudoparasitus placentulus (ad),1
445,Mesostigmata,Hypoaspididae,Pseudoparasitus placentulus (juv),1
446,Mesostigmata,Rhodacaridae,Rhodacarellus cf kreuzi (juv),1
447,Mesostigmata,Rhodacaridae,Rhodacarus coronatus (juv),1
448,Mesostigmata,Rhodacaridae,Rhodacarus coronatus (ad),1
449,Mesostigmata,Rhodacaridae,Rhodacarus sp (ad),1
450,Mesostigmata,Trematuridae,Trichouropoda ovalis (ad),1
451,Mesostigmata,Urodinychidae,Urodiaspis shcherbakae (ad),1
452,Mesostigmata,Urodinychidae,Urodiaspis tecta (ad),1
453,NA,NA,NA,0
454,Collembola,Entomobryidae,Entomobrya quinquelineata,1
455,Mesostigmata,Veigaiaidae,Veigaia cf propingua (juv),1
456,Mesostigmata,Veigaiaidae,Veigaia planicola (ad),1
457,Mesostigmata,Veigaiaidae,Veigaia planicola (juv),1
458,Collembola,Isotomidae,Folsomia brevicauda,1
459,Mesostigmata,Parasitidae,Vulgarogamasus kraepelini (juv),1
460,Mesostigmata,Parasitidae,Vulgarogamasus kraepelini (ad),1
461,Mesostigmata,Parasitidae,Vulgarogamasus sp (ad),1
462,Mesostigmata,Zerconidae,Zercon cf peltatus (ad),1
463,Mesostigmata,Zerconidae,Zercon cf peltatus (juv),1
464,Mesostigmata,Halolaelapidae,Leitneria granulata (ad),1
465,Araneae,Linyphiidae,Linyphiidae cf Erigoniinae (juv) {s},1
466,Araneae,Linyphiidae,Erigonella hiemalis (ad),1
467,Araneae,Linyphiidae,Maro minutus (ad),1
468,Araneae,Linyphiidae,Tapinocyba praecox (ad),1
469,Araneae,Linyphiidae,Tenuiphantes flavipes (ad),1
470,Araneae,Linyphiidae,Gongylidiellum latebricola (ad),1
471,Opiliones,Phalangiidae,Platybunus sp.,1
472,Araneae,Linyphiidae,Diplostyla concolor (ad),1
473,Araneae,Linyphiidae,Macrargus rufus (ad),1
474,Araneae,Linyphiidae,Pelecopsis radicicola (ad),1
475,Araneae,Lycosidae,Trochosa sp (juv),1
476,Collembola,Neanuridae,Friesea claviseta,1
477,Araneae,Liocranidae,Agroeca cf brunnea (juv),1
478,Araneae,Gnaphosidae,Haplodrassus soerenseni (ad),1
479,Araneae,Theridiidae,Euryopis flavomaculata (ad),1
480,Diplopoda,Polydesmidae,Polydesmus inconstans,1
481,Diplopoda,Blaniulidae,Blaniulidae spec juv,1
482,Diplopoda,Blaniulidae,Proteroiulus fuscus,1
483,Diplopoda,Polydesmidae,Polydesmus complanatus juv,1
484,Diplopoda,Polydesmidae,Polydesmus angustus,1
485,Diplopoda,Julidae,Megaphyllum projectum,1
486,Diplopoda,Julidae,Julidae spec,1
487,Diplopoda,Polydesmidae,Polydesmus angustus juv,1
488,Diplopoda,Polydesmidae,Polydesmus complanatus,1
489,Diplopoda,Polyxenidae,Polyxenus lagurus,1
490,Isopoda,Trachelipidae,Trachelipus rathkei,1
491,Diplopoda,Julidae,Brachyiulus pusillus,1
492,Oribatida,Liacaridae,Adoristes ovatus,1
493,Oribatida,Oppiidae,Berniniella sigma,1
494,Oribatida,Carabodidae,Carabodes coriaceus,1
495,Oribatida,Carabodidae,Carabodes femoralis,1
496,Oribatida,Carabodidae,Carabodes ornatus,1
497,Oribatida,Carabodidae,Carabodes subarcticus,1
498,Oribatida,Cepheidae,Cepheus cepheiformes,1
499,Oribatida,Chamobatidae,Chamobates subglobulus,1
500,Oribatida,Chamobatidae,Chamobates pusillus,1
501,Oribatida,Damaeidae,Damaeobelba minutissima,1
502,Oribatida,Damaeidae,Damaeus auritus,1
503,Oribatida,Phenopelopidae,Eupelops torulosus,1
504,Oribatida,Galumnidae,Galumna tarsipennata,1
505,Oribatida,Micreremidae,Micreremus brevipes,1
506,Oribatida,Micreremidae,Micreremus gracilior,1
507,Oribatida,Euphthiracaroidae,Microtritia minima,1
508,Oribatida,Nanhermanniidae,Nanhermannia elegantula,1
509,Oribatida,Oppiidae,Oppiella acuminata,1
510,Oribatida,Oppiidae,Oppiella fallax,1
511,Oribatida,Oppiidae,Oppiella propinqua,1
512,Collembola,Tullbergiidae,Mesaphorura jarmiliae,1
513,Oribatida,Galumnidae,Pergalumna nervosa,1
514,Oribatida,Phthiracaridae,Phthiracarus affinis,1
515,Oribatida,Phthiracaridae,Phthiracarus laevigatus,1
516,Oribatida,Galumnidae,Pilogalumna crassiclava,1
517,Oribatida,Euphthiracaroidae,Rhysotritia duplicata,1
518,Oribatida,Scheloribatidae,Scheloribates initialis,1
519,Oribatida,Phthiracaridae,Steganacarus herculeanus,1
520,Oribatida,Liacaridae,Xenillus tegeocranus,1
521,Chilopoda,Cryptopidae,Cryptops hortensis,1
522,Chilopoda,Lithobiidae,Lithobius curtipes (juv),1
523,Chilopoda,Lithobiidae,Lithobius calcaratus,1
524,Chilopoda,Lithobiidae,Lithobius cf. mutabilis,1
525,Chilopoda,Lithobiidae,Lithobius erythrocephalus,1
526,Chilopoda,Lithobiidae,Lithobius cyrt/mutabi,1
527,Chilopoda,Geophilidae,Geophilus truncorum,1
528,Chilopoda,Lithobiidae,Lithobius forficatus,1
529,Chilopoda,Lithobiidae,Lithobius forficatus (juv),1
530,Collembola,Entomobryidae,Entomobryidae sp.,1
531,Collembola,"Hypogastruridae, Neanuridae",Hypogastruridae sp. + Neanuridae sp.,1
532,Collembola,Isotomidae,Isotomidae sp.,1
533,Collembola,Neelidae,Neelidae sp.,1
534,Collembola,Onychiuroidea,Onychiuroidea sp.,1
535,Collembola,Symphypleona,Symphypleona sp.,1
536,Collembola,Collembola,Collembola sp.,1
537,Coleoptera,Carabidae,Abax parallelepipedus (juv),1
538,Coleoptera,Carabidae,Agonum sexpunctatum (juv),1
539,Coleoptera,Carabidae,Agonum spec. (juv),1
540,Coleoptera,Carabidae,Microlestes spec.,1
541,Coleoptera,Carabidae,Poecilus spec. (juv),1
542,Coleoptera,Carabidae,Pterostichus chamaeleon (juv),1
543,Coleoptera,Carabidae,Pterostichus spec.,1
544,Coleoptera,Catopidae,Nargus spec.,1
545,Coleoptera,Curculionidae,Cossoninae,1
546,Coleoptera,Elateridae,Adrastus sp (juv),1
547,Coleoptera,Elateridae,Elater ferrugineus (juv),1
548,Coleoptera,Elateridae,Agriotinae sp1 (juv),1
549,Coleoptera,Liodidae,Liodidae,1
550,Coleoptera,Scarabeidae,Serica sp. (juv),1
551,Coleoptera,Stapylinidae,Bolitochara sp.,1
552,Coleoptera,Stapylinidae,Bryoporus spec.,1
553,Coleoptera,Stapylinidae,Conosoma testaceum,1
554,Coleoptera,Stapylinidae,Cordalia spec. (juv),1
555,Coleoptera,Stapylinidae,Heterothops dissimilis (juv),1
556,Coleoptera,Stapylinidae,Lathrobium brunnipes,1
557,Coleoptera,Stapylinidae,Lathrobium sp. (juv),1
558,Coleoptera,Stapylinidae,Leptacinus sp. (juv),1
559,Coleoptera,Stapylinidae,Leptusa sp.,1
560,Coleoptera,Stapylinidae,Leucoparyphus sp. (juv),1
561,Coleoptera,Stapylinidae,Mycetoporus mulsanti,1
562,Coleoptera,Stapylinidae,Mycetoporus sp.,1
563,Coleoptera,Stapylinidae,Olophrum piceum,1
564,Coleoptera,Stapylinidae,Oxypoda sp.,1
565,Coleoptera,Stapylinidae,Stenus clavicornis,1
566,Coleoptera,Stapylinidae,Stenus humilis,1
567,Coleoptera,Stapylinidae,Stenus impressus,1
568,Coleoptera,Stapylinidae,Stenus mendicus,1
569,Coleoptera,Stapylinidae,Stenus sp.,1
570,Coleoptera,Stapylinidae,Stilicus rufipes,1
571,Coleoptera,Stapylinidae,Velleius sp. (juv),1
572,Coleoptera,Tenebrionidae,Tenebrionidae (juv),1
573,Coleoptera,Tenebrionidae,Tenebrionidae sp1,1
574,Lumbricidae,Lumbricidae,Aporectodea longa (juv),1
575,Lumbricidae,Lumbricidae,Aporectodea longa (ad),1
576,Lumbricidae,Lumbricidae,Lumbricus sp. (juv),1
577,Lumbricidae,Lumbricidae,Lumbricidae juv,1
578,Araneae,Hahniidae,Hahniidae (juv),1
579,Araneae,Theridiidae,Robertus scoticus (ad),1
580,NA,NA,NA,0
581,Araneae,Linyphiidae,Troxochrus nasutus (ad),1
582,Araneae,Linyphiidae,Centromerus brevivulvatus (ad),1
583,Araneae,Linyphiidae,Centromerus cavernarum (ad),1
584,Araneae,Clubionidae,Clubionidae (juv),1
585,Araneae,Linyphiidae,Diplostyla concolor (juv),1
586,Opiliones,Trogulidae,Trogulus sp juv,1
587,Araneae,Theridiidae,Robertus lividus (juv) {m},1
588,Araneae,Linyphiidae,Monocephalus fuscipes (ad),1
589,Opiliones,Trogulidae,Trogulus nepaeformis,1
590,Araneae,Lycosidae,Pardosa sp (juv),1
591,Araneae,Theridiidae,Robertus sp (ad),1
592,Chilopoda,Lithobiidae,Lithobius aeruginosus {s},1
593,Chilopoda,Lithobiidae,Lithobius aeruginosus juv,1
594,Chilopoda,Geophilidae,Geophilus Studeri juv,1
595,Chilopoda,Geophilidae,Geophilus ribauti juv,1
596,Chilopoda,Geophilidae,Geophilus studeri,1
597,Chilopoda,Lithobiidae,Lithobius tricuspis,1
598,Chilopoda,Linotaeniidae,Strigamia acuminata juv,1
599,Chilopoda,Lithobiidae,Lithobius  mutabilis juv,1
600,Chilopoda,Lithobiidae,Lithobius lapidicola,1
601,Chilopoda,Geophilidae,Geophilus flavus juv,1
602,Chilopoda,Lithobiidae,Lithobius calcaratus juv,1
603,Chilopoda,Lithobiidae,Lithobius subtilis,1
604,Chilopoda,Schendylidae,Schendyla nemorensis  juv,1
605,Chilopoda,Geophilidae,Geophilus electricus juv,1
606,Oribatida,Achipteriidae,Achipteria nitens,1
607,Oribatida,Oppiidae,Berniniella dungeri,1
608,Oribatida,Cymberemaeidae,Cymberemaeus cymba,1
609,Oribatida,Ceratozetidae,Edwarzetes edwardsii,1
610,Oribatida,Damaeidae,Epidamaeus setiger,1
611,Oribatida,Ceratozetidae,Fuscozetes setosus,1
612,Oribatida,Belbodamaeidae,Hungarobelba pyrenaica,1
613,Oribatida,Ceratozetidae,Jugatala angulata,1
614,Oribatida,Liacaridae,Liacarus coracinus,1
615,Oribatida,Liacaridae,Liacarus subterraneus,1
616,Oribatida,Achipteriidae,Parachipteria punctata,1
617,Oribatida,Phthiracaridae,Phthiracarus crenophilus ?,1
618,Oribatida,Phthiracaridae,Phthiracarus crinitus,1
619,Oribatida,Phthiracaridae,Phthiracarus ferrugineus,1
620,Oribatida,Phthiracaridae,Phthiracarus italicus,1
621,Oribatida,Phthiracaridae,Phthiracarus stramineus,1
622,Oribatida,Quadroppiidae,Quadroppia hammerae,1
623,Oribatida,Ceratozetidae,Sphaerozetes piriformes,1
624,Oribatida,Suctobelbidae,Suctobelba trigona,1
625,Oribatida,Suctobelbidae,Suctobelbella spp.,1
626,Oribatida,Tectocepheidae,Tectocepheus velatus velatus,1
627,Oribatida,Ceratozetidae,Trichoribates novus,1
628,Coleoptera,Byrrhidae,Byrrhidae sp1,1
629,Coleoptera,Cantharidae,Malthinus seriepunctatus (juv),1
630,Coleoptera,Carabidae,Abax ovalis (juv),1
631,Coleoptera,Carabidae,Pterostichus sp.,1
632,Coleoptera,Carabidae,Carabidae sp1,1
633,Coleoptera,Coccinelidae,Anatis ocellata,1
634,Coleoptera,Curculionidae,Rhynchaeninae sp1,1
635,Coleoptera,Lathrididae,Lathrididae sp1,1
636,Coleoptera,Stapylinidae,Philonthus carbonarius,1
637,Coleoptera,Stapylinidae,Tachinus scapularis,1
638,Coleoptera,Stapylinidae,Xantholinus tricolor,1
639,Isopoda,Armadillidae,Armadillidium opacum,1
640,Diplopoda,Glomeridae,Glomeris hexasticha,1
641,Collembola,Tullbergiidae,Mesaphorura yosii,1
642,Diplopoda,Polydesmidae,Polydesmus denticulatus,1
643,Isopoda,Porcellionidae,Porcellio dilatatus,1
644,Isopoda,Porcellionidae,Porcellio montanus,1
645,Isopoda,Trichoniscidae,Trichoniscus pygmaeus,1
646,Mesostigmata,Ascidae,Asca bicornis (ad),1
647,Mesostigmata,Rhodacaridae,Cornodendrolaelaps cf cornutulus (ad),1
648,Mesostigmata,Epicriidae,Epicrius cf spinituberculatus (ad),1
649,Mesostigmata,Eviphididae,Zerconidae (juv),1
650,Mesostigmata,Macrochelidae,Geholaspis mandibularis (juv.),1
651,Mesostigmata,Pergamasinae,Lysigamasus celticus (ad),1
652,Mesostigmata,Pergamasinae,Lysigamasus cf rostriforceps (ad),1
653,Mesostigmata,Pergamasinae,Lysigamasus cf arcuatus (ad),1
654,Mesostigmata,Pergamasinae,Lysigamasus digitulus (ad),1
655,Mesostigmata,Pergamasinae,Lysigamasus minorleitneriae (ad),1
656,Mesostigmata,Pergamasinae,Lysigamasus misellus (ad),1
657,Mesostigmata,Pergamasinae,Lysigamasus parunciger (ad),1
658,Mesostigmata,Pergamasinae,Lysigamasus truncellus (ad),1
659,Mesostigmata,Pergamasinae,Lysigamasus cf wasmanni (ad),1
660,Mesostigmata,Pachylaelapidae,Pachylaelaps cf vexillifer (ad),1
661,Mesostigmata,Pergamasinae,Pergamasus septentrionalis (ad),1
662,Mesostigmata,Zerconidae,Prozercon cf traeghardi (ad),1
663,Mesostigmata,Rhodacaridae,Rhodacarus agrestis (ad),1
664,Mesostigmata,Trematuridae,Trichouropoda cf obscura (juv),1
665,Mesostigmata,Veigaiaidae,Veigaia cf mollis (juv),1
666,Mesostigmata,Parasitidae,Vulgarogamasus remberti (ad),1
667,Mesostigmata,Zerconidae,Zercon cf romagniolus (ad),1
668,Mesostigmata,Zerconidae,Zercon cf triangularis (ad),1
669,Mesostigmata,Macrochelidae,Macrochelidae (juv),1
670,Mesostigmata,Pergamasinae,Paragamasus sp (ad),1
671,Mesostigmata,Hypoaspididae,Hypoaspididae (juv),1
672,Mesostigmata,Rhodacaridae,Rhodacarus agrestis (juv),1
673,Mesostigmata,Uropodidae,Uropoda athiasae (juv),1
674,Araneae,Linyphiidae,Centromerus serratus (ad),1
675,Araneae,Thomisidae,Ozyptila sp (juv),1
676,Collembola,Arrhopalitidae,Arrhophalites sp.,1
677,Collembola,Poduridae,Brachystomella parvula,1
678,Collembola,Hypogastruridae,Ceratophysella sp.,1
679,Collembola,Dicyrtomidae,Dicyrtomina ornata,1
680,NA,NA,NA,0
681,Collembola,Entomobryidae,Entomobryidae juv.,1
682,Collembola,Isotomidae,Folsomia juv.,1
683,Collembola,Isotomidae,Folsomia ksenemani,1
684,Collembola,Onychiuridae,Hymenaphorura juv.,1
685,Collembola,Isotomidae,Isotoma hiemalis,1
686,Collembola,Isotomidae,Isotoma juv. (cf. viridis),1
687,Collembola,Entomobryidae,Lepidocyrtus curvicolis,1
688,Collembola,Entomobryidae,Lepidocyrtus lignorum,1
689,Collembola,Entomobryidae,Lepidocyrtus juv.,1
690,Collembola,Tullbergiidae,Mesaphorura italica,1
691,Collembola,Tullbergiidae,Mesaphorura macrochaeta,1
692,Collembola,Tullbergiidae,Mesaphorura sylvatica,1
693,Collembola,Tullbergiidae,Mesaphorura tenuisensillata,1
694,Collembola,Neanuridae,Micanurida forsslundi,1
695,Collembola,Neanuridae,Micranurida juv.,1
696,Collembola,Neanuridae,Neanura muscorum,1
697,Collembola,Tullbergiidae,Neonaphorura dubosqi,1
698,Collembola,Onychiuridae,Neotullbergia ramicuspis,1
699,Collembola,Entomobryidae,Orchesella cf. flavescens,1
700,57,Chilopoda,NA,1
701,Chilopoda,Lithobiidae,Lithobius curtipes {m},1
702,Chilopoda,Lithobiidae,Lithobius curtipes {l},1
703,65,Chilopoda,NA,1
704,Chilopoda,Lithobiidae,Lithobius sp. Juv {l},1
705,Chilopoda,Lithobiidae,Lithobius sp1 {l},1
706,Chilopoda,Lithobiidae,Lithobius sp2 {l},1
707,Chilopoda,Lithobiidae,Lithobius sp3 {m},1
708,74,Chilopoda,NA,1
709,NA,NA,NA,0
710,75,Chilopoda,NA,1
711,NA,NA,NA,0
712,77,Chilopoda,NA,1
713,87,Chilopoda,NA,1
714,87,Chilopoda,NA,1
715,NA,NA,NA,0
716,79,Chilopoda,NA,1
717,Symphyla,Scutigerellidae,Scutigerella immaculata {s},1
718,Symphyla,Scutigerellidae,Scutigerella immaculata {m},1
719,Symphyla,Scolopendrellidae,Scolopendrella sp./subnuda {m},1
720,Coleoptera,Elateridae,Athous subfuscus (juv) {l},1
721,Coleoptera,Elateridae,Athous zebei (juv) {m},1
722,Coleoptera,Elateridae,Athous zebei (juv) {l},1
723,Coleoptera,Elateridae,Dalopius marginatus (juv) {l},1
724,Coleoptera,Elateridae,Elateridae sp1 (juv) {l},1
725,Coleoptera,Scydmanidae,Scydmaenidae sp0 {xxl},1
726,135,Coleoptera,Atheta sp.,1
727,NA,NA,NA,0
728,Araneae,Amaurobiidae,Coelotes sp (juv) {xl},1
729,NA,NA,NA,0
730,178,Araneae,Linyphidae,1
731,NA,NA,NA,0
732,NA,NA,NA,0
733,Araneae,Theridiidae,Robertus sp (juv) {l},1
734,Mesostigmata,Parasitidae,Parasitidae (juv) {s},1
735,Mesostigmata,Pergamasinae,Pergamasinae (juv) {s},1
736,Mesostigmata,Pergamasinae,Pergamasus sp (juv) {m},1
737,Mesostigmata,Trachytidae,Trachytes aegrota (juv) {s},1
738,Mesostigmata,Trachytidae,Trachytes pauperior (ad) {s},1
739,262,Mesostigmata,Veigeia,1
740,Lumbricidae,Lumbricidae,Aporrectodea caliginosa (juv) {xxl},1
741,Lumbricidae,Lumbricidae,Aporrectodea caliginosa (juv) {xxxl},1
742,Lumbricidae,Lumbricidae,Aporrectodea sp (juv) {xxl},1
743,Lumbricidae,Lumbricidae,Lumbricus rubellus (ad) {xxl},1
744,Lumbricidae,Lumbricidae,Lumbricus rubellus (juv) {xxl},1
745,Lumbricidae,Lumbricidae,Lumbricus terrestris (juv) {xxl},1
746,Lumbricidae,Lumbricidae,Lumbricus terrestris (juv) {xxxl},1
747,Lumbricidae,Lumbricidae,Octolasion tyrtaeum (ad) {xxxl},1
748,Lumbricidae,Lumbricidae,Octolasion tyrtaeum (juv) {xxl},1
749,Diplura,Campodeidae,Campodea sp {l},1
750,Isopoda,Trichoniscidae,Trichoniscus pusillus {m},1
751,Isopoda,Trichoniscidae,Trichoniscus pusillus {l},1
752,Diplopoda,Julidae,Allaiulus nitidus juv,1
753,Diplopoda,Julidae,Allaiulus nitidus {xxl},1
754,Diplopoda,Chordeumatidae,Chordeumatidae juv {m},1
755,Diplopoda,Chordeumatidae,Chordeumatidae juv {s},1
756,Diplopoda,Glomeridae,Glomeris conspersa {xl},1
757,Diplopoda,Glomeridae,Glomeris spec juv {xl},1
758,Diplopoda,Julidae,Julidae juv spec {l},1
759,Araneae,Linyphiidae,Linyphiidae cf Erigoniinae (juv) {m},1
760,NA,NA,NA,0
761,NA,NA,NA,0
762,Araneae,Theridiidae,Robertus lividus (juv) {l},1
763,Chilopoda,Lithobiidae,Lithobius aeruginosus {m},1
764,Chilopoda,Lithobiidae,Lithobius aeruginosus {l},1
765,NA,NA,NA,0
766,NA,NA,NA,0
767,NA,NA,NA,0
768,Coleoptera,Stapylinidae,Atheta sp. (juv),1
769,Coleoptera,Stapylinidae,Othius sp. (juv),1
770,Coleoptera,Stapylinidae,Xantholinus sp. (juv),1
771,Coleoptera,Stapylinidae,Staphylinidae sp1 (juv),1
772,Collembola,Tullbergiidae,Paratullbergia macdougalli,1
773,Collembola,Entomobryidae,Pseudosinella decipiens,1
774,Collembola,Hypogastruridae,Xenylla grisea,1
775,NA,NA,NA,0
776,NA,NA,NA,0
777,NA,NA,NA,0
778,NA,NA,NA,0
779,NA,NA,NA,0
780,NA,NA,NA,0
781,NA,NA,NA,0
782,NA,NA,NA,0
783,NA,NA,NA,0
784,NA,NA,NA,0
785,NA,NA,NA,0
786,NA,NA,NA,0
787,NA,NA,NA,0
788,NA,NA,NA,0
789,NA,NA,NA,0
790,NA,NA,NA,0
791,NA,NA,NA,0
792,NA,NA,NA,0
793,NA,NA,NA,0
794,NA,NA,NA,0
795,NA,NA,NA,0
796,NA,NA,NA,0
797,NA,NA,NA,0
798,NA,NA,NA,0
799,NA,NA,NA,0
800,Gastropoda,Oxychilidae,Aegopinella nitens,1
801,NA,NA,NA,0
802,Gastropoda,Enidae,Ena montana,1
803,Gastropoda,Enidae,Ena montana juv,1
804,Gastropoda,Helicidae,Helicigona lapicida,1
805,Gastropoda,Helicodontidae,Helicodonta obvoluta,1
806,Gastropoda,Helicodontidae,Helicodonta obvoluta juv,1
807,Gastropoda,Hygromiidae,Monachoides incarnatus,1
808,Gastropoda,Hygromiidae,Monachoides incarnatus juv,1
809,Gastropoda,Oxychilidae,Aegopinella nitens,1
810,Gastropoda,Oxychilidae,Aegopinella nitens juv,1
811,Gastropoda,Patulidae,Discus rotundatus,1
812,Gastropoda,Patulidae,Discus rotundatus juv,1
813,Gastropoda,Oxychilidae,Nesovitrea hammonis,1
814,Gastropoda,Oxychilidae,Nesovitrea hammonis juv,1
815,Gastropoda,Arionidae,Arion silvaticus,1
816,Gastropoda,Helicidae,Trichia striolata,1
817,Gastropoda,Helicidae,Trichia striolata juv,1
818,Gastropoda,Hygromiidae,Monachoides incarnatus,1
819,Gastropoda,Hygromiidae,Monachoides incarnatus juv,1
820,Gastropoda,Arionidae,Arion fuscus,1
821,Gastropoda,Euconulidae,Euconulus fulvus,1
822,Gastropoda,Limacidae,Limacidae spec,1
823,Gastropoda,Clausiliidae,Cochlodina laminata,1
824,NA,NA,NA,0
825,Gastropoda,Helicidae,Helicidae spec juv,1
826,Gastropoda,Oxychilidae,Aegopinella pura,1
827,Gastropoda,Oxychilidae,Aegopinella pura juv,1
828,Gastropoda,Arionidae,Arion ater,1
829,Gastropoda,Limacidae,Limax cinereoniger,1
830,Gastropoda,Oxychilidae,Aegopinella nitidula,1
831,Gastropoda,Oxychilidae,Aegopinella nitidula juv,1
832,Gastropoda,Clausiliidae,Clausilia bidentata,1
833,Gastropoda,Clausiliidae,Clausilia bidentata juv,1
834,Gastropoda,Cochlicopidae,Cochlicopa lubrica,1
835,Gastropoda,Gastopoda spec,Gastropoda spec juv,1
836,Gastropoda,Pristilomatidae,Vitrea diaphana,1
837,Gastropoda,Pristilomatidae,Vitrea diaphana juv,1
838,Gastropoda,Helicidae,Cepea hortensis,1
839,Gastropoda,Helicidae,Cepea hortensis juv,1
840,Gastropoda,Clausiliidae,Macrogastra ventricosa,1
841,Gastropoda,Helicidae,Arianta arbustorum,1
842,Gastropoda,Arionidae,Arionidae spec,1
843,Gastropoda,Azecidae,Azeca goodalli,1
844,Gastropoda,Helicidae,Cepea nemoralis,1
845,Gastropoda,Arionidae,Arion intermedicus,1
846,Gastropoda,Limacidae,Lehmannia marginata,1
847,NA,NA,NA,0
848,NA,NA,NA,0
849,NA,NA,NA,0
850,Coleoptera,Buprestidae,Buprestidae spec,1
851,Coleoptera,Cantharidae,Cantharidae spec,1
852,Coleoptera,Chrysomeldiae,Luperus Luperus,1
853,Coleoptera,Curculionidae,Phyllobius spec,1
854,Coleoptera,Curculionidae,Phyllobius callacartus,1
855,Coleoptera,Curculionidae,Curculionidae spec,1
856,Coleoptera,Geotrupidae,Geotrupes spec,1
857,Coleoptera,Larve spec,Larve spec,1
858,Coleoptera,Stapylinidae,Staphylinidae spec,1
859,Coleoptera,Carabidae,Abax ovalis,1
860,Coleoptera,Carabidae,Abax parallelepipedus,1
861,Coleoptera,Elateridae,Elateridae spec,1
862,Coleoptera,Carabidae,Calathus melanocephalus,1
863,Coleoptera,Coleoptera spec,Coleoptera spec,1
864,Coleoptera,Curculionidae,Brachysomus spec,1
865,Coleoptera,Carabidae,Carabidae spec juv,1
866,Coleoptera,Chrysomeldiae,Chrysomelidae spec,1
867,Coleoptera,Phalacridae,Phalacridae spec,1
868,Coleoptera,Carabidae,Cychrus attenuatus,1
869,Coleoptera,Carabidae,Trechinae spec,1
870,Coleoptera,Curculionidae,Sitona spec,1
871,Coleoptera,Curculionidae,Brachyderinae spec,1
872,Coleoptera,Curculionidae,Otioryhnchinae spec,1
873,Coleoptera,Ptilidae,Ptilidae spec,1
874,Coleoptera,Carabidae,Notiophilus spec,1
875,Coleoptera,Carabidae,Carabidae spec,1
876,Coleoptera,Curculionidae,Phyllobius oblongus,1
877,Coleoptera,Carabidae,Crychus caraboides,1
878,Coleoptera,Nitidulidae,Nitidulidae spec,1
879,Coleoptera,Anthicidae,Anthicidae spec,1
880,Coleoptera,Scolytidae,Scolytidae spec,1
881,Coleoptera,Carabidae,Abax spec,1
882,Coleoptera,Rhynchaeninae,Rhynchaenus fagi,1
883,Coleoptera,Anthicidae,Anthicus floralis,1
884,Coleoptera,Carabidae,Harpalinae spec,1
885,Coleoptera,Carabidae,Molops piceus,1
886,Coleoptera,Carabidae,Amara aenea,1
887,Coleoptera,Apionidae,Apionidae spec,1
888,Coleoptera,Carabidae,Harpalus affinis,1
889,Coleoptera,Scarabeidae,Scarabeidae spec juv,1
890,Coleoptera,Cantharidae,Cantharidae spec juv,1
891,Coleoptera,Curculionidae,Phyllobius pyri,1
892,Coleoptera,Geotrupidae,Geotrupidae spec,1
893,Coleoptera,Carabidae,Pterostichinae spec,1
894,Coleoptera,Anthicidae,Anthicus flavipes,1
895,Coleoptera,Carabidae,Microlestes minutulus,1
896,Coleoptera,Chrysomeldiae,Chrysomelidae spec juv,1
897,Coleoptera,Carabidae,Oodes helipioides,1
898,Coleoptera,Erotylidae,Erotylidae spec,1
899,Coleoptera,Carabidae,Synuchus nivalis,1
900,Coleoptera,Carabidae,Pamagaeus bipustulatus,1
901,Coleoptera,Carabidae,Carabus nemoralis,1
902,Coleoptera,Coccinellidae,Coccinella septempunctata,1
903,Coleoptera,Scolytidae,Scolytidae spec,1
904,NA,NA,NA,0
905,NA,NA,NA,0
906,NA,NA,NA,0
907,NA,NA,NA,0
908,NA,NA,NA,0
909,NA,NA,NA,0
910,Isopoda,Cylisticidae,Cylisticus spec,1
911,Isopoda,Trichoniscidae,Trichoniscus spec,1
912,Isopoda,Trachelipidae,Trachelipus ratzeburgii,1
913,Isopoda,Armadillidae,Armadillidium spec,1
914,Isopoda,Philosciidae,Philoscia muscorum,1
915,Isopoda,Porcellionidae,Porcellio spec,1
916,Isopoda,Trachelipidae,Trachelipus spec,1
917,Isopoda,Porcellionidae,Porcellio conspersum,1
918,NA,NA,NA,0
919,NA,NA,NA,0
920,Diplopoda,Glomeridae,Glomeris spec,1
921,Chilopoda,Chilopoda spec,Chilopoda spec,1
922,NA,NA,NA,0
923,NA,NA,NA,0
924,NA,NA,NA,0
925,NA,NA,NA,0
926,NA,NA,NA,0
927,NA,NA,NA,0
928,NA,NA,NA,0
929,NA,NA,NA,0
930,Araneae,Linyphiidae,Asthenargus paganus,1
931,Araneae,Linyphiidae,Ceratinella brevis,1
932,Araneae,Agelenidae,Agelenidae spec juv,1
933,Araneae,Dysderidae,Harpactea lepida (juv),1
934,Araneae,Dysderidae,Harpactea lepida (ad),1
935,Araneae,Linyphiidae,Walckenaeria furcillata,1
936,Araneae,Salticidae,Euophrys frontalis,1
937,Araneae,Agelenidae,Histopona torpida,1
938,Araneae,Linyphiidae,Bathyphantes gracilis,1
939,Araneae,Linyphiidae,Tenuiphantes mengei,1
940,Araneae,Linyphiidae,Tenuiphantes tenuis,1
941,Araneae,Linyphiidae,Walckenaeria antica,1
942,Araneae,Theridiidae,Theridiidae juv spec,1
943,Araneae,Linyphiidae,Walckenaeria nudipalpis,1
944,Araneae,Linyphiidae,Porrhomma microphthalmum,1
945,Araneae,Mimetidae,Ero furcata,1
946,Araneae,Linyphiidae,Linyphia hortensis,1
947,Araneae,Salticidae,Salticidae spec juv,1
948,Araneae,Tetragnathidae,Metellina segmentata,1
949,Araneae,Amaurobiidae,Eurocoelotes inermis,1
950,Araneae,Linyphiidae,Centromerus prudens,1
951,Araneae,Linyphiidae,Pocadicnemis juncea,1
952,Araneae,Lycosidae,Pardosa lugubris,1
953,Araneae,Dictynidae,Dictyna latens,1
954,Araneae,Thomisidae,Thomisidae spec juv,1
955,Araneae,Linyphiidae,Palliduphantes pallidus,1
956,NA,NA,NA,0
957,Araneae,Linyphiidae,Walckenaeria atrotibialis,1
958,Araneae,Liocranidae,Apostenus fuscus,1
959,Araneae,Araneidae,Araneidae spec juv,1
960,Araneae,Linyphiidae,Microlinyphia pusilla,1
961,Araneae,Linyphiidae,Pelecopsis radicicola,1
962,Araneae,Linyphiidae,Walckenaeria corniculans,1
963,Araneae,Linyphiidae,Saaristoa abnormis,1
964,Araneae,Linyphiidae,Dicymbium brevisetosum,1
965,Araneae,Theridiidae,Enoplognatha ovata,1
966,Araneae,Linyphiidae,Walckenaeria cuspidata,1
967,Araneae,Thomisidae,Ozyptila trux,1
968,Araneae,Linyphiidae,Donacochara speciosa,1
969,Araneae,Linyphiidae,Gonatium rubens,1
970,Araneae,Amaurobiidae,Callobius claustrarius,1
971,Araneae,Araneidae,Araniella cucurbitina,1
972,Araneae,Linyphiidae,Ceratinella scabrosa,1
973,Araneae,Lycosidae,Lycosidae spec juv,1
974,Araneae,Salticidae,Euophrys herbigrada,1
975,Araneae,Zoridae,Zora spinimana (juv),1
976,Araneae,Liocranidae,Liocranidae spec juv,1
977,Araneae,Philodromidae,Philodromus dispar,1
978,Araneae,Philodromidae,Philodromidae spec juv,1
979,Araneae,Dictynidae,Dictynidae spec juv,1
980,Araneae,Thomisidae,Xysticus erraticus,1
981,Araneae,Zordae,Zora spinimana,1
982,Araneae,Gnaphosidae,Haplodrassus silvstris,1
983,Araneae,Linyphiidae,Gongylidiellum latebricola,1
984,Araneae,Tetragnathidae,Pachygnatha degeeri,1
985,Araneae,Thomisidae,Xysticus cristatus,1
986,Araneae,Clubionidae,Clubiona pallidula,1
987,Araneae,Thomisidae,Ozyptila particola,1
988,Araneae,Corinnidae,Corrinidae spec juv,1
989,Araneae,Salticidae,Evarcha arcuata,1
990,Araneae,Amaurobiidae,Amaurobius fenestralis,1
991,Araneae,Anyphaenidae,Anyphaena accentuata juv,1
992,NA,NA,NA,0
993,NA,NA,NA,0
994,NA,NA,NA,0
995,NA,NA,NA,0
996,NA,NA,NA,0
997,NA,NA,NA,0
998,NA,NA,NA,0
999,NA,NA,NA,0
1000,NA,NA,NA,0