SLN_ID,n_lumped,n_cross_guild
1,4,3
10,6,3
100,4,3
1000,3,2
101,3,2
102,4,3
103,6,3
104,5,2
105,4,4
106,5,2
107,6,3
108,7,3
109,3,3
11,5,3
110,4,2
111,4,2
112,3,2
113,4,3
114,3,1
115,5,3
116,5,3
117,5,3
118,6,5
119,6,4
12,6,2
120,5,1
121,4,3
122,2,2
123,3,3
124,4,2
125,6,2
126,5,2
127,6,3
128,6,4
129,4,2
13,5,2
130,7,3
131,7,1
132,3,2
133,5,4
134,3,2
135,5,2
136,6,2
137,6,3
138,5,3
139,5,4
14,5,3
140,3,1
141,3,2
142,4,2
143,4,2
144,6,3
145,4,0
146,4,2
147,4,1
148,5,3
149,4,3
15,4,3
150,5,2
151,3,1
152,6,4
153,4,3
154,4,2
155,7,5
156,3,2
157,5,2
158,5,2
159,4,4
16,4,1
160,7,6
161,4,3
162,5,2
163,3,2
164,3,2
165,3,1
166,6,4
167,4,3
168,6,2
169,4,2
17,6,4
170,4,3
171,3,2
172,3,2
173,5,3
174,5,3
175,6,1
176,5,2
177,5,4
178,4,4
179,3,2
18,3,1
180,4,3
181,3,2
182,5,3
183,5,3
184,3,1
185,3,2
186,3,2
187,5,3
188,5,4
189,4,3
19,5,2
190,4,3
191,5,3
192,3,2
193,5,3
194,4,2
195,4,3
196,4,3
197,2,1
198,4,2
199,4,3
2,5,1
20,4,4
200,4,3
201,2,2
202,4,4
203,4,2
204,4,1
205,5,3
206,7,4
207,5,4
208,5,4
209,5,4
21,5,4
210,4,4
211,5,3
212,6,3
213,3,2
214,3,2
215,5,4
216,5,4
217,6,4
218,3,3
219,4,2
22,3,3
220,3,2
221,4,2
222,4,3
223,7,4
224,4,1
225,3,2
226,4,3
227,6,4
228,4,2
229,4,3
23,7,4
230,3,1
231,5,2
232,4,2
233,1,0
234,2,2
235,2,1
236,6,4
237,6,4
238,3,1
239,5,4
24,0,0
240,4,3
241,4,3
242,4,3
243,4,3
244,5,2
245,2,0
246,4,2
247,5,3
248,4,2
249,6,5
25,5,3
250,3,2
251,4,1
252,4,2
253,4,2
254,6,3
255,6,2
256,5,3
257,6,4
258,4,2
259,5,2
26,6,2
260,4,3
261,3,2
262,4,4
263,3,0
264,5,4
265,5,3
266,4,2
267,5,3
268,3,2
269,4,3
27,5,4
270,6,3
271,4,3
272,4,3
273,3,2
274,3,2
275,4,3
276,6,2
277,3,1
278,4,1
279,4,3
28,4,4
280,4,2
281,4,1
282,3,2
283,4,2
284,4,1
285,4,3
286,5,2
287,5,3
288,6,4
289,7,4
29,4,3
290,4,3
291,2,2
292,5,4
293,3,3
294,4,2
295,2,2
296,4,3
297,7,4
298,4,2
299,2,2
3,5,3
30,5,2
300,5,4
301,4,3
302,2,1
303,6,3
304,5,3
305,5,1
306,5,1
307,4,2
308,3,1
309,3,1
31,4,2
310,4,1
311,5,4
312,6,5
313,5,4
314,4,4
315,4,2
316,5,2
317,5,3
318,3,1
319,4,2
32,4,3
320,6,3
321,3,2
322,3,1
323,5,3
324,3,2
325,8,6
326,4,3
327,3,2
328,6,5
329,5,4
33,2,2
330,5,4
331,5,4
332,3,3
333,6,1
334,5,1
335,5,2
336,6,4
337,6,2
338,6,4
339,4,3
34,5,4
340,3,1
341,5,3
342,6,4
343,5,4
344,3,2
345,3,2
346,6,5
347,2,1
348,4,2
349,5,4
35,3,2
350,5,1
351,2,2
352,6,4
353,4,2
354,3,3
355,6,4
356,4,2
357,3,3
358,6,2
359,7,3
36,3,2
360,4,2
361,4,2
362,5,3
363,6,2
364,4,2
365,4,2
366,5,5
367,4,3
368,4,3
369,2,2
37,4,3
370,4,2
371,2,2
372,2,2
373,3,1
374,5,3
375,4,2
376,3,2
377,5,4
378,4,3
379,5,3
38,8,4
380,5,2
381,6,3
382,4,3
383,6,3
384,4,2
385,4,3
386,6,3
387,6,4
388,5,3
389,5,4
39,5,4
390,8,3
391,5,3
392,5,2
393,5,1
394,3,1
395,6,2
396,6,4
397,4,3
398,4,3
399,4,3
4,2,2
40,3,2
400,6,5
401,2,1
402,4,4
403,4,2
404,2,2
405,3,2
406,2,1
407,6,3
408,5,4
409,2,1
41,3,2
410,4,1
411,5,3
412,5,3
413,4,3
414,5,3
415,4,3
416,5,3
417,5,4
418,4,3
419,5,4
42,6,3
420,5,3
421,5,3
422,3,1
423,4,2
424,4,3
425,5,3
426,5,3
427,5,3
428,6,4
429,3,2
43,4,3
430,3,2
431,5,3
432,6,1
433,3,1
434,5,1
435,6,5
436,3,3
437,3,1
438,3,2
439,4,3
44,4,3
440,5,4
441,6,2
442,5,3
443,4,2
444,4,3
445,3,3
446,5,4
447,6,4
448,4,4
449,6,2
45,6,4
450,4,3
451,6,4
452,5,3
453,4,2
454,4,3
455,5,2
456,7,4
457,2,1
458,4,3
459,4,4
46,3,2
460,3,2
461,4,2
462,3,3
463,5,3
464,4,3
465,6,4
466,5,3
467,4,2
468,4,2
469,3,3
47,4,3
470,5,3
471,6,3
472,5,2
473,6,3
474,7,2
475,6,3
476,4,3
477,5,2
478,3,2
479,6,3
48,3,2
480,6,4
481,4,3
482,3,2
483,5,5
484,5,1
485,4,3
486,6,3
487,5,3
488,4,4
489,4,2
49,6,4
490,7,1
491,4,3
492,4,1
493,6,6
494,3,2
495,4,2
496,3,3
497,5,3
498,2,1
499,6,3
5,5,4
50,7,3
500,5,3
501,3,1
502,4,1
503,4,2
504,4,3
505,4,3
506,7,4
507,6,3
508,6,3
509,4,2
51,4,1
510,6,3
511,3,3
512,4,3
513,7,4
514,4,2
515,6,3
516,5,2
517,4,3
518,5,3
519,3,2
52,5,2
520,4,3
521,4,3
522,5,4
523,6,5
524,5,4
525,4,3
526,2,1
527,3,1
528,7,5
529,4,2
53,4,2
530,5,3
531,3,1
532,5,3
533,6,3
534,3,1
535,5,4
536,6,3
537,5,4
538,4,2
539,4,2
54,4,2
540,5,4
541,5,2
542,5,3
543,4,2
544,4,1
545,6,4
546,4,3
547,3,2
548,4,2
549,5,4
55,3,3
550,4,3
551,5,4
552,5,5
553,7,5
554,3,3
555,5,3
556,4,4
557,4,1
558,4,4
559,5,3
56,7,2
560,5,1
561,2,2
562,6,3
563,5,3
564,5,4
565,5,3
566,5,3
567,4,2
568,4,2
569,6,3
57,2,2
570,5,2
571,4,3
572,5,4
573,3,1
574,3,2
575,5,3
576,3,2
577,5,2
578,6,3
579,4,2
58,7,6
580,5,3
581,5,2
582,6,2
583,4,4
584,6,4
585,6,3
586,5,3
587,4,3
588,5,3
589,4,3
59,5,4
590,3,3
591,4,2
592,3,2
593,5,3
594,5,3
595,4,3
596,6,4
597,5,3
598,4,2
599,6,2
6,5,4
60,4,3
600,4,3
601,8,5
602,5,3
603,4,2
604,3,2
605,5,4
606,3,2
607,5,4
608,3,2
609,5,4
61,5,3
610,5,4
611,3,3
612,3,1
613,3,2
614,4,3
615,2,1
616,6,5
617,7,4
618,4,2
619,3,3
62,6,1
620,6,2
621,2,2
622,4,3
623,3,3
624,5,3
625,3,2
626,6,4
627,5,2
628,7,3
629,4,2
63,5,3
630,5,3
631,6,4
632,2,2
633,7,4
634,5,2
635,4,3
636,6,2
637,4,3
638,4,3
639,3,1
64,4,2
640,5,3
641,5,3
642,7,3
643,8,5
644,5,3
645,6,3
646,6,4
647,6,3
648,6,3
649,4,3
65,5,5
650,5,2
651,4,3
652,6,3
653,3,3
654,8,5
655,5,4
656,3,2
657,5,3
658,5,4
659,4,2
66,5,5
660,6,5
661,4,2
662,3,1
663,4,3
664,3,2
665,5,3
666,4,4
667,6,2
668,2,2
669,4,2
67,5,2
670,2,2
671,2,2
672,4,2
673,2,2
674,3,1
675,6,4
676,4,3
677,8,2
678,6,3
679,5,2
68,5,4
680,5,4
681,7,4
682,6,5
683,3,1
684,2,2
685,6,4
686,5,3
687,3,3
688,4,3
689,5,2
69,6,4
690,4,4
691,7,5
692,4,2
693,4,2
694,6,3
695,3,2
696,6,5
697,7,4
698,6,2
699,4,3
7,5,3
70,5,2
700,4,1
701,4,2
702,4,1
703,4,2
704,7,3
705,5,2
706,3,2
707,2,1
708,5,3
709,4,2
71,5,4
710,2,2
711,3,1
712,4,3
713,4,2
714,3,3
715,6,4
716,4,2
717,7,5
718,4,3
719,4,3
72,3,2
720,5,2
721,4,2
722,8,4
723,4,3
724,4,4
725,4,2
726,3,2
727,3,2
728,3,3
729,3,2
73,3,2
730,7,3
731,6,3
732,5,4
733,5,1
734,5,4
735,4,4
736,5,3
737,6,3
738,3,2
739,5,3
74,4,3
740,4,2
741,5,4
742,5,4
743,7,4
744,6,4
745,4,4
746,4,2
747,5,3
748,4,1
749,4,3
75,3,2
750,5,1
751,3,1
752,4,2
753,5,4
754,4,3
755,4,2
756,4,1
757,6,4
758,7,2
759,4,2
76,6,3
760,4,3
761,4,2
762,6,3
763,3,2
764,5,4
765,2,1
766,5,2
767,5,2
768,6,3
769,3,2
77,3,1
770,4,1
771,2,1
772,4,3
773,8,5
774,6,4
775,3,2
776,3,2
777,2,2
778,3,3
779,4,1
78,5,5
780,6,3
781,6,3
782,5,2
783,6,5
784,6,3
785,3,1
786,4,3
787,4,1
788,4,2
789,4,3
79,5,3
790,4,2
791,7,3
792,5,5
793,5,3
794,5,3
795,6,3
796,7,6
797,3,3
798,3,1
799,5,2
8,3,1
80,4,1
800,5,4
801,4,3
802,5,2
803,2,2
804,4,3
805,5,3
806,3,2
807,6,2
808,7,5
809,5,1
81,6,4
810,3,1
811,6,3
812,3,1
813,3,2
814,5,3
815,4,2
816,4,3
817,4,1
818,5,1
819,4,2
82,4,2
820,7,3
821,6,4
822,3,2
823,6,4
824,5,3
825,5,3
826,3,2
827,5,2
828,3,3
829,5,3
83,4,3
830,7,2
831,5,2
832,7,2
833,4,3
834,4,2
835,4,2
836,4,3
837,4,3
838,4,1
839,3,2
84,6,2
840,3,2
841,5,3
842,5,3
843,3,1
844,5,4
845,4,3
846,5,3
847,4,3
848,5,3
849,6,3
85,4,3
850,4,3
851,5,1
852,5,4
853,7,4
854,5,3
855,4,3
856,3,3
857,5,4
858,4,3
859,5,3
86,4,1
860,6,4
861,5,2
862,7,3
863,6,4
864,5,5
865,5,5
866,4,3
867,5,4
868,4,2
869,6,4
87,8,4
870,5,1
871,5,3
872,5,3
873,7,3
874,4,2
875,6,4
876,3,1
877,5,3
878,2,2
879,6,3
88,4,2
880,5,1
881,6,4
882,6,5
883,6,3
884,3,2
885,6,4
886,5,3
887,6,3
888,3,0
889,4,2
89,4,2
890,3,2
891,5,3
892,3,2
893,5,3
894,6,5
895,6,4
896,4,2
897,3,2
898,5,3
899,3,2
9,5,3
90,4,3
900,7,4
901,3,1
902,5,3
903,5,1
904,3,2
905,6,4
906,5,3
907,5,4
908,4,4
909,2,1
91,5,0
910,3,1
911,8,2
912,6,3
913,4,1
914,5,3
915,2,1
916,3,3
917,4,1
918,4,4
919,6,3
92,8,4
920,4,3
921,5,3
922,3,2
923,5,3
924,4,2
925,5,3
926,4,3
927,8,3
928,4,2
929,8,6
93,4,3
930,5,1
931,4,2
932,2,1
933,3,2
934,4,2
935,4,3
936,5,3
937,3,2
938,6,3
939,6,4
94,5,4
940,4,0
941,4,2
942,7,5
943,3,3
944,5,2
945,4,3
946,3,3
947,4,3
948,3,2
949,3,2
95,5,2
950,4,2
951,3,2
952,4,3
953,4,3
954,4,3
955,5,3
956,4,3
957,5,3
958,6,4
959,5,3
96,3,1
960,5,4
961,4,1
962,4,2
963,3,2
964,3,3
965,4,3
966,4,2
967,4,1
968,2,2
969,4,2
97,4,3
970,5,3
971,5,3
972,4,2
973,5,2
974,5,2
975,4,2
976,4,1
977,7,6
978,4,3
979,5,3
98,5,3
980,5,4
981,5,4
982,5,3
983,4,1
984,5,3
985,5,2
986,7,5
987,5,3
988,5,1
989,4,2
99,7,4
990,3,2
991,7,5
992,4,4
993,6,3
994,5,3
995,5,3
996,4,2
997,6,3
998,8,5
999,6,2
